-- --------------------------------------------------------
-- Host:                         127.0.0.1
-- Versión del servidor:         10.1.34-MariaDB - mariadb.org binary distribution
-- SO del servidor:              Win32
-- HeidiSQL Versión:             9.5.0.5196
-- --------------------------------------------------------

/*!40101 SET @OLD_CHARACTER_SET_CLIENT=@@CHARACTER_SET_CLIENT */;
/*!40101 SET NAMES utf8 */;
/*!50503 SET NAMES utf8mb4 */;
/*!40014 SET @OLD_FOREIGN_KEY_CHECKS=@@FOREIGN_KEY_CHECKS, FOREIGN_KEY_CHECKS=0 */;
/*!40101 SET @OLD_SQL_MODE=@@SQL_MODE, SQL_MODE='NO_AUTO_VALUE_ON_ZERO' */;

-- Volcando estructura para tabla smartsaleapi.categories
CREATE TABLE IF NOT EXISTS `categories` (
  `id_category` int(10) unsigned NOT NULL AUTO_INCREMENT,
  `name` varchar(50) NOT NULL,
  `description` varchar(150) DEFAULT NULL,
  `created_at` timestamp NULL DEFAULT NULL,
  `updated_at` timestamp NULL DEFAULT NULL,
  PRIMARY KEY (`id_category`)
) ENGINE=InnoDB AUTO_INCREMENT=11 DEFAULT CHARSET=utf8;

-- Volcando datos para la tabla smartsaleapi.categories: ~10 rows (aproximadamente)
/*!40000 ALTER TABLE `categories` DISABLE KEYS */;
INSERT INTO `categories` (`id_category`, `name`, `description`, `created_at`, `updated_at`) VALUES
	(1, 'vel', 'Error eum qui suscipit voluptatibus aliquam et deserunt odit voluptate quod tenetur reiciendis.', '2018-10-28 07:13:07', '2018-10-28 07:13:07'),
	(2, 'cumque', 'Tempore enim a quia laudantium qui sunt accusamus non aliquam illum magni ad.', '2018-10-28 07:13:07', '2018-10-28 07:13:07'),
	(3, 'asperiores', 'Ut ea esse quis ut doloribus eum id beatae et.', '2018-10-28 07:13:07', '2018-10-28 07:13:07'),
	(4, 'rerum', 'Neque expedita sed sunt omnis neque expedita quibusdam.', '2018-10-28 07:13:07', '2018-10-28 07:13:07'),
	(5, 'et', 'Voluptatem aliquam ut vitae aut esse atque exercitationem accusantium ut ea dolores.', '2018-10-28 07:13:07', '2018-10-28 07:13:07'),
	(6, 'et', 'Aliquam ullam maiores adipisci dolor error cumque dignissimos cum vel molestiae excepturi harum minima.', '2018-10-28 07:13:07', '2018-10-28 07:13:07'),
	(7, 'similique', 'Deleniti dolores sed accusamus magni nihil dolorem et modi impedit repellat nihil.', '2018-10-28 07:13:07', '2018-10-28 07:13:07'),
	(8, 'velit', 'Aspernatur voluptate odio quaerat asperiores mollitia adipisci ab nobis unde veritatis.', '2018-10-28 07:13:07', '2018-10-28 07:13:07'),
	(9, 'totam', 'Voluptas aut sit voluptatibus eligendi expedita et iste et qui doloribus nulla doloremque.', '2018-10-28 07:13:07', '2018-10-28 07:13:07'),
	(10, 'quia', 'Rem natus non fugiat aliquid repellendus cumque quasi.', '2018-10-28 07:13:07', '2018-10-28 07:13:07');
/*!40000 ALTER TABLE `categories` ENABLE KEYS */;

-- Volcando estructura para tabla smartsaleapi.products
CREATE TABLE IF NOT EXISTS `products` (
  `id_product` int(10) unsigned NOT NULL AUTO_INCREMENT,
  `name` varchar(50) NOT NULL,
  `price` decimal(16,2) NOT NULL,
  `image` varchar(100) DEFAULT NULL,
  `category_id` int(10) unsigned DEFAULT NULL,
  `created_at` timestamp NULL DEFAULT NULL,
  `updated_at` timestamp NULL DEFAULT NULL,
  PRIMARY KEY (`id_product`),
  KEY `products_category_id_foreign` (`category_id`),
  CONSTRAINT `products_category_id_foreign` FOREIGN KEY (`category_id`) REFERENCES `categories` (`id_category`)
) ENGINE=InnoDB AUTO_INCREMENT=101 DEFAULT CHARSET=utf8;

-- Volcando datos para la tabla smartsaleapi.products: ~100 rows (aproximadamente)
/*!40000 ALTER TABLE `products` DISABLE KEYS */;
INSERT INTO `products` (`id_product`, `name`, `price`, `image`, `category_id`, `created_at`, `updated_at`) VALUES
	(1, 'sint', 287.64, 'https://lorempixel.com/100/100/?16014', 5, '2018-10-28 07:13:07', '2018-10-28 07:13:07'),
	(2, 'exercitationem', 140.34, 'https://lorempixel.com/100/100/?78078', 8, '2018-10-28 07:13:07', '2018-10-28 07:13:07'),
	(3, 'sapiente', 483.51, 'https://lorempixel.com/100/100/?87106', 2, '2018-10-28 07:13:07', '2018-10-28 07:13:07'),
	(4, 'voluptas', 295.12, 'https://lorempixel.com/100/100/?95406', 6, '2018-10-28 07:13:07', '2018-10-28 07:13:07'),
	(5, 'eos', 236.59, 'https://lorempixel.com/100/100/?74197', 6, '2018-10-28 07:13:07', '2018-10-28 07:13:07'),
	(6, 'quis', 476.64, 'https://lorempixel.com/100/100/?75217', 8, '2018-10-28 07:13:07', '2018-10-28 07:13:07'),
	(7, 'maxime', 499.23, 'https://lorempixel.com/100/100/?17933', 10, '2018-10-28 07:13:07', '2018-10-28 07:13:07'),
	(8, 'dolor', 463.97, 'https://lorempixel.com/100/100/?44861', 5, '2018-10-28 07:13:07', '2018-10-28 07:13:07'),
	(9, 'saepe', 60.79, 'https://lorempixel.com/100/100/?95972', 2, '2018-10-28 07:13:07', '2018-10-28 07:13:07'),
	(10, 'consectetur', 437.44, 'https://lorempixel.com/100/100/?92337', 2, '2018-10-28 07:13:07', '2018-10-28 07:13:07'),
	(11, 'laboriosam', 334.18, 'https://lorempixel.com/100/100/?75183', 9, '2018-10-28 07:13:07', '2018-10-28 07:13:07'),
	(12, 'soluta', 112.50, 'https://lorempixel.com/100/100/?74937', 1, '2018-10-28 07:13:07', '2018-10-28 07:13:07'),
	(13, 'maiores', 77.17, 'https://lorempixel.com/100/100/?56660', 2, '2018-10-28 07:13:07', '2018-10-28 07:13:07'),
	(14, 'consequatur', 40.13, 'https://lorempixel.com/100/100/?93956', 7, '2018-10-28 07:13:07', '2018-10-28 07:13:07'),
	(15, 'odio', 246.69, 'https://lorempixel.com/100/100/?65306', 8, '2018-10-28 07:13:07', '2018-10-28 07:13:07'),
	(16, 'ab', 321.28, 'https://lorempixel.com/100/100/?77917', 9, '2018-10-28 07:13:07', '2018-10-28 07:13:07'),
	(17, 'quidem', 345.09, 'https://lorempixel.com/100/100/?66584', 7, '2018-10-28 07:13:07', '2018-10-28 07:13:07'),
	(18, 'ducimus', 25.54, 'https://lorempixel.com/100/100/?57256', 7, '2018-10-28 07:13:07', '2018-10-28 07:13:07'),
	(19, 'debitis', 364.91, 'https://lorempixel.com/100/100/?50498', 8, '2018-10-28 07:13:07', '2018-10-28 07:13:07'),
	(20, 'laboriosam', 455.14, 'https://lorempixel.com/100/100/?20973', 1, '2018-10-28 07:13:07', '2018-10-28 07:13:07'),
	(21, 'non', 283.94, 'https://lorempixel.com/100/100/?39140', 6, '2018-10-28 07:13:07', '2018-10-28 07:13:07'),
	(22, 'natus', 366.76, 'https://lorempixel.com/100/100/?82576', 8, '2018-10-28 07:13:07', '2018-10-28 07:13:07'),
	(23, 'officia', 267.34, 'https://lorempixel.com/100/100/?73560', 10, '2018-10-28 07:13:07', '2018-10-28 07:13:07'),
	(24, 'tempora', 159.23, 'https://lorempixel.com/100/100/?82431', 6, '2018-10-28 07:13:07', '2018-10-28 07:13:07'),
	(25, 'ipsa', 405.07, 'https://lorempixel.com/100/100/?85716', 3, '2018-10-28 07:13:07', '2018-10-28 07:13:07'),
	(26, 'est', 478.66, 'https://lorempixel.com/100/100/?89509', 7, '2018-10-28 07:13:07', '2018-10-28 07:13:07'),
	(27, 'voluptate', 46.75, 'https://lorempixel.com/100/100/?14854', 2, '2018-10-28 07:13:07', '2018-10-28 07:13:07'),
	(28, 'et', 125.74, 'https://lorempixel.com/100/100/?12943', 9, '2018-10-28 07:13:07', '2018-10-28 07:13:07'),
	(29, 'ab', 291.15, 'https://lorempixel.com/100/100/?80247', 1, '2018-10-28 07:13:07', '2018-10-28 07:13:07'),
	(30, 'et', 329.30, 'https://lorempixel.com/100/100/?34080', 1, '2018-10-28 07:13:07', '2018-10-28 07:13:07'),
	(31, 'est', 321.84, 'https://lorempixel.com/100/100/?17796', 9, '2018-10-28 07:13:07', '2018-10-28 07:13:07'),
	(32, 'eveniet', 251.91, 'https://lorempixel.com/100/100/?50497', 3, '2018-10-28 07:13:07', '2018-10-28 07:13:07'),
	(33, 'adipisci', 419.32, 'https://lorempixel.com/100/100/?86457', 6, '2018-10-28 07:13:07', '2018-10-28 07:13:07'),
	(34, 'et', 375.97, 'https://lorempixel.com/100/100/?89679', 5, '2018-10-28 07:13:07', '2018-10-28 07:13:07'),
	(35, 'et', 55.69, 'https://lorempixel.com/100/100/?18169', 6, '2018-10-28 07:13:07', '2018-10-28 07:13:07'),
	(36, 'sed', 483.36, 'https://lorempixel.com/100/100/?63906', 7, '2018-10-28 07:13:07', '2018-10-28 07:13:07'),
	(37, 'possimus', 372.20, 'https://lorempixel.com/100/100/?42181', 3, '2018-10-28 07:13:07', '2018-10-28 07:13:07'),
	(38, 'aut', 221.94, 'https://lorempixel.com/100/100/?88692', 9, '2018-10-28 07:13:07', '2018-10-28 07:13:07'),
	(39, 'a', 293.33, 'https://lorempixel.com/100/100/?36381', 1, '2018-10-28 07:13:07', '2018-10-28 07:13:07'),
	(40, 'voluptatem', 319.43, 'https://lorempixel.com/100/100/?95460', 5, '2018-10-28 07:13:07', '2018-10-28 07:13:07'),
	(41, 'minima', 312.88, 'https://lorempixel.com/100/100/?71511', 10, '2018-10-28 07:13:07', '2018-10-28 07:13:07'),
	(42, 'dolore', 227.48, 'https://lorempixel.com/100/100/?68654', 6, '2018-10-28 07:13:07', '2018-10-28 07:13:07'),
	(43, 'eum', 401.24, 'https://lorempixel.com/100/100/?68619', 2, '2018-10-28 07:13:07', '2018-10-28 07:13:07'),
	(44, 'quibusdam', 214.72, 'https://lorempixel.com/100/100/?15161', 5, '2018-10-28 07:13:07', '2018-10-28 07:13:07'),
	(45, 'at', 389.45, 'https://lorempixel.com/100/100/?34474', 8, '2018-10-28 07:13:07', '2018-10-28 07:13:07'),
	(46, 'beatae', 374.82, 'https://lorempixel.com/100/100/?10677', 7, '2018-10-28 07:13:07', '2018-10-28 07:13:07'),
	(47, 'occaecati', 404.46, 'https://lorempixel.com/100/100/?26226', 9, '2018-10-28 07:13:07', '2018-10-28 07:13:07'),
	(48, 'sunt', 29.74, 'https://lorempixel.com/100/100/?22840', 9, '2018-10-28 07:13:07', '2018-10-28 07:13:07'),
	(49, 'est', 376.87, 'https://lorempixel.com/100/100/?52340', 4, '2018-10-28 07:13:07', '2018-10-28 07:13:07'),
	(50, 'nihil', 56.18, 'https://lorempixel.com/100/100/?68534', 4, '2018-10-28 07:13:07', '2018-10-28 07:13:07'),
	(51, 'qui', 76.65, 'https://lorempixel.com/100/100/?46414', 7, '2018-10-28 07:13:07', '2018-10-28 07:13:07'),
	(52, 'voluptatem', 110.30, 'https://lorempixel.com/100/100/?99355', 2, '2018-10-28 07:13:07', '2018-10-28 07:13:07'),
	(53, 'nisi', 189.08, 'https://lorempixel.com/100/100/?44596', 10, '2018-10-28 07:13:07', '2018-10-28 07:13:07'),
	(54, 'voluptatem', 41.80, 'https://lorempixel.com/100/100/?81974', 9, '2018-10-28 07:13:07', '2018-10-28 07:13:07'),
	(55, 'exercitationem', 443.47, 'https://lorempixel.com/100/100/?82557', 7, '2018-10-28 07:13:07', '2018-10-28 07:13:07'),
	(56, 'accusamus', 322.62, 'https://lorempixel.com/100/100/?43663', 5, '2018-10-28 07:13:07', '2018-10-28 07:13:07'),
	(57, 'ea', 396.10, 'https://lorempixel.com/100/100/?89757', 9, '2018-10-28 07:13:07', '2018-10-28 07:13:07'),
	(58, 'eos', 107.03, 'https://lorempixel.com/100/100/?58269', 5, '2018-10-28 07:13:07', '2018-10-28 07:13:07'),
	(59, 'et', 84.53, 'https://lorempixel.com/100/100/?55694', 1, '2018-10-28 07:13:07', '2018-10-28 07:13:07'),
	(60, 'sit', 361.72, 'https://lorempixel.com/100/100/?27510', 1, '2018-10-28 07:13:07', '2018-10-28 07:13:07'),
	(61, 'consequatur', 255.87, 'https://lorempixel.com/100/100/?14848', 10, '2018-10-28 07:13:07', '2018-10-28 07:13:07'),
	(62, 'facere', 265.36, 'https://lorempixel.com/100/100/?60083', 2, '2018-10-28 07:13:07', '2018-10-28 07:13:07'),
	(63, 'corrupti', 88.41, 'https://lorempixel.com/100/100/?14837', 7, '2018-10-28 07:13:07', '2018-10-28 07:13:07'),
	(64, 'aut', 27.04, 'https://lorempixel.com/100/100/?20470', 8, '2018-10-28 07:13:07', '2018-10-28 07:13:07'),
	(65, 'omnis', 41.12, 'https://lorempixel.com/100/100/?41411', 8, '2018-10-28 07:13:07', '2018-10-28 07:13:07'),
	(66, 'distinctio', 27.84, 'https://lorempixel.com/100/100/?44732', 1, '2018-10-28 07:13:07', '2018-10-28 07:13:07'),
	(67, 'qui', 396.40, 'https://lorempixel.com/100/100/?44120', 6, '2018-10-28 07:13:07', '2018-10-28 07:13:07'),
	(68, 'voluptas', 490.64, 'https://lorempixel.com/100/100/?53468', 7, '2018-10-28 07:13:07', '2018-10-28 07:13:07'),
	(69, 'non', 114.21, 'https://lorempixel.com/100/100/?49103', 2, '2018-10-28 07:13:07', '2018-10-28 07:13:07'),
	(70, 'ratione', 31.49, 'https://lorempixel.com/100/100/?21003', 2, '2018-10-28 07:13:07', '2018-10-28 07:13:07'),
	(71, 'exercitationem', 427.42, 'https://lorempixel.com/100/100/?88978', 7, '2018-10-28 07:13:07', '2018-10-28 07:13:07'),
	(72, 'doloribus', 391.23, 'https://lorempixel.com/100/100/?37588', 7, '2018-10-28 07:13:07', '2018-10-28 07:13:07'),
	(73, 'nam', 131.58, 'https://lorempixel.com/100/100/?27354', 5, '2018-10-28 07:13:07', '2018-10-28 07:13:07'),
	(74, 'aut', 253.80, 'https://lorempixel.com/100/100/?61442', 7, '2018-10-28 07:13:07', '2018-10-28 07:13:07'),
	(75, 'quis', 401.55, 'https://lorempixel.com/100/100/?68385', 1, '2018-10-28 07:13:07', '2018-10-28 07:13:07'),
	(76, 'consequatur', 245.98, 'https://lorempixel.com/100/100/?87839', 3, '2018-10-28 07:13:07', '2018-10-28 07:13:07'),
	(77, 'vitae', 124.10, 'https://lorempixel.com/100/100/?21443', 9, '2018-10-28 07:13:07', '2018-10-28 07:13:07'),
	(78, 'et', 496.13, 'https://lorempixel.com/100/100/?97705', 1, '2018-10-28 07:13:07', '2018-10-28 07:13:07'),
	(79, 'asperiores', 73.85, 'https://lorempixel.com/100/100/?85381', 6, '2018-10-28 07:13:07', '2018-10-28 07:13:07'),
	(80, 'vitae', 306.14, 'https://lorempixel.com/100/100/?97905', 5, '2018-10-28 07:13:07', '2018-10-28 07:13:07'),
	(81, 'est', 267.76, 'https://lorempixel.com/100/100/?13441', 8, '2018-10-28 07:13:07', '2018-10-28 07:13:07'),
	(82, 'esse', 226.07, 'https://lorempixel.com/100/100/?29979', 4, '2018-10-28 07:13:07', '2018-10-28 07:13:07'),
	(83, 'dolorum', 378.79, 'https://lorempixel.com/100/100/?17543', 8, '2018-10-28 07:13:07', '2018-10-28 07:13:07'),
	(84, 'exercitationem', 425.57, 'https://lorempixel.com/100/100/?90366', 5, '2018-10-28 07:13:07', '2018-10-28 07:13:07'),
	(85, 'sint', 254.95, 'https://lorempixel.com/100/100/?41917', 10, '2018-10-28 07:13:07', '2018-10-28 07:13:07'),
	(86, 'consectetur', 94.23, 'https://lorempixel.com/100/100/?62921', 7, '2018-10-28 07:13:07', '2018-10-28 07:13:07'),
	(87, 'et', 303.08, 'https://lorempixel.com/100/100/?98698', 7, '2018-10-28 07:13:07', '2018-10-28 07:13:07'),
	(88, 'ut', 229.72, 'https://lorempixel.com/100/100/?23229', 9, '2018-10-28 07:13:07', '2018-10-28 07:13:07'),
	(89, 'beatae', 138.92, 'https://lorempixel.com/100/100/?65510', 5, '2018-10-28 07:13:07', '2018-10-28 07:13:07'),
	(90, 'sunt', 162.44, 'https://lorempixel.com/100/100/?39390', 4, '2018-10-28 07:13:07', '2018-10-28 07:13:07'),
	(91, 'molestiae', 469.82, 'https://lorempixel.com/100/100/?76943', 10, '2018-10-28 07:13:07', '2018-10-28 07:13:07'),
	(92, 'sit', 200.23, 'https://lorempixel.com/100/100/?67430', 6, '2018-10-28 07:13:07', '2018-10-28 07:13:07'),
	(93, 'quae', 216.30, 'https://lorempixel.com/100/100/?24653', 4, '2018-10-28 07:13:07', '2018-10-28 07:13:07'),
	(94, 'quae', 76.47, 'https://lorempixel.com/100/100/?33621', 10, '2018-10-28 07:13:07', '2018-10-28 07:13:07'),
	(95, 'optio', 192.71, 'https://lorempixel.com/100/100/?54975', 7, '2018-10-28 07:13:07', '2018-10-28 07:13:07'),
	(96, 'error', 203.69, 'https://lorempixel.com/100/100/?53248', 2, '2018-10-28 07:13:07', '2018-10-28 07:13:07'),
	(97, 'ut', 59.98, 'https://lorempixel.com/100/100/?79523', 5, '2018-10-28 07:13:07', '2018-10-28 07:13:07'),
	(98, 'quidem', 386.75, 'https://lorempixel.com/100/100/?76613', 9, '2018-10-28 07:13:07', '2018-10-28 07:13:07'),
	(99, 'voluptatem', 74.06, 'https://lorempixel.com/100/100/?95383', 6, '2018-10-28 07:13:07', '2018-10-28 07:13:07'),
	(100, 'voluptatum', 85.22, 'https://lorempixel.com/100/100/?99603', 2, '2018-10-28 07:13:07', '2018-10-28 07:13:07');
/*!40000 ALTER TABLE `products` ENABLE KEYS */;

-- Volcando estructura para tabla smartsaleapi.users
CREATE TABLE IF NOT EXISTS `users` (
  `id_user` int(10) unsigned NOT NULL AUTO_INCREMENT,
  `names` varchar(50) NOT NULL,
  `last_names` varchar(50) DEFAULT NULL,
  `email` varchar(80) NOT NULL,
  `password` varchar(255) NOT NULL,
  `telephone` varchar(25) DEFAULT NULL,
  `created_at` timestamp NULL DEFAULT NULL,
  `updated_at` timestamp NULL DEFAULT NULL,
  PRIMARY KEY (`id_user`),
  UNIQUE KEY `users_email_unique` (`email`)
) ENGINE=InnoDB AUTO_INCREMENT=51 DEFAULT CHARSET=utf8;

-- Volcando datos para la tabla smartsaleapi.users: ~50 rows (aproximadamente)
/*!40000 ALTER TABLE `users` DISABLE KEYS */;
INSERT INTO `users` (`id_user`, `names`, `last_names`, `email`, `password`, `telephone`, `created_at`, `updated_at`) VALUES
	(1, 'Logan', 'Crona', 'eden04@example.net', '3;5aX*bK,@1`', '855.504.0600', '2018-10-28 07:13:07', '2018-10-28 07:13:07'),
	(2, 'Myra', 'Zemlak', 'lilian74@example.org', 'ZZLS6Fu5:+V1"I=\'%2/1', '877-626-3748', '2018-10-28 07:13:07', '2018-10-28 07:13:07'),
	(3, 'Sister', 'Trantow', 'felicia.schuster@example.org', '/UQ-/"xUyU.', '844-563-0628', '2018-10-28 07:13:07', '2018-10-28 07:13:07'),
	(4, 'Gunnar', 'Hane', 'daugherty.carli@example.org', '\\atTTp~v,j#zS', '800-379-1670', '2018-10-28 07:13:07', '2018-10-28 07:13:07'),
	(5, 'Dayna', 'Collins', 'ccremin@example.net', 'Fdf%KI~NQSU=', '(866) 933-9887', '2018-10-28 07:13:07', '2018-10-28 07:13:07'),
	(6, 'Kathryne', 'Renner', 'osmitham@example.net', 'L#Vju+@,xYh^8!', '1-844-252-9152', '2018-10-28 07:13:07', '2018-10-28 07:13:07'),
	(7, 'Houston', 'Graham', 'qwatsica@example.org', '<i=lQ>3!Fo;?+1@', '866.552.8135', '2018-10-28 07:13:07', '2018-10-28 07:13:07'),
	(8, 'Eino', 'Vandervort', 'lupe24@example.net', '7!>f~.Uw7w6D\\g', '866.405.0173', '2018-10-28 07:13:07', '2018-10-28 07:13:07'),
	(9, 'Henderson', 'Kessler', 'elbert.hansen@example.net', '5NFVOcXq|r-nOX[]', '(855) 789-2548', '2018-10-28 07:13:07', '2018-10-28 07:13:07'),
	(10, 'Ellsworth', 'Shields', 'eduardo.watsica@example.org', '^C,`0*~;=Nc4)"', '888-546-2316', '2018-10-28 07:13:07', '2018-10-28 07:13:07'),
	(11, 'Lera', 'Ziemann', 'lgreen@example.net', ';.5t]c#qe', '1-844-470-9258', '2018-10-28 07:13:07', '2018-10-28 07:13:07'),
	(12, 'Bert', 'Collier', 'mann.ciara@example.net', '8`o_5o{_L4e}', '844.838.1523', '2018-10-28 07:13:07', '2018-10-28 07:13:07'),
	(13, 'Seth', 'Weissnat', 'johan15@example.org', 'UM{Ya?8(w+WQ$k0{jN', '(800) 696-0278', '2018-10-28 07:13:07', '2018-10-28 07:13:07'),
	(14, 'Ruby', 'O\'Kon', 'gulgowski.alfonzo@example.net', '\';;x4RF?67$\\f\'c~a~Xa', '(800) 329-2170', '2018-10-28 07:13:07', '2018-10-28 07:13:07'),
	(15, 'Angeline', 'Terry', 'marcelino.nienow@example.net', 'rrrvrS', '(800) 555-7895', '2018-10-28 07:13:07', '2018-10-28 07:13:07'),
	(16, 'Mavis', 'Christiansen', 'ewunsch@example.net', 'gWx6y#vBu', '877.791.7747', '2018-10-28 07:13:07', '2018-10-28 07:13:07'),
	(17, 'Cecil', 'Ledner', 'stevie.wuckert@example.com', '4(;2:3:;|}3', '877.574.0877', '2018-10-28 07:13:07', '2018-10-28 07:13:07'),
	(18, 'Alanis', 'Schaefer', 'franecki.durward@example.com', '=Lo~IcvUo{^zf\'fUX/R', '855.460.8949', '2018-10-28 07:13:07', '2018-10-28 07:13:07'),
	(19, 'Janessa', 'Bergnaum', 'satterfield.brendon@example.org', 'UPSZ,D!', '800.542.8725', '2018-10-28 07:13:07', '2018-10-28 07:13:07'),
	(20, 'Briana', 'Bogan', 'johnston.noah@example.com', '\\&}Alv', '855.563.4084', '2018-10-28 07:13:07', '2018-10-28 07:13:07'),
	(21, 'Nola', 'Terry', 'cremin.leatha@example.org', 'MQoa`f6jb)h_X(m', '855-592-3058', '2018-10-28 07:13:07', '2018-10-28 07:13:07'),
	(22, 'Opal', 'Wolff', 'doyle.shanny@example.net', '}Q$]MKuaZ7}H(3', '844.448.1817', '2018-10-28 07:13:07', '2018-10-28 07:13:07'),
	(23, 'Laurie', 'Bernier', 'kelton.deckow@example.net', 'FCpeBE3%1^|60zrT', '(866) 638-3921', '2018-10-28 07:13:07', '2018-10-28 07:13:07'),
	(24, 'Leann', 'Bogisich', 'yblick@example.org', '&/^j)`STG.', '877-966-9189', '2018-10-28 07:13:07', '2018-10-28 07:13:07'),
	(25, 'Sammy', 'Mueller', 'carter.brooks@example.net', '9~3}(49-hQ-m', '1-866-701-8454', '2018-10-28 07:13:07', '2018-10-28 07:13:07'),
	(26, 'Christiana', 'Gutkowski', 'zmayer@example.net', 'bNbQ1_6JahI19k(z', '877.279.7307', '2018-10-28 07:13:07', '2018-10-28 07:13:07'),
	(27, 'Madisen', 'Beatty', 'donna.effertz@example.org', 'vlh&2:boDD', '1-855-391-3360', '2018-10-28 07:13:07', '2018-10-28 07:13:07'),
	(28, 'Osborne', 'Lynch', 'wdietrich@example.com', '5Qcds<5Bfg%', '855-304-2301', '2018-10-28 07:13:07', '2018-10-28 07:13:07'),
	(29, 'Alexandria', 'Nienow', 'emerald19@example.net', 'Q-[ADVY6L!Yb:p#6-', '(877) 754-8805', '2018-10-28 07:13:07', '2018-10-28 07:13:07'),
	(30, 'Santa', 'Ernser', 'gaylord.florence@example.org', ']1W(]JA\'u.16[*j;7LF', '(800) 436-9788', '2018-10-28 07:13:07', '2018-10-28 07:13:07'),
	(31, 'Simeon', 'Emmerich', 'wmcdermott@example.net', 's(EoIG%<[8+/FSDJ=*', '1-800-964-0035', '2018-10-28 07:13:07', '2018-10-28 07:13:07'),
	(32, 'Brando', 'Ratke', 'klindgren@example.net', 'n^)/?aMeeB', '(877) 689-9632', '2018-10-28 07:13:07', '2018-10-28 07:13:07'),
	(33, 'Caitlyn', 'Kling', 'harber.tess@example.net', ',4V6Cr{n|`C', '866.515.6146', '2018-10-28 07:13:07', '2018-10-28 07:13:07'),
	(34, 'Owen', 'Keeling', 'wiegand.estell@example.net', '}M9&M;7Qt8eL7FQi?p', '(855) 866-8279', '2018-10-28 07:13:07', '2018-10-28 07:13:07'),
	(35, 'Angelica', 'Jenkins', 'elbert.crona@example.org', ')V78#o*m|&pcD`0C8(U', '1-855-380-6879', '2018-10-28 07:13:07', '2018-10-28 07:13:07'),
	(36, 'Chelsie', 'Kertzmann', 'dkreiger@example.net', '*]K*EQ', '(877) 582-5429', '2018-10-28 07:13:07', '2018-10-28 07:13:07'),
	(37, 'Sabina', 'Stanton', 'jasen.denesik@example.net', 'P^0eWDaXMG*8s', '888-998-1086', '2018-10-28 07:13:07', '2018-10-28 07:13:07'),
	(38, 'Theresia', 'Schoen', 'greenfelder.rhoda@example.com', 'dYf}OQ1==YOv:uI?oO[', '(800) 400-1589', '2018-10-28 07:13:07', '2018-10-28 07:13:07'),
	(39, 'Yessenia', 'Lebsack', 'rosamond.torp@example.com', 'B\\91/x&;A"Zyqm20SF', '888-519-1365', '2018-10-28 07:13:07', '2018-10-28 07:13:07'),
	(40, 'Katheryn', 'Durgan', 'lharber@example.org', 'yPM,8EFl-O', '(844) 412-5344', '2018-10-28 07:13:07', '2018-10-28 07:13:07'),
	(41, 'Myah', 'Wunsch', 'kanderson@example.org', 'XtQ;[W<,zhGgYEFj>', '1-844-697-7290', '2018-10-28 07:13:07', '2018-10-28 07:13:07'),
	(42, 'Ricky', 'Nienow', 'wolf.bertram@example.com', 'agYEU%([^c]', '877-837-6144', '2018-10-28 07:13:07', '2018-10-28 07:13:07'),
	(43, 'Katlynn', 'Quigley', 'annamae.kertzmann@example.net', '+br{3?*=:PJiH', '1-866-509-5018', '2018-10-28 07:13:07', '2018-10-28 07:13:07'),
	(44, 'Lucas', 'Lehner', 'mackenzie03@example.net', '*Nn$&3;MCjan4qY2d:v', '1-855-508-1208', '2018-10-28 07:13:07', '2018-10-28 07:13:07'),
	(45, 'Daphnee', 'Swaniawski', 'tyra.walsh@example.net', 'uDMvMdm0z\\.4\\7Xc', '1-855-740-8946', '2018-10-28 07:13:07', '2018-10-28 07:13:07'),
	(46, 'Nikki', 'Mosciski', 'uadams@example.com', '$S30iE`^HLmFwaz4AwOm', '1-866-873-2917', '2018-10-28 07:13:07', '2018-10-28 07:13:07'),
	(47, 'Foster', 'Sipes', 'cordell.goodwin@example.net', 'JF(Lx7Zo$wKUFss=,C', '1-855-774-2973', '2018-10-28 07:13:07', '2018-10-28 07:13:07'),
	(48, 'Christelle', 'Torphy', 'tremblay.santino@example.org', 'Ez@6eYw}gpky02', '1-877-467-4228', '2018-10-28 07:13:07', '2018-10-28 07:13:07'),
	(49, 'Lori', 'Sipes', 'jamarcus.batz@example.net', '@vG]3B', '888-348-2073', '2018-10-28 07:13:07', '2018-10-28 07:13:07'),
	(50, 'Carmela', 'Kassulke', 'thirthe@example.com', '!oSM]*IQG\\9*>:xn', '(877) 423-4220', '2018-10-28 07:13:07', '2018-10-28 07:13:07');
/*!40000 ALTER TABLE `users` ENABLE KEYS */;

/*!40101 SET SQL_MODE=IFNULL(@OLD_SQL_MODE, '') */;
/*!40014 SET FOREIGN_KEY_CHECKS=IF(@OLD_FOREIGN_KEY_CHECKS IS NULL, 1, @OLD_FOREIGN_KEY_CHECKS) */;
/*!40101 SET CHARACTER_SET_CLIENT=@OLD_CHARACTER_SET_CLIENT */;

-- Volcando estructura para tabla smartsaleapi.sales
CREATE TABLE IF NOT EXISTS `sales` (
  `id_sale` int(10) unsigned NOT NULL AUTO_INCREMENT,
  `date_sale` date NOT NULL,
  `total_units_sales` int(11) NOT NULL,
  `type_sale` tinyint(4) NOT NULL,
  `user_id` int(10) unsigned NOT NULL,
  `category_id` int(10) unsigned DEFAULT NULL,
  `created_at` timestamp NULL DEFAULT NULL,
  `updated_at` timestamp NULL DEFAULT NULL,
  PRIMARY KEY (`id_sale`),
  KEY `sales_user_id_foreign` (`user_id`),
  KEY `sales_category_id_foreign` (`category_id`),
  CONSTRAINT `sales_category_id_foreign` FOREIGN KEY (`category_id`) REFERENCES `categories` (`id_category`),
  CONSTRAINT `sales_user_id_foreign` FOREIGN KEY (`user_id`) REFERENCES `users` (`id_user`)
) ENGINE=InnoDB AUTO_INCREMENT=501 DEFAULT CHARSET=utf8;

-- Volcando datos para la tabla smartsaleapi.sales: ~500 rows (aproximadamente)
/*!40000 ALTER TABLE `sales` DISABLE KEYS */;
INSERT INTO `sales` (`id_sale`, `date_sale`, `total_units_sales`, `type_sale`, `user_id`, `category_id`, `created_at`, `updated_at`) VALUES
	(1, '2008-07-16', 35, 3, 49, 7, '2018-10-28 07:13:07', '2018-10-28 07:13:07'),
	(2, '1994-03-05', 188, 2, 14, 6, '2018-10-28 07:13:07', '2018-10-28 07:13:07'),
	(3, '1993-06-06', 491, 3, 11, 3, '2018-10-28 07:13:07', '2018-10-28 07:13:07'),
	(4, '1976-01-29', 74, 3, 43, 6, '2018-10-28 07:13:07', '2018-10-28 07:13:07'),
	(5, '2017-06-16', 244, 3, 5, 3, '2018-10-28 07:13:07', '2018-10-28 07:13:07'),
	(6, '1991-02-13', 182, 2, 30, 7, '2018-10-28 07:13:07', '2018-10-28 07:13:07'),
	(7, '1988-12-13', 342, 3, 18, 9, '2018-10-28 07:13:07', '2018-10-28 07:13:07'),
	(8, '1987-12-05', 156, 1, 17, 3, '2018-10-28 07:13:07', '2018-10-28 07:13:07'),
	(9, '1971-11-11', 159, 2, 27, 8, '2018-10-28 07:13:07', '2018-10-28 07:13:07'),
	(10, '1979-12-29', 258, 1, 44, 3, '2018-10-28 07:13:07', '2018-10-28 07:13:07'),
	(11, '1975-03-11', 134, 1, 7, 3, '2018-10-28 07:13:07', '2018-10-28 07:13:07'),
	(12, '2016-05-12', 338, 1, 50, 2, '2018-10-28 07:13:07', '2018-10-28 07:13:07'),
	(13, '2009-04-15', 187, 1, 12, 7, '2018-10-28 07:13:07', '2018-10-28 07:13:07'),
	(14, '2016-12-31', 266, 3, 12, 10, '2018-10-28 07:13:07', '2018-10-28 07:13:07'),
	(15, '1973-09-04', 251, 3, 36, 4, '2018-10-28 07:13:07', '2018-10-28 07:13:07'),
	(16, '1985-07-13', 18, 2, 39, 1, '2018-10-28 07:13:07', '2018-10-28 07:13:07'),
	(17, '1978-07-12', 216, 2, 2, 3, '2018-10-28 07:13:07', '2018-10-28 07:13:07'),
	(18, '1994-07-01', 195, 2, 41, 9, '2018-10-28 07:13:07', '2018-10-28 07:13:07'),
	(19, '1989-11-08', 318, 1, 22, 6, '2018-10-28 07:13:07', '2018-10-28 07:13:07'),
	(20, '1994-08-21', 202, 2, 29, 4, '2018-10-28 07:13:07', '2018-10-28 07:13:07'),
	(21, '1999-01-11', 255, 1, 23, 8, '2018-10-28 07:13:07', '2018-10-28 07:13:07'),
	(22, '2004-10-08', 411, 2, 2, 2, '2018-10-28 07:13:07', '2018-10-28 07:13:07'),
	(23, '2010-09-17', 352, 3, 5, 4, '2018-10-28 07:13:07', '2018-10-28 07:13:07'),
	(24, '1998-02-25', 330, 1, 3, 6, '2018-10-28 07:13:07', '2018-10-28 07:13:07'),
	(25, '1997-08-01', 491, 2, 14, 5, '2018-10-28 07:13:07', '2018-10-28 07:13:07'),
	(26, '1999-07-27', 87, 1, 35, 5, '2018-10-28 07:13:07', '2018-10-28 07:13:07'),
	(27, '1982-01-15', 261, 3, 49, 4, '2018-10-28 07:13:07', '2018-10-28 07:13:07'),
	(28, '1980-05-26', 109, 2, 21, 3, '2018-10-28 07:13:07', '2018-10-28 07:13:07'),
	(29, '2006-04-12', 28, 3, 47, 10, '2018-10-28 07:13:07', '2018-10-28 07:13:07'),
	(30, '1986-12-22', 226, 2, 21, 10, '2018-10-28 07:13:07', '2018-10-28 07:13:07'),
	(31, '1999-04-07', 368, 2, 3, 4, '2018-10-28 07:13:07', '2018-10-28 07:13:07'),
	(32, '1984-02-08', 213, 1, 11, 8, '2018-10-28 07:13:07', '2018-10-28 07:13:07'),
	(33, '2007-07-21', 61, 3, 5, 5, '2018-10-28 07:13:07', '2018-10-28 07:13:07'),
	(34, '1973-08-24', 375, 3, 21, 1, '2018-10-28 07:13:07', '2018-10-28 07:13:07'),
	(35, '2012-02-29', 54, 2, 22, 8, '2018-10-28 07:13:07', '2018-10-28 07:13:07'),
	(36, '1972-04-05', 2, 3, 39, 7, '2018-10-28 07:13:07', '2018-10-28 07:13:07'),
	(37, '1990-11-19', 492, 2, 14, 3, '2018-10-28 07:13:07', '2018-10-28 07:13:07'),
	(38, '1999-03-05', 310, 3, 28, 1, '2018-10-28 07:13:07', '2018-10-28 07:13:07'),
	(39, '1975-11-13', 293, 2, 3, 3, '2018-10-28 07:13:07', '2018-10-28 07:13:07'),
	(40, '1998-04-19', 166, 2, 1, 2, '2018-10-28 07:13:07', '2018-10-28 07:13:07'),
	(41, '1971-01-21', 6, 3, 7, 3, '2018-10-28 07:13:07', '2018-10-28 07:13:07'),
	(42, '1982-03-26', 337, 3, 13, 10, '2018-10-28 07:13:07', '2018-10-28 07:13:07'),
	(43, '1994-04-04', 174, 3, 8, 7, '2018-10-28 07:13:07', '2018-10-28 07:13:07'),
	(44, '1984-05-08', 358, 3, 47, 4, '2018-10-28 07:13:07', '2018-10-28 07:13:07'),
	(45, '1977-02-17', 114, 1, 15, 9, '2018-10-28 07:13:07', '2018-10-28 07:13:07'),
	(46, '2010-11-08', 216, 2, 39, 3, '2018-10-28 07:13:07', '2018-10-28 07:13:07'),
	(47, '2017-11-01', 117, 3, 40, 2, '2018-10-28 07:13:07', '2018-10-28 07:13:07'),
	(48, '1974-03-17', 482, 3, 1, 3, '2018-10-28 07:13:07', '2018-10-28 07:13:07'),
	(49, '1982-08-08', 104, 1, 29, 6, '2018-10-28 07:13:07', '2018-10-28 07:13:07'),
	(50, '1996-04-27', 178, 3, 42, 4, '2018-10-28 07:13:07', '2018-10-28 07:13:07'),
	(51, '1977-10-14', 107, 3, 24, 7, '2018-10-28 07:13:07', '2018-10-28 07:13:07'),
	(52, '2010-02-10', 315, 2, 27, 10, '2018-10-28 07:13:07', '2018-10-28 07:13:07'),
	(53, '1995-10-26', 281, 1, 24, 7, '2018-10-28 07:13:07', '2018-10-28 07:13:07'),
	(54, '2005-06-09', 380, 2, 50, 9, '2018-10-28 07:13:07', '2018-10-28 07:13:07'),
	(55, '1972-07-08', 169, 3, 5, 10, '2018-10-28 07:13:07', '2018-10-28 07:13:07'),
	(56, '1973-07-05', 32, 3, 1, 10, '2018-10-28 07:13:07', '2018-10-28 07:13:07'),
	(57, '2010-05-23', 134, 3, 6, 4, '2018-10-28 07:13:07', '2018-10-28 07:13:07'),
	(58, '1975-07-07', 295, 1, 21, 9, '2018-10-28 07:13:07', '2018-10-28 07:13:07'),
	(59, '1977-01-29', 138, 1, 28, 7, '2018-10-28 07:13:07', '2018-10-28 07:13:07'),
	(60, '1976-07-05', 436, 3, 17, 5, '2018-10-28 07:13:07', '2018-10-28 07:13:07'),
	(61, '1994-12-13', 307, 3, 43, 1, '2018-10-28 07:13:07', '2018-10-28 07:13:07'),
	(62, '1988-12-01', 285, 2, 20, 5, '2018-10-28 07:13:07', '2018-10-28 07:13:07'),
	(63, '2010-09-29', 140, 1, 29, 10, '2018-10-28 07:13:07', '2018-10-28 07:13:07'),
	(64, '1987-02-17', 437, 2, 42, 7, '2018-10-28 07:13:07', '2018-10-28 07:13:07'),
	(65, '2001-03-01', 145, 1, 12, 10, '2018-10-28 07:13:07', '2018-10-28 07:13:07'),
	(66, '1988-05-09', 11, 2, 35, 4, '2018-10-28 07:13:07', '2018-10-28 07:13:07'),
	(67, '1998-07-19', 122, 1, 38, 3, '2018-10-28 07:13:07', '2018-10-28 07:13:07'),
	(68, '1978-08-01', 495, 2, 34, 1, '2018-10-28 07:13:07', '2018-10-28 07:13:07'),
	(69, '1973-11-15', 97, 2, 8, 10, '2018-10-28 07:13:07', '2018-10-28 07:13:07'),
	(70, '2012-10-15', 274, 3, 46, 3, '2018-10-28 07:13:07', '2018-10-28 07:13:07'),
	(71, '1976-09-14', 349, 1, 33, 9, '2018-10-28 07:13:07', '2018-10-28 07:13:07'),
	(72, '2014-05-15', 420, 2, 24, 9, '2018-10-28 07:13:07', '2018-10-28 07:13:07'),
	(73, '1983-08-14', 130, 2, 4, 9, '2018-10-28 07:13:07', '2018-10-28 07:13:07'),
	(74, '1997-12-16', 289, 1, 38, 5, '2018-10-28 07:13:07', '2018-10-28 07:13:07'),
	(75, '1990-01-11', 100, 1, 20, 10, '2018-10-28 07:13:07', '2018-10-28 07:13:07'),
	(76, '1979-03-22', 358, 1, 18, 3, '2018-10-28 07:13:07', '2018-10-28 07:13:07'),
	(77, '1974-09-14', 416, 3, 28, 9, '2018-10-28 07:13:07', '2018-10-28 07:13:07'),
	(78, '1979-04-09', 405, 3, 48, 10, '2018-10-28 07:13:07', '2018-10-28 07:13:07'),
	(79, '2018-08-15', 420, 1, 19, 10, '2018-10-28 07:13:07', '2018-10-28 07:13:07'),
	(80, '2009-09-20', 107, 3, 5, 3, '2018-10-28 07:13:07', '2018-10-28 07:13:07'),
	(81, '1982-12-21', 422, 1, 22, 1, '2018-10-28 07:13:07', '2018-10-28 07:13:07'),
	(82, '1986-12-07', 115, 2, 10, 1, '2018-10-28 07:13:07', '2018-10-28 07:13:07'),
	(83, '1996-09-21', 271, 2, 43, 9, '2018-10-28 07:13:07', '2018-10-28 07:13:07'),
	(84, '2011-04-27', 493, 3, 14, 5, '2018-10-28 07:13:07', '2018-10-28 07:13:07'),
	(85, '1984-11-25', 208, 1, 33, 1, '2018-10-28 07:13:07', '2018-10-28 07:13:07'),
	(86, '1975-12-31', 6, 3, 8, 8, '2018-10-28 07:13:07', '2018-10-28 07:13:07'),
	(87, '2015-12-20', 419, 3, 5, 3, '2018-10-28 07:13:07', '2018-10-28 07:13:07'),
	(88, '2000-03-19', 9, 1, 29, 9, '2018-10-28 07:13:07', '2018-10-28 07:13:07'),
	(89, '1975-06-06', 443, 2, 20, 10, '2018-10-28 07:13:07', '2018-10-28 07:13:07'),
	(90, '2008-06-15', 377, 3, 38, 7, '2018-10-28 07:13:07', '2018-10-28 07:13:07'),
	(91, '2001-12-08', 399, 1, 40, 9, '2018-10-28 07:13:07', '2018-10-28 07:13:07'),
	(92, '1993-02-20', 409, 3, 39, 2, '2018-10-28 07:13:07', '2018-10-28 07:13:07'),
	(93, '1984-02-17', 220, 1, 29, 2, '2018-10-28 07:13:07', '2018-10-28 07:13:07'),
	(94, '1984-02-05', 371, 3, 31, 10, '2018-10-28 07:13:07', '2018-10-28 07:13:07'),
	(95, '1988-12-01', 5, 1, 19, 9, '2018-10-28 07:13:07', '2018-10-28 07:13:07'),
	(96, '2000-07-08', 400, 1, 20, 8, '2018-10-28 07:13:07', '2018-10-28 07:13:07'),
	(97, '1993-01-19', 57, 1, 23, 6, '2018-10-28 07:13:07', '2018-10-28 07:13:07'),
	(98, '1996-02-04', 326, 3, 35, 7, '2018-10-28 07:13:07', '2018-10-28 07:13:07'),
	(99, '2014-08-17', 161, 3, 31, 3, '2018-10-28 07:13:07', '2018-10-28 07:13:07'),
	(100, '1970-01-06', 20, 1, 20, 8, '2018-10-28 07:13:07', '2018-10-28 07:13:07'),
	(101, '1970-10-04', 296, 3, 32, 3, '2018-10-28 07:13:07', '2018-10-28 07:13:07'),
	(102, '1979-02-12', 196, 3, 10, 8, '2018-10-28 07:13:07', '2018-10-28 07:13:07'),
	(103, '1973-02-05', 468, 2, 20, 8, '2018-10-28 07:13:07', '2018-10-28 07:13:07'),
	(104, '2005-07-31', 162, 3, 18, 6, '2018-10-28 07:13:07', '2018-10-28 07:13:07'),
	(105, '2012-02-09', 314, 2, 3, 2, '2018-10-28 07:13:07', '2018-10-28 07:13:07'),
	(106, '2016-04-08', 307, 2, 36, 9, '2018-10-28 07:13:07', '2018-10-28 07:13:07'),
	(107, '1981-07-21', 62, 1, 46, 1, '2018-10-28 07:13:07', '2018-10-28 07:13:07'),
	(108, '1973-07-07', 481, 3, 10, 6, '2018-10-28 07:13:07', '2018-10-28 07:13:07'),
	(109, '1981-01-11', 315, 2, 14, 7, '2018-10-28 07:13:07', '2018-10-28 07:13:07'),
	(110, '1974-06-30', 250, 1, 26, 2, '2018-10-28 07:13:07', '2018-10-28 07:13:07'),
	(111, '1978-06-26', 331, 2, 17, 8, '2018-10-28 07:13:07', '2018-10-28 07:13:07'),
	(112, '1978-11-08', 310, 2, 32, 5, '2018-10-28 07:13:07', '2018-10-28 07:13:07'),
	(113, '1979-09-07', 69, 3, 46, 5, '2018-10-28 07:13:07', '2018-10-28 07:13:07'),
	(114, '1975-11-22', 464, 3, 38, 7, '2018-10-28 07:13:07', '2018-10-28 07:13:07'),
	(115, '1970-01-22', 339, 1, 22, 4, '2018-10-28 07:13:07', '2018-10-28 07:13:07'),
	(116, '1971-09-30', 339, 3, 46, 2, '2018-10-28 07:13:07', '2018-10-28 07:13:07'),
	(117, '2006-06-03', 84, 3, 12, 1, '2018-10-28 07:13:07', '2018-10-28 07:13:07'),
	(118, '1993-11-27', 297, 2, 28, 1, '2018-10-28 07:13:07', '2018-10-28 07:13:07'),
	(119, '1978-09-04', 431, 1, 7, 1, '2018-10-28 07:13:07', '2018-10-28 07:13:07'),
	(120, '1998-04-10', 273, 2, 33, 1, '2018-10-28 07:13:07', '2018-10-28 07:13:07'),
	(121, '1989-06-04', 148, 2, 36, 1, '2018-10-28 07:13:07', '2018-10-28 07:13:07'),
	(122, '2005-02-12', 74, 2, 32, 6, '2018-10-28 07:13:07', '2018-10-28 07:13:07'),
	(123, '1999-06-29', 38, 1, 20, 8, '2018-10-28 07:13:07', '2018-10-28 07:13:07'),
	(124, '1998-02-03', 499, 3, 7, 10, '2018-10-28 07:13:07', '2018-10-28 07:13:07'),
	(125, '2005-08-17', 253, 3, 35, 2, '2018-10-28 07:13:07', '2018-10-28 07:13:07'),
	(126, '1982-02-19', 440, 3, 24, 5, '2018-10-28 07:13:07', '2018-10-28 07:13:07'),
	(127, '1971-09-04', 303, 1, 47, 9, '2018-10-28 07:13:07', '2018-10-28 07:13:07'),
	(128, '1997-01-23', 114, 3, 48, 6, '2018-10-28 07:13:07', '2018-10-28 07:13:07'),
	(129, '1980-01-13', 154, 3, 15, 4, '2018-10-28 07:13:07', '2018-10-28 07:13:07'),
	(130, '2010-08-22', 457, 3, 10, 9, '2018-10-28 07:13:07', '2018-10-28 07:13:07'),
	(131, '1980-03-31', 223, 3, 40, 10, '2018-10-28 07:13:07', '2018-10-28 07:13:07'),
	(132, '1981-10-09', 466, 2, 46, 5, '2018-10-28 07:13:07', '2018-10-28 07:13:07'),
	(133, '1980-03-18', 32, 3, 5, 3, '2018-10-28 07:13:07', '2018-10-28 07:13:07'),
	(134, '1976-06-15', 377, 3, 18, 1, '2018-10-28 07:13:07', '2018-10-28 07:13:07'),
	(135, '1978-11-12', 317, 1, 30, 3, '2018-10-28 07:13:07', '2018-10-28 07:13:07'),
	(136, '1986-11-07', 395, 3, 35, 9, '2018-10-28 07:13:07', '2018-10-28 07:13:07'),
	(137, '1979-03-20', 36, 3, 17, 4, '2018-10-28 07:13:07', '2018-10-28 07:13:07'),
	(138, '1973-01-25', 230, 2, 17, 1, '2018-10-28 07:13:07', '2018-10-28 07:13:07'),
	(139, '1980-07-23', 279, 1, 14, 9, '2018-10-28 07:13:07', '2018-10-28 07:13:07'),
	(140, '2013-12-10', 427, 3, 44, 2, '2018-10-28 07:13:07', '2018-10-28 07:13:07'),
	(141, '1999-12-23', 283, 1, 7, 4, '2018-10-28 07:13:07', '2018-10-28 07:13:07'),
	(142, '1997-05-28', 241, 3, 20, 7, '2018-10-28 07:13:07', '2018-10-28 07:13:07'),
	(143, '1983-03-15', 35, 3, 11, 5, '2018-10-28 07:13:07', '2018-10-28 07:13:07'),
	(144, '1972-05-01', 66, 1, 31, 2, '2018-10-28 07:13:07', '2018-10-28 07:13:07'),
	(145, '1996-04-12', 211, 3, 21, 3, '2018-10-28 07:13:07', '2018-10-28 07:13:07'),
	(146, '1973-12-08', 262, 3, 41, 1, '2018-10-28 07:13:07', '2018-10-28 07:13:07'),
	(147, '1997-11-17', 117, 2, 14, 10, '2018-10-28 07:13:07', '2018-10-28 07:13:07'),
	(148, '1975-03-16', 435, 2, 32, 1, '2018-10-28 07:13:07', '2018-10-28 07:13:07'),
	(149, '1978-03-02', 76, 1, 28, 9, '2018-10-28 07:13:07', '2018-10-28 07:13:07'),
	(150, '2001-11-18', 255, 3, 15, 1, '2018-10-28 07:13:07', '2018-10-28 07:13:07'),
	(151, '1997-05-25', 360, 3, 34, 4, '2018-10-28 07:13:07', '2018-10-28 07:13:07'),
	(152, '2008-06-03', 433, 2, 42, 7, '2018-10-28 07:13:07', '2018-10-28 07:13:07'),
	(153, '2010-01-23', 241, 3, 13, 3, '2018-10-28 07:13:07', '2018-10-28 07:13:07'),
	(154, '1981-01-15', 159, 1, 44, 3, '2018-10-28 07:13:07', '2018-10-28 07:13:07'),
	(155, '2007-11-15', 238, 3, 7, 10, '2018-10-28 07:13:07', '2018-10-28 07:13:07'),
	(156, '2010-08-07', 244, 2, 13, 2, '2018-10-28 07:13:07', '2018-10-28 07:13:07'),
	(157, '2004-02-25', 116, 2, 25, 5, '2018-10-28 07:13:07', '2018-10-28 07:13:07'),
	(158, '1974-09-07', 292, 1, 21, 2, '2018-10-28 07:13:07', '2018-10-28 07:13:07'),
	(159, '1978-09-16', 202, 2, 46, 1, '2018-10-28 07:13:07', '2018-10-28 07:13:07'),
	(160, '1996-11-04', 463, 3, 7, 1, '2018-10-28 07:13:07', '2018-10-28 07:13:07'),
	(161, '2004-10-25', 193, 1, 40, 2, '2018-10-28 07:13:07', '2018-10-28 07:13:07'),
	(162, '1972-04-14', 166, 1, 10, 7, '2018-10-28 07:13:07', '2018-10-28 07:13:07'),
	(163, '2009-02-03', 302, 1, 13, 5, '2018-10-28 07:13:07', '2018-10-28 07:13:07'),
	(164, '2011-07-19', 20, 2, 5, 8, '2018-10-28 07:13:07', '2018-10-28 07:13:07'),
	(165, '1994-01-03', 426, 1, 45, 8, '2018-10-28 07:13:07', '2018-10-28 07:13:07'),
	(166, '2013-01-24', 41, 3, 37, 2, '2018-10-28 07:13:07', '2018-10-28 07:13:07'),
	(167, '1993-08-11', 262, 1, 13, 7, '2018-10-28 07:13:07', '2018-10-28 07:13:07'),
	(168, '1995-11-22', 5, 3, 31, 6, '2018-10-28 07:13:07', '2018-10-28 07:13:07'),
	(169, '1992-04-28', 297, 2, 31, 3, '2018-10-28 07:13:07', '2018-10-28 07:13:07'),
	(170, '2015-01-24', 467, 1, 13, 2, '2018-10-28 07:13:07', '2018-10-28 07:13:07'),
	(171, '2001-10-09', 447, 1, 23, 7, '2018-10-28 07:13:07', '2018-10-28 07:13:07'),
	(172, '2004-03-11', 394, 1, 22, 7, '2018-10-28 07:13:07', '2018-10-28 07:13:07'),
	(173, '1989-09-15', 214, 1, 13, 8, '2018-10-28 07:13:07', '2018-10-28 07:13:07'),
	(174, '1983-06-18', 447, 2, 33, 2, '2018-10-28 07:13:07', '2018-10-28 07:13:07'),
	(175, '2006-03-08', 193, 3, 12, 2, '2018-10-28 07:13:07', '2018-10-28 07:13:07'),
	(176, '2002-04-04', 66, 3, 49, 2, '2018-10-28 07:13:07', '2018-10-28 07:13:07'),
	(177, '1986-01-25', 290, 1, 19, 7, '2018-10-28 07:13:07', '2018-10-28 07:13:07'),
	(178, '1988-10-12', 256, 2, 16, 7, '2018-10-28 07:13:07', '2018-10-28 07:13:07'),
	(179, '2014-04-09', 484, 2, 11, 5, '2018-10-28 07:13:07', '2018-10-28 07:13:07'),
	(180, '2011-06-09', 112, 2, 32, 5, '2018-10-28 07:13:07', '2018-10-28 07:13:07'),
	(181, '1999-08-30', 172, 2, 5, 1, '2018-10-28 07:13:07', '2018-10-28 07:13:07'),
	(182, '1972-01-14', 444, 1, 3, 7, '2018-10-28 07:13:07', '2018-10-28 07:13:07'),
	(183, '2010-11-16', 4, 2, 50, 9, '2018-10-28 07:13:07', '2018-10-28 07:13:07'),
	(184, '1976-01-23', 476, 1, 26, 4, '2018-10-28 07:13:07', '2018-10-28 07:13:07'),
	(185, '1988-06-09', 394, 1, 20, 9, '2018-10-28 07:13:07', '2018-10-28 07:13:07'),
	(186, '1973-09-19', 406, 2, 39, 10, '2018-10-28 07:13:07', '2018-10-28 07:13:07'),
	(187, '1992-06-22', 316, 2, 49, 9, '2018-10-28 07:13:07', '2018-10-28 07:13:07'),
	(188, '2016-07-11', 124, 3, 16, 6, '2018-10-28 07:13:07', '2018-10-28 07:13:07'),
	(189, '1972-12-26', 147, 1, 36, 8, '2018-10-28 07:13:07', '2018-10-28 07:13:07'),
	(190, '1990-05-28', 413, 3, 25, 9, '2018-10-28 07:13:07', '2018-10-28 07:13:07'),
	(191, '1997-06-23', 10, 3, 22, 8, '2018-10-28 07:13:07', '2018-10-28 07:13:07'),
	(192, '1989-06-22', 172, 3, 44, 9, '2018-10-28 07:13:07', '2018-10-28 07:13:07'),
	(193, '2009-11-09', 191, 3, 8, 10, '2018-10-28 07:13:07', '2018-10-28 07:13:07'),
	(194, '1977-12-06', 500, 3, 38, 7, '2018-10-28 07:13:07', '2018-10-28 07:13:07'),
	(195, '1973-01-20', 411, 3, 10, 5, '2018-10-28 07:13:07', '2018-10-28 07:13:07'),
	(196, '1975-07-05', 36, 3, 28, 1, '2018-10-28 07:13:07', '2018-10-28 07:13:07'),
	(197, '2009-05-03', 408, 2, 17, 7, '2018-10-28 07:13:07', '2018-10-28 07:13:07'),
	(198, '1988-03-12', 293, 1, 33, 7, '2018-10-28 07:13:07', '2018-10-28 07:13:07'),
	(199, '2011-06-27', 346, 2, 24, 1, '2018-10-28 07:13:07', '2018-10-28 07:13:07'),
	(200, '1986-09-29', 43, 3, 24, 7, '2018-10-28 07:13:07', '2018-10-28 07:13:07'),
	(201, '1996-06-11', 125, 1, 45, 5, '2018-10-28 07:13:07', '2018-10-28 07:13:07'),
	(202, '1993-05-02', 80, 2, 3, 7, '2018-10-28 07:13:07', '2018-10-28 07:13:07'),
	(203, '2014-06-28', 207, 3, 44, 7, '2018-10-28 07:13:07', '2018-10-28 07:13:07'),
	(204, '1988-10-19', 50, 3, 37, 4, '2018-10-28 07:13:07', '2018-10-28 07:13:07'),
	(205, '2012-02-28', 203, 3, 38, 8, '2018-10-28 07:13:07', '2018-10-28 07:13:07'),
	(206, '1995-05-30', 365, 2, 28, 8, '2018-10-28 07:13:07', '2018-10-28 07:13:07'),
	(207, '1988-03-02', 38, 2, 33, 2, '2018-10-28 07:13:07', '2018-10-28 07:13:07'),
	(208, '1974-07-09', 187, 3, 16, 5, '2018-10-28 07:13:07', '2018-10-28 07:13:07'),
	(209, '2008-06-02', 323, 2, 12, 4, '2018-10-28 07:13:07', '2018-10-28 07:13:07'),
	(210, '2008-07-17', 116, 3, 17, 3, '2018-10-28 07:13:07', '2018-10-28 07:13:07'),
	(211, '1984-01-19', 158, 3, 47, 1, '2018-10-28 07:13:07', '2018-10-28 07:13:07'),
	(212, '1991-07-10', 300, 3, 39, 4, '2018-10-28 07:13:07', '2018-10-28 07:13:07'),
	(213, '1988-06-10', 468, 1, 38, 3, '2018-10-28 07:13:07', '2018-10-28 07:13:07'),
	(214, '2017-11-21', 371, 1, 12, 4, '2018-10-28 07:13:07', '2018-10-28 07:13:07'),
	(215, '2000-05-14', 433, 3, 38, 10, '2018-10-28 07:13:07', '2018-10-28 07:13:07'),
	(216, '2011-02-28', 364, 2, 3, 3, '2018-10-28 07:13:07', '2018-10-28 07:13:07'),
	(217, '1994-07-23', 401, 2, 47, 10, '2018-10-28 07:13:07', '2018-10-28 07:13:07'),
	(218, '1988-03-06', 83, 2, 41, 10, '2018-10-28 07:13:07', '2018-10-28 07:13:07'),
	(219, '2009-11-11', 235, 2, 30, 9, '2018-10-28 07:13:07', '2018-10-28 07:13:07'),
	(220, '2005-05-26', 184, 2, 2, 5, '2018-10-28 07:13:07', '2018-10-28 07:13:07'),
	(221, '1985-03-09', 204, 2, 4, 2, '2018-10-28 07:13:07', '2018-10-28 07:13:07'),
	(222, '2004-10-19', 69, 1, 15, 2, '2018-10-28 07:13:07', '2018-10-28 07:13:07'),
	(223, '2014-03-14', 216, 2, 28, 5, '2018-10-28 07:13:07', '2018-10-28 07:13:07'),
	(224, '1973-11-06', 255, 3, 29, 5, '2018-10-28 07:13:07', '2018-10-28 07:13:07'),
	(225, '1976-09-24', 445, 3, 24, 8, '2018-10-28 07:13:07', '2018-10-28 07:13:07'),
	(226, '1993-09-10', 417, 1, 11, 3, '2018-10-28 07:13:07', '2018-10-28 07:13:07'),
	(227, '2005-11-25', 208, 3, 4, 3, '2018-10-28 07:13:07', '2018-10-28 07:13:07'),
	(228, '1971-08-27', 387, 1, 29, 4, '2018-10-28 07:13:07', '2018-10-28 07:13:07'),
	(229, '2003-04-13', 102, 3, 28, 8, '2018-10-28 07:13:07', '2018-10-28 07:13:07'),
	(230, '2011-09-26', 123, 3, 36, 4, '2018-10-28 07:13:07', '2018-10-28 07:13:07'),
	(231, '1996-03-25', 333, 1, 31, 6, '2018-10-28 07:13:07', '2018-10-28 07:13:07'),
	(232, '2005-08-02', 89, 2, 5, 5, '2018-10-28 07:13:07', '2018-10-28 07:13:07'),
	(233, '2002-05-02', 67, 1, 26, 6, '2018-10-28 07:13:07', '2018-10-28 07:13:07'),
	(234, '1974-11-23', 217, 1, 36, 7, '2018-10-28 07:13:07', '2018-10-28 07:13:07'),
	(235, '1991-05-14', 281, 3, 47, 1, '2018-10-28 07:13:07', '2018-10-28 07:13:07'),
	(236, '2007-01-29', 152, 2, 19, 7, '2018-10-28 07:13:07', '2018-10-28 07:13:07'),
	(237, '1999-12-14', 309, 2, 27, 4, '2018-10-28 07:13:07', '2018-10-28 07:13:07'),
	(238, '1989-03-20', 125, 1, 37, 7, '2018-10-28 07:13:07', '2018-10-28 07:13:07'),
	(239, '1987-12-06', 423, 1, 40, 7, '2018-10-28 07:13:07', '2018-10-28 07:13:07'),
	(240, '2002-10-10', 113, 1, 20, 9, '2018-10-28 07:13:07', '2018-10-28 07:13:07'),
	(241, '1995-11-04', 481, 3, 32, 6, '2018-10-28 07:13:07', '2018-10-28 07:13:07'),
	(242, '1973-06-19', 130, 1, 42, 8, '2018-10-28 07:13:07', '2018-10-28 07:13:07'),
	(243, '2004-11-29', 69, 2, 13, 8, '2018-10-28 07:13:07', '2018-10-28 07:13:07'),
	(244, '1986-01-08', 468, 1, 39, 9, '2018-10-28 07:13:07', '2018-10-28 07:13:07'),
	(245, '2003-10-13', 143, 3, 15, 2, '2018-10-28 07:13:07', '2018-10-28 07:13:07'),
	(246, '2007-06-17', 8, 2, 14, 3, '2018-10-28 07:13:07', '2018-10-28 07:13:07'),
	(247, '2002-06-09', 55, 2, 29, 1, '2018-10-28 07:13:07', '2018-10-28 07:13:07'),
	(248, '2004-05-31', 276, 2, 50, 10, '2018-10-28 07:13:07', '2018-10-28 07:13:07'),
	(249, '1980-04-06', 201, 3, 31, 6, '2018-10-28 07:13:07', '2018-10-28 07:13:07'),
	(250, '1979-06-05', 56, 1, 39, 4, '2018-10-28 07:13:07', '2018-10-28 07:13:07'),
	(251, '1995-04-13', 33, 2, 45, 9, '2018-10-28 07:13:07', '2018-10-28 07:13:07'),
	(252, '1997-08-28', 266, 1, 41, 9, '2018-10-28 07:13:07', '2018-10-28 07:13:07'),
	(253, '1999-10-16', 276, 3, 6, 3, '2018-10-28 07:13:07', '2018-10-28 07:13:07'),
	(254, '2001-05-31', 353, 1, 3, 3, '2018-10-28 07:13:07', '2018-10-28 07:13:07'),
	(255, '2004-02-15', 187, 3, 7, 5, '2018-10-28 07:13:07', '2018-10-28 07:13:07'),
	(256, '2018-04-09', 337, 2, 4, 7, '2018-10-28 07:13:07', '2018-10-28 07:13:07'),
	(257, '1998-03-28', 182, 2, 1, 4, '2018-10-28 07:13:07', '2018-10-28 07:13:07'),
	(258, '1992-06-08', 445, 2, 20, 2, '2018-10-28 07:13:07', '2018-10-28 07:13:07'),
	(259, '2000-02-13', 192, 1, 7, 1, '2018-10-28 07:13:07', '2018-10-28 07:13:07'),
	(260, '1985-11-02', 168, 1, 21, 10, '2018-10-28 07:13:07', '2018-10-28 07:13:07'),
	(261, '1973-01-12', 212, 1, 17, 1, '2018-10-28 07:13:07', '2018-10-28 07:13:07'),
	(262, '2017-08-12', 32, 1, 36, 9, '2018-10-28 07:13:07', '2018-10-28 07:13:07'),
	(263, '1978-09-30', 302, 3, 22, 9, '2018-10-28 07:13:07', '2018-10-28 07:13:07'),
	(264, '1972-07-02', 84, 3, 1, 4, '2018-10-28 07:13:07', '2018-10-28 07:13:07'),
	(265, '2011-06-03', 271, 2, 25, 2, '2018-10-28 07:13:07', '2018-10-28 07:13:07'),
	(266, '2002-04-05', 81, 1, 40, 10, '2018-10-28 07:13:07', '2018-10-28 07:13:07'),
	(267, '2017-12-06', 381, 2, 49, 2, '2018-10-28 07:13:07', '2018-10-28 07:13:07'),
	(268, '1996-05-16', 147, 3, 45, 9, '2018-10-28 07:13:07', '2018-10-28 07:13:07'),
	(269, '2017-08-26', 38, 1, 16, 9, '2018-10-28 07:13:07', '2018-10-28 07:13:07'),
	(270, '1997-08-14', 341, 1, 43, 5, '2018-10-28 07:13:07', '2018-10-28 07:13:07'),
	(271, '2002-11-29', 143, 2, 44, 3, '2018-10-28 07:13:08', '2018-10-28 07:13:08'),
	(272, '1976-09-22', 229, 2, 20, 9, '2018-10-28 07:13:08', '2018-10-28 07:13:08'),
	(273, '1971-09-19', 197, 2, 34, 5, '2018-10-28 07:13:08', '2018-10-28 07:13:08'),
	(274, '2002-12-13', 283, 1, 3, 5, '2018-10-28 07:13:08', '2018-10-28 07:13:08'),
	(275, '1984-01-24', 426, 3, 49, 7, '2018-10-28 07:13:08', '2018-10-28 07:13:08'),
	(276, '1991-06-05', 366, 2, 1, 2, '2018-10-28 07:13:08', '2018-10-28 07:13:08'),
	(277, '1975-08-27', 354, 2, 15, 6, '2018-10-28 07:13:08', '2018-10-28 07:13:08'),
	(278, '1981-09-25', 324, 1, 45, 7, '2018-10-28 07:13:08', '2018-10-28 07:13:08'),
	(279, '1983-03-08', 455, 1, 5, 9, '2018-10-28 07:13:08', '2018-10-28 07:13:08'),
	(280, '1979-08-10', 428, 1, 16, 4, '2018-10-28 07:13:08', '2018-10-28 07:13:08'),
	(281, '1985-06-25', 191, 1, 9, 7, '2018-10-28 07:13:08', '2018-10-28 07:13:08'),
	(282, '2009-08-15', 188, 1, 43, 10, '2018-10-28 07:13:08', '2018-10-28 07:13:08'),
	(283, '2009-04-29', 448, 1, 39, 9, '2018-10-28 07:13:08', '2018-10-28 07:13:08'),
	(284, '2001-06-29', 274, 2, 32, 7, '2018-10-28 07:13:08', '2018-10-28 07:13:08'),
	(285, '1988-03-10', 479, 1, 31, 9, '2018-10-28 07:13:08', '2018-10-28 07:13:08'),
	(286, '2010-01-01', 95, 3, 2, 2, '2018-10-28 07:13:08', '2018-10-28 07:13:08'),
	(287, '1991-11-17', 317, 1, 34, 10, '2018-10-28 07:13:08', '2018-10-28 07:13:08'),
	(288, '2014-06-29', 310, 3, 38, 1, '2018-10-28 07:13:08', '2018-10-28 07:13:08'),
	(289, '1978-11-23', 466, 1, 32, 1, '2018-10-28 07:13:08', '2018-10-28 07:13:08'),
	(290, '2018-03-14', 216, 2, 8, 4, '2018-10-28 07:13:08', '2018-10-28 07:13:08'),
	(291, '1970-05-21', 255, 1, 43, 2, '2018-10-28 07:13:08', '2018-10-28 07:13:08'),
	(292, '1998-01-05', 482, 2, 15, 6, '2018-10-28 07:13:08', '2018-10-28 07:13:08'),
	(293, '2016-02-09', 196, 2, 15, 10, '2018-10-28 07:13:08', '2018-10-28 07:13:08'),
	(294, '1983-07-23', 452, 2, 29, 2, '2018-10-28 07:13:08', '2018-10-28 07:13:08'),
	(295, '2014-03-01', 302, 1, 18, 5, '2018-10-28 07:13:08', '2018-10-28 07:13:08'),
	(296, '1977-10-16', 216, 3, 12, 6, '2018-10-28 07:13:08', '2018-10-28 07:13:08'),
	(297, '1995-12-25', 98, 1, 25, 5, '2018-10-28 07:13:08', '2018-10-28 07:13:08'),
	(298, '1992-12-01', 423, 1, 27, 5, '2018-10-28 07:13:08', '2018-10-28 07:13:08'),
	(299, '1976-09-25', 197, 1, 40, 9, '2018-10-28 07:13:08', '2018-10-28 07:13:08'),
	(300, '1992-03-09', 61, 3, 48, 3, '2018-10-28 07:13:08', '2018-10-28 07:13:08'),
	(301, '2013-11-08', 59, 3, 41, 10, '2018-10-28 07:13:08', '2018-10-28 07:13:08'),
	(302, '1993-12-03', 190, 2, 17, 8, '2018-10-28 07:13:08', '2018-10-28 07:13:08'),
	(303, '1984-10-28', 435, 2, 5, 4, '2018-10-28 07:13:08', '2018-10-28 07:13:08'),
	(304, '1987-04-13', 201, 2, 49, 3, '2018-10-28 07:13:08', '2018-10-28 07:13:08'),
	(305, '2003-10-16', 148, 2, 9, 4, '2018-10-28 07:13:08', '2018-10-28 07:13:08'),
	(306, '2004-02-05', 16, 1, 37, 3, '2018-10-28 07:13:08', '2018-10-28 07:13:08'),
	(307, '1970-04-06', 412, 3, 22, 9, '2018-10-28 07:13:08', '2018-10-28 07:13:08'),
	(308, '1995-01-08', 339, 1, 16, 9, '2018-10-28 07:13:08', '2018-10-28 07:13:08'),
	(309, '1982-02-14', 418, 3, 43, 2, '2018-10-28 07:13:08', '2018-10-28 07:13:08'),
	(310, '2016-11-10', 314, 3, 34, 10, '2018-10-28 07:13:08', '2018-10-28 07:13:08'),
	(311, '1988-03-21', 464, 1, 23, 5, '2018-10-28 07:13:08', '2018-10-28 07:13:08'),
	(312, '1974-05-17', 233, 2, 38, 8, '2018-10-28 07:13:08', '2018-10-28 07:13:08'),
	(313, '2013-12-21', 333, 3, 26, 3, '2018-10-28 07:13:08', '2018-10-28 07:13:08'),
	(314, '1994-10-04', 461, 3, 27, 5, '2018-10-28 07:13:08', '2018-10-28 07:13:08'),
	(315, '2005-06-27', 81, 3, 2, 6, '2018-10-28 07:13:08', '2018-10-28 07:13:08'),
	(316, '1970-11-27', 434, 1, 46, 3, '2018-10-28 07:13:08', '2018-10-28 07:13:08'),
	(317, '1986-07-22', 256, 1, 23, 8, '2018-10-28 07:13:08', '2018-10-28 07:13:08'),
	(318, '2007-11-07', 196, 2, 28, 3, '2018-10-28 07:13:08', '2018-10-28 07:13:08'),
	(319, '1990-03-03', 231, 3, 6, 9, '2018-10-28 07:13:08', '2018-10-28 07:13:08'),
	(320, '1994-06-19', 41, 1, 49, 8, '2018-10-28 07:13:08', '2018-10-28 07:13:08'),
	(321, '1994-09-19', 197, 1, 35, 3, '2018-10-28 07:13:08', '2018-10-28 07:13:08'),
	(322, '2000-02-21', 172, 1, 26, 1, '2018-10-28 07:13:08', '2018-10-28 07:13:08'),
	(323, '1972-02-03', 274, 2, 4, 6, '2018-10-28 07:13:08', '2018-10-28 07:13:08'),
	(324, '1976-01-05', 299, 3, 24, 3, '2018-10-28 07:13:08', '2018-10-28 07:13:08'),
	(325, '1991-12-20', 184, 3, 17, 2, '2018-10-28 07:13:08', '2018-10-28 07:13:08'),
	(326, '1987-09-26', 129, 1, 39, 5, '2018-10-28 07:13:08', '2018-10-28 07:13:08'),
	(327, '1970-06-30', 377, 1, 31, 10, '2018-10-28 07:13:08', '2018-10-28 07:13:08'),
	(328, '2004-03-20', 359, 1, 37, 8, '2018-10-28 07:13:08', '2018-10-28 07:13:08'),
	(329, '1987-06-12', 319, 1, 12, 1, '2018-10-28 07:13:08', '2018-10-28 07:13:08'),
	(330, '2006-03-23', 376, 2, 45, 3, '2018-10-28 07:13:08', '2018-10-28 07:13:08'),
	(331, '1972-12-28', 352, 2, 29, 10, '2018-10-28 07:13:08', '2018-10-28 07:13:08'),
	(332, '1988-03-19', 82, 2, 15, 4, '2018-10-28 07:13:08', '2018-10-28 07:13:08'),
	(333, '2011-10-16', 157, 2, 22, 8, '2018-10-28 07:13:08', '2018-10-28 07:13:08'),
	(334, '1984-12-08', 398, 2, 9, 9, '2018-10-28 07:13:08', '2018-10-28 07:13:08'),
	(335, '1970-08-17', 257, 3, 19, 2, '2018-10-28 07:13:08', '2018-10-28 07:13:08'),
	(336, '1985-07-07', 23, 1, 19, 6, '2018-10-28 07:13:08', '2018-10-28 07:13:08'),
	(337, '2010-06-03', 270, 2, 44, 10, '2018-10-28 07:13:08', '2018-10-28 07:13:08'),
	(338, '1996-04-10', 25, 3, 33, 6, '2018-10-28 07:13:08', '2018-10-28 07:13:08'),
	(339, '1998-07-16', 499, 2, 30, 4, '2018-10-28 07:13:08', '2018-10-28 07:13:08'),
	(340, '2009-01-12', 450, 1, 8, 5, '2018-10-28 07:13:08', '2018-10-28 07:13:08'),
	(341, '2002-06-25', 116, 1, 12, 8, '2018-10-28 07:13:08', '2018-10-28 07:13:08'),
	(342, '1991-05-24', 263, 1, 25, 3, '2018-10-28 07:13:08', '2018-10-28 07:13:08'),
	(343, '2008-01-20', 81, 2, 3, 1, '2018-10-28 07:13:08', '2018-10-28 07:13:08'),
	(344, '2012-09-19', 454, 2, 28, 4, '2018-10-28 07:13:08', '2018-10-28 07:13:08'),
	(345, '1970-09-21', 307, 2, 28, 8, '2018-10-28 07:13:08', '2018-10-28 07:13:08'),
	(346, '1996-01-16', 106, 3, 50, 2, '2018-10-28 07:13:08', '2018-10-28 07:13:08'),
	(347, '2018-07-08', 136, 1, 1, 8, '2018-10-28 07:13:08', '2018-10-28 07:13:08'),
	(348, '1988-10-09', 343, 3, 32, 2, '2018-10-28 07:13:08', '2018-10-28 07:13:08'),
	(349, '1976-03-25', 366, 2, 29, 1, '2018-10-28 07:13:08', '2018-10-28 07:13:08'),
	(350, '1994-11-10', 324, 2, 35, 10, '2018-10-28 07:13:08', '2018-10-28 07:13:08'),
	(351, '1991-08-19', 221, 3, 37, 8, '2018-10-28 07:13:08', '2018-10-28 07:13:08'),
	(352, '2002-12-25', 92, 2, 27, 4, '2018-10-28 07:13:08', '2018-10-28 07:13:08'),
	(353, '2003-03-30', 248, 2, 31, 3, '2018-10-28 07:13:08', '2018-10-28 07:13:08'),
	(354, '1992-09-18', 121, 3, 13, 5, '2018-10-28 07:13:08', '2018-10-28 07:13:08'),
	(355, '2000-04-21', 52, 1, 20, 6, '2018-10-28 07:13:08', '2018-10-28 07:13:08'),
	(356, '1996-06-16', 226, 1, 40, 8, '2018-10-28 07:13:08', '2018-10-28 07:13:08'),
	(357, '1988-09-27', 409, 3, 49, 9, '2018-10-28 07:13:08', '2018-10-28 07:13:08'),
	(358, '1982-11-23', 161, 3, 44, 9, '2018-10-28 07:13:08', '2018-10-28 07:13:08'),
	(359, '2018-07-24', 88, 2, 14, 6, '2018-10-28 07:13:08', '2018-10-28 07:13:08'),
	(360, '2008-04-01', 96, 1, 28, 7, '2018-10-28 07:13:08', '2018-10-28 07:13:08'),
	(361, '1981-10-27', 74, 3, 26, 3, '2018-10-28 07:13:08', '2018-10-28 07:13:08'),
	(362, '1980-07-05', 27, 3, 37, 6, '2018-10-28 07:13:08', '2018-10-28 07:13:08'),
	(363, '1994-02-16', 371, 2, 6, 5, '2018-10-28 07:13:08', '2018-10-28 07:13:08'),
	(364, '1982-01-18', 63, 2, 47, 7, '2018-10-28 07:13:08', '2018-10-28 07:13:08'),
	(365, '1981-07-25', 128, 3, 21, 7, '2018-10-28 07:13:08', '2018-10-28 07:13:08'),
	(366, '2015-03-24', 14, 1, 39, 6, '2018-10-28 07:13:08', '2018-10-28 07:13:08'),
	(367, '1994-09-08', 59, 1, 42, 8, '2018-10-28 07:13:08', '2018-10-28 07:13:08'),
	(368, '1996-03-14', 400, 3, 12, 1, '2018-10-28 07:13:08', '2018-10-28 07:13:08'),
	(369, '1987-08-04', 344, 1, 27, 2, '2018-10-28 07:13:08', '2018-10-28 07:13:08'),
	(370, '1983-11-02', 163, 1, 37, 2, '2018-10-28 07:13:08', '2018-10-28 07:13:08'),
	(371, '2005-06-22', 115, 2, 3, 6, '2018-10-28 07:13:08', '2018-10-28 07:13:08'),
	(372, '2015-09-21', 370, 2, 16, 9, '2018-10-28 07:13:08', '2018-10-28 07:13:08'),
	(373, '2017-04-28', 145, 3, 30, 2, '2018-10-28 07:13:08', '2018-10-28 07:13:08'),
	(374, '2005-03-27', 61, 1, 24, 10, '2018-10-28 07:13:08', '2018-10-28 07:13:08'),
	(375, '2004-05-28', 268, 3, 47, 7, '2018-10-28 07:13:08', '2018-10-28 07:13:08'),
	(376, '2009-08-01', 476, 2, 14, 7, '2018-10-28 07:13:08', '2018-10-28 07:13:08'),
	(377, '1970-01-25', 247, 2, 21, 10, '2018-10-28 07:13:08', '2018-10-28 07:13:08'),
	(378, '2010-06-13', 495, 2, 26, 5, '2018-10-28 07:13:08', '2018-10-28 07:13:08'),
	(379, '1973-11-08', 463, 3, 38, 7, '2018-10-28 07:13:08', '2018-10-28 07:13:08'),
	(380, '2005-01-06', 335, 1, 20, 9, '2018-10-28 07:13:08', '2018-10-28 07:13:08'),
	(381, '2012-06-27', 227, 1, 35, 9, '2018-10-28 07:13:08', '2018-10-28 07:13:08'),
	(382, '1983-10-16', 447, 1, 5, 5, '2018-10-28 07:13:08', '2018-10-28 07:13:08'),
	(383, '2005-12-14', 394, 2, 50, 10, '2018-10-28 07:13:08', '2018-10-28 07:13:08'),
	(384, '1993-07-15', 78, 2, 22, 7, '2018-10-28 07:13:08', '2018-10-28 07:13:08'),
	(385, '1980-04-08', 428, 2, 4, 9, '2018-10-28 07:13:08', '2018-10-28 07:13:08'),
	(386, '1989-06-07', 199, 2, 41, 1, '2018-10-28 07:13:08', '2018-10-28 07:13:08'),
	(387, '2016-12-11', 285, 2, 49, 4, '2018-10-28 07:13:08', '2018-10-28 07:13:08'),
	(388, '1987-09-03', 304, 2, 29, 4, '2018-10-28 07:13:08', '2018-10-28 07:13:08'),
	(389, '1978-10-01', 199, 2, 49, 9, '2018-10-28 07:13:08', '2018-10-28 07:13:08'),
	(390, '1972-11-02', 151, 3, 4, 9, '2018-10-28 07:13:08', '2018-10-28 07:13:08'),
	(391, '1974-08-21', 335, 1, 39, 3, '2018-10-28 07:13:08', '2018-10-28 07:13:08'),
	(392, '1989-02-19', 186, 2, 31, 10, '2018-10-28 07:13:08', '2018-10-28 07:13:08'),
	(393, '1983-11-23', 430, 3, 1, 2, '2018-10-28 07:13:08', '2018-10-28 07:13:08'),
	(394, '1981-06-10', 331, 1, 1, 2, '2018-10-28 07:13:08', '2018-10-28 07:13:08'),
	(395, '2006-06-14', 484, 2, 16, 7, '2018-10-28 07:13:08', '2018-10-28 07:13:08'),
	(396, '1999-03-05', 18, 2, 3, 3, '2018-10-28 07:13:08', '2018-10-28 07:13:08'),
	(397, '1998-01-01', 311, 3, 42, 7, '2018-10-28 07:13:08', '2018-10-28 07:13:08'),
	(398, '1983-01-26', 345, 2, 48, 5, '2018-10-28 07:13:08', '2018-10-28 07:13:08'),
	(399, '1989-07-02', 372, 2, 26, 1, '2018-10-28 07:13:08', '2018-10-28 07:13:08'),
	(400, '1970-07-04', 159, 2, 32, 6, '2018-10-28 07:13:08', '2018-10-28 07:13:08'),
	(401, '1986-04-25', 426, 1, 19, 1, '2018-10-28 07:13:08', '2018-10-28 07:13:08'),
	(402, '1975-04-25', 190, 1, 30, 2, '2018-10-28 07:13:08', '2018-10-28 07:13:08'),
	(403, '1978-09-04', 15, 1, 28, 10, '2018-10-28 07:13:08', '2018-10-28 07:13:08'),
	(404, '2012-12-24', 476, 2, 6, 5, '2018-10-28 07:13:08', '2018-10-28 07:13:08'),
	(405, '2013-01-20', 24, 2, 22, 5, '2018-10-28 07:13:08', '2018-10-28 07:13:08'),
	(406, '1992-03-05', 479, 1, 23, 9, '2018-10-28 07:13:08', '2018-10-28 07:13:08'),
	(407, '1998-06-15', 433, 1, 24, 10, '2018-10-28 07:13:08', '2018-10-28 07:13:08'),
	(408, '2004-01-26', 146, 1, 33, 2, '2018-10-28 07:13:08', '2018-10-28 07:13:08'),
	(409, '1982-07-11', 391, 2, 11, 1, '2018-10-28 07:13:08', '2018-10-28 07:13:08'),
	(410, '2013-08-27', 289, 1, 37, 3, '2018-10-28 07:13:08', '2018-10-28 07:13:08'),
	(411, '1981-11-08', 283, 2, 27, 1, '2018-10-28 07:13:08', '2018-10-28 07:13:08'),
	(412, '1985-08-27', 143, 1, 44, 7, '2018-10-28 07:13:08', '2018-10-28 07:13:08'),
	(413, '1994-05-21', 143, 3, 10, 10, '2018-10-28 07:13:08', '2018-10-28 07:13:08'),
	(414, '1972-05-03', 178, 2, 30, 9, '2018-10-28 07:13:08', '2018-10-28 07:13:08'),
	(415, '1987-08-22', 344, 3, 21, 6, '2018-10-28 07:13:08', '2018-10-28 07:13:08'),
	(416, '2010-05-14', 343, 3, 19, 1, '2018-10-28 07:13:08', '2018-10-28 07:13:08'),
	(417, '1994-01-13', 127, 2, 8, 6, '2018-10-28 07:13:08', '2018-10-28 07:13:08'),
	(418, '2012-04-27', 320, 1, 26, 4, '2018-10-28 07:13:08', '2018-10-28 07:13:08'),
	(419, '1990-12-16', 298, 1, 42, 2, '2018-10-28 07:13:08', '2018-10-28 07:13:08'),
	(420, '1984-10-01', 81, 2, 10, 2, '2018-10-28 07:13:08', '2018-10-28 07:13:08'),
	(421, '1991-09-06', 373, 2, 4, 5, '2018-10-28 07:13:08', '2018-10-28 07:13:08'),
	(422, '1971-03-26', 430, 3, 23, 5, '2018-10-28 07:13:08', '2018-10-28 07:13:08'),
	(423, '2013-11-05', 95, 1, 2, 6, '2018-10-28 07:13:08', '2018-10-28 07:13:08'),
	(424, '2015-12-27', 457, 3, 22, 10, '2018-10-28 07:13:08', '2018-10-28 07:13:08'),
	(425, '2013-06-10', 81, 2, 42, 5, '2018-10-28 07:13:08', '2018-10-28 07:13:08'),
	(426, '1975-01-05', 434, 1, 40, 7, '2018-10-28 07:13:08', '2018-10-28 07:13:08'),
	(427, '1981-11-30', 40, 3, 38, 9, '2018-10-28 07:13:08', '2018-10-28 07:13:08'),
	(428, '1975-04-02', 380, 1, 3, 8, '2018-10-28 07:13:08', '2018-10-28 07:13:08'),
	(429, '2009-03-25', 170, 3, 8, 7, '2018-10-28 07:13:08', '2018-10-28 07:13:08'),
	(430, '1991-07-11', 219, 2, 32, 3, '2018-10-28 07:13:08', '2018-10-28 07:13:08'),
	(431, '2001-04-01', 387, 3, 22, 6, '2018-10-28 07:13:08', '2018-10-28 07:13:08'),
	(432, '2008-09-29', 1, 3, 41, 2, '2018-10-28 07:13:08', '2018-10-28 07:13:08'),
	(433, '1995-11-13', 200, 1, 15, 4, '2018-10-28 07:13:08', '2018-10-28 07:13:08'),
	(434, '2008-03-25', 259, 1, 6, 6, '2018-10-28 07:13:08', '2018-10-28 07:13:08'),
	(435, '1999-09-30', 390, 1, 18, 6, '2018-10-28 07:13:08', '2018-10-28 07:13:08'),
	(436, '1990-03-05', 148, 2, 5, 6, '2018-10-28 07:13:08', '2018-10-28 07:13:08'),
	(437, '1975-05-01', 8, 3, 3, 8, '2018-10-28 07:13:08', '2018-10-28 07:13:08'),
	(438, '1991-01-17', 149, 2, 40, 3, '2018-10-28 07:13:08', '2018-10-28 07:13:08'),
	(439, '2003-03-17', 31, 2, 21, 7, '2018-10-28 07:13:08', '2018-10-28 07:13:08'),
	(440, '1978-07-19', 376, 2, 20, 10, '2018-10-28 07:13:08', '2018-10-28 07:13:08'),
	(441, '2003-07-29', 46, 2, 10, 2, '2018-10-28 07:13:08', '2018-10-28 07:13:08'),
	(442, '1992-07-08', 390, 1, 35, 3, '2018-10-28 07:13:08', '2018-10-28 07:13:08'),
	(443, '1993-03-13', 7, 3, 36, 7, '2018-10-28 07:13:08', '2018-10-28 07:13:08'),
	(444, '1981-12-27', 104, 1, 35, 5, '2018-10-28 07:13:08', '2018-10-28 07:13:08'),
	(445, '1988-08-01', 496, 1, 15, 3, '2018-10-28 07:13:08', '2018-10-28 07:13:08'),
	(446, '1980-07-01', 171, 3, 29, 7, '2018-10-28 07:13:08', '2018-10-28 07:13:08'),
	(447, '1974-05-07', 328, 1, 37, 7, '2018-10-28 07:13:08', '2018-10-28 07:13:08'),
	(448, '2006-05-02', 352, 1, 25, 2, '2018-10-28 07:13:08', '2018-10-28 07:13:08'),
	(449, '2000-03-31', 72, 1, 37, 1, '2018-10-28 07:13:08', '2018-10-28 07:13:08'),
	(450, '1995-01-23', 98, 3, 12, 8, '2018-10-28 07:13:08', '2018-10-28 07:13:08'),
	(451, '1975-05-02', 344, 2, 38, 6, '2018-10-28 07:13:08', '2018-10-28 07:13:08'),
	(452, '2005-10-10', 4, 2, 3, 6, '2018-10-28 07:13:08', '2018-10-28 07:13:08'),
	(453, '1993-08-05', 385, 1, 47, 1, '2018-10-28 07:13:08', '2018-10-28 07:13:08'),
	(454, '1997-01-02', 238, 3, 38, 5, '2018-10-28 07:13:08', '2018-10-28 07:13:08'),
	(455, '1997-05-19', 282, 1, 31, 7, '2018-10-28 07:13:08', '2018-10-28 07:13:08'),
	(456, '2016-08-31', 192, 1, 38, 10, '2018-10-28 07:13:08', '2018-10-28 07:13:08'),
	(457, '2006-10-20', 455, 1, 4, 7, '2018-10-28 07:13:08', '2018-10-28 07:13:08'),
	(458, '1996-05-29', 205, 1, 16, 2, '2018-10-28 07:13:08', '2018-10-28 07:13:08'),
	(459, '1974-12-14', 275, 2, 1, 6, '2018-10-28 07:13:08', '2018-10-28 07:13:08'),
	(460, '1988-12-11', 313, 1, 36, 8, '2018-10-28 07:13:08', '2018-10-28 07:13:08'),
	(461, '1981-12-06', 360, 2, 45, 5, '2018-10-28 07:13:08', '2018-10-28 07:13:08'),
	(462, '1987-07-05', 60, 3, 46, 10, '2018-10-28 07:13:08', '2018-10-28 07:13:08'),
	(463, '2012-11-19', 269, 3, 20, 6, '2018-10-28 07:13:08', '2018-10-28 07:13:08'),
	(464, '1976-01-31', 161, 2, 5, 10, '2018-10-28 07:13:08', '2018-10-28 07:13:08'),
	(465, '1979-05-23', 376, 3, 21, 8, '2018-10-28 07:13:08', '2018-10-28 07:13:08'),
	(466, '2002-03-12', 361, 3, 10, 2, '2018-10-28 07:13:08', '2018-10-28 07:13:08'),
	(467, '2013-06-13', 367, 1, 30, 4, '2018-10-28 07:13:08', '2018-10-28 07:13:08'),
	(468, '1991-08-29', 74, 1, 24, 1, '2018-10-28 07:13:08', '2018-10-28 07:13:08'),
	(469, '1988-02-02', 84, 2, 34, 1, '2018-10-28 07:13:08', '2018-10-28 07:13:08'),
	(470, '1984-03-23', 15, 2, 28, 10, '2018-10-28 07:13:08', '2018-10-28 07:13:08'),
	(471, '1976-01-15', 462, 2, 19, 3, '2018-10-28 07:13:08', '2018-10-28 07:13:08'),
	(472, '2009-07-30', 354, 3, 17, 6, '2018-10-28 07:13:08', '2018-10-28 07:13:08'),
	(473, '1978-10-13', 298, 3, 15, 3, '2018-10-28 07:13:08', '2018-10-28 07:13:08'),
	(474, '1983-02-25', 76, 2, 8, 7, '2018-10-28 07:13:08', '2018-10-28 07:13:08'),
	(475, '2005-10-31', 274, 2, 20, 9, '2018-10-28 07:13:08', '2018-10-28 07:13:08'),
	(476, '1993-06-23', 148, 1, 9, 3, '2018-10-28 07:13:08', '2018-10-28 07:13:08'),
	(477, '2003-08-10', 379, 2, 7, 7, '2018-10-28 07:13:08', '2018-10-28 07:13:08'),
	(478, '1995-04-28', 274, 1, 36, 4, '2018-10-28 07:13:08', '2018-10-28 07:13:08'),
	(479, '2011-09-10', 9, 1, 21, 8, '2018-10-28 07:13:08', '2018-10-28 07:13:08'),
	(480, '1993-02-10', 28, 3, 29, 6, '2018-10-28 07:13:08', '2018-10-28 07:13:08'),
	(481, '1985-07-30', 23, 1, 35, 2, '2018-10-28 07:13:08', '2018-10-28 07:13:08'),
	(482, '1978-01-25', 307, 2, 24, 8, '2018-10-28 07:13:08', '2018-10-28 07:13:08'),
	(483, '1978-10-22', 225, 1, 45, 1, '2018-10-28 07:13:08', '2018-10-28 07:13:08'),
	(484, '1999-10-30', 50, 1, 38, 7, '2018-10-28 07:13:08', '2018-10-28 07:13:08'),
	(485, '1985-08-28', 108, 1, 24, 2, '2018-10-28 07:13:08', '2018-10-28 07:13:08'),
	(486, '1985-05-13', 185, 3, 38, 7, '2018-10-28 07:13:08', '2018-10-28 07:13:08'),
	(487, '1995-03-18', 107, 2, 3, 3, '2018-10-28 07:13:08', '2018-10-28 07:13:08'),
	(488, '1974-01-16', 113, 3, 50, 3, '2018-10-28 07:13:08', '2018-10-28 07:13:08'),
	(489, '1981-08-06', 417, 2, 30, 7, '2018-10-28 07:13:08', '2018-10-28 07:13:08'),
	(490, '1996-12-25', 377, 2, 31, 4, '2018-10-28 07:13:08', '2018-10-28 07:13:08'),
	(491, '2011-02-16', 151, 3, 28, 5, '2018-10-28 07:13:08', '2018-10-28 07:13:08'),
	(492, '1973-04-10', 20, 2, 14, 2, '2018-10-28 07:13:08', '2018-10-28 07:13:08'),
	(493, '1993-06-23', 197, 1, 23, 6, '2018-10-28 07:13:08', '2018-10-28 07:13:08'),
	(494, '2002-05-14', 328, 2, 32, 8, '2018-10-28 07:13:08', '2018-10-28 07:13:08'),
	(495, '2014-12-08', 393, 3, 43, 7, '2018-10-28 07:13:08', '2018-10-28 07:13:08'),
	(496, '1997-05-08', 420, 2, 42, 4, '2018-10-28 07:13:08', '2018-10-28 07:13:08'),
	(497, '1974-08-09', 90, 1, 27, 4, '2018-10-28 07:13:08', '2018-10-28 07:13:08'),
	(498, '2004-02-08', 486, 3, 8, 3, '2018-10-28 07:13:08', '2018-10-28 07:13:08'),
	(499, '1976-07-11', 373, 2, 39, 5, '2018-10-28 07:13:08', '2018-10-28 07:13:08'),
	(500, '2007-04-24', 2, 1, 46, 3, '2018-10-28 07:13:08', '2018-10-28 07:13:08');
/*!40000 ALTER TABLE `sales` ENABLE KEYS */;

-- --------------------------------------------------------
-- Host:                         127.0.0.1
-- Versión del servidor:         10.1.34-MariaDB - mariadb.org binary distribution
-- SO del servidor:              Win32
-- HeidiSQL Versión:             9.5.0.5196
-- --------------------------------------------------------

/*!40101 SET @OLD_CHARACTER_SET_CLIENT=@@CHARACTER_SET_CLIENT */;
/*!40101 SET NAMES utf8 */;
/*!50503 SET NAMES utf8mb4 */;
/*!40014 SET @OLD_FOREIGN_KEY_CHECKS=@@FOREIGN_KEY_CHECKS, FOREIGN_KEY_CHECKS=0 */;
/*!40101 SET @OLD_SQL_MODE=@@SQL_MODE, SQL_MODE='NO_AUTO_VALUE_ON_ZERO' */;

-- Volcando estructura para tabla smartsaleapi.forecasts
CREATE TABLE IF NOT EXISTS `forecasts` (
  `id_forecast` int(10) unsigned NOT NULL AUTO_INCREMENT,
  `type_forecast` tinyint(4) NOT NULL,
  `forecastData` longtext NOT NULL,
  `sale_id` int(10) unsigned NOT NULL,
  `created_at` timestamp NULL DEFAULT NULL,
  `updated_at` timestamp NULL DEFAULT NULL,
  PRIMARY KEY (`id_forecast`),
  KEY `forecasts_sale_id_foreign` (`sale_id`),
  CONSTRAINT `forecasts_sale_id_foreign` FOREIGN KEY (`sale_id`) REFERENCES `sales` (`id_sale`)
) ENGINE=InnoDB AUTO_INCREMENT=1499 DEFAULT CHARSET=utf8;

-- Volcando datos para la tabla smartsaleapi.forecasts: ~1,498 rows (aproximadamente)
/*!40000 ALTER TABLE `forecasts` DISABLE KEYS */;
INSERT INTO `forecasts` (`id_forecast`, `type_forecast`, `forecastData`, `sale_id`, `created_at`, `updated_at`) VALUES
	(1, 2, '{"title":"officiis","description":"Repudiandae deserunt et quam a voluptate suscipit soluta consequuntur dolor ducimus consequatur molestias."}', 372, '2018-10-28 07:13:08', '2018-10-28 07:13:08'),
	(2, 1, '{"title":"numquam","description":"Repudiandae et corporis saepe numquam et magnam cum tempore."}', 78, '2018-10-28 07:13:08', '2018-10-28 07:13:08'),
	(3, 3, '{"title":"et","description":"Corporis accusamus sed aliquam omnis voluptatum ullam."}', 401, '2018-10-28 07:13:08', '2018-10-28 07:13:08'),
	(4, 1, '{"title":"maxime","description":"Consequatur hic et sint beatae unde quo id voluptatem voluptates."}', 262, '2018-10-28 07:13:08', '2018-10-28 07:13:08'),
	(5, 3, '{"title":"sed","description":"Quia autem accusamus rerum alias cum deserunt eos enim reiciendis officiis dolores ut atque."}', 61, '2018-10-28 07:13:08', '2018-10-28 07:13:08'),
	(6, 3, '{"title":"id","description":"Dolorum amet pariatur porro nihil ratione culpa nihil aut qui."}', 194, '2018-10-28 07:13:08', '2018-10-28 07:13:08'),
	(7, 1, '{"title":"impedit","description":"Voluptatem fuga eveniet harum voluptatibus sequi in cupiditate doloremque."}', 391, '2018-10-28 07:13:08', '2018-10-28 07:13:08'),
	(8, 2, '{"title":"odio","description":"Libero est temporibus aliquam omnis deleniti qui vitae rerum."}', 293, '2018-10-28 07:13:08', '2018-10-28 07:13:08'),
	(9, 3, '{"title":"ut","description":"Error illo neque debitis et aut in consequuntur minima perferendis magni."}', 470, '2018-10-28 07:13:08', '2018-10-28 07:13:08'),
	(10, 1, '{"title":"exercitationem","description":"Ipsa architecto ut quam aliquid inventore minima iusto sunt nulla quas ipsum."}', 24, '2018-10-28 07:13:08', '2018-10-28 07:13:08'),
	(11, 1, '{"title":"et","description":"Quia consequatur expedita recusandae perspiciatis laboriosam facilis."}', 469, '2018-10-28 07:13:08', '2018-10-28 07:13:08'),
	(12, 1, '{"title":"nemo","description":"Optio quibusdam animi quis perspiciatis eum velit nam molestias."}', 121, '2018-10-28 07:13:08', '2018-10-28 07:13:08'),
	(13, 3, '{"title":"placeat","description":"Incidunt est ex officiis ex dolore dolores possimus repellendus excepturi sed et."}', 419, '2018-10-28 07:13:08', '2018-10-28 07:13:08'),
	(14, 1, '{"title":"atque","description":"Tempore alias aperiam ex laborum porro maiores vel sint in necessitatibus maiores ut."}', 236, '2018-10-28 07:13:08', '2018-10-28 07:13:08'),
	(15, 1, '{"title":"ipsam","description":"Laudantium doloribus at nisi molestiae officiis quia qui quod vel eligendi reprehenderit qui repellat."}', 395, '2018-10-28 07:13:08', '2018-10-28 07:13:08'),
	(16, 1, '{"title":"ea","description":"Asperiores velit minima voluptas cupiditate error rerum modi soluta."}', 49, '2018-10-28 07:13:08', '2018-10-28 07:13:08'),
	(17, 3, '{"title":"qui","description":"Est rem aliquam sapiente in cupiditate atque."}', 29, '2018-10-28 07:13:08', '2018-10-28 07:13:08'),
	(18, 1, '{"title":"ullam","description":"Similique atque qui vitae odit beatae maiores sit voluptas doloremque perferendis unde qui."}', 205, '2018-10-28 07:13:08', '2018-10-28 07:13:08'),
	(19, 3, '{"title":"voluptatem","description":"Enim et nulla molestias deserunt quia nihil porro quia et porro asperiores."}', 491, '2018-10-28 07:13:08', '2018-10-28 07:13:08'),
	(20, 1, '{"title":"non","description":"Numquam incidunt mollitia vel qui vel nam est id."}', 500, '2018-10-28 07:13:08', '2018-10-28 07:13:08'),
	(21, 3, '{"title":"voluptatem","description":"Voluptatem quisquam aut voluptatum quas facere magni officia ut."}', 71, '2018-10-28 07:13:08', '2018-10-28 07:13:08'),
	(22, 2, '{"title":"nobis","description":"Odio iusto voluptatibus qui repellat maiores velit et officiis qui praesentium consectetur saepe eos quas."}', 245, '2018-10-28 07:13:08', '2018-10-28 07:13:08'),
	(23, 2, '{"title":"voluptatem","description":"Est eum error eum minima ipsam voluptas cumque suscipit."}', 405, '2018-10-28 07:13:08', '2018-10-28 07:13:08'),
	(24, 1, '{"title":"ut","description":"Qui commodi ex et vero modi voluptas quam earum molestiae consequuntur voluptatum necessitatibus fuga."}', 185, '2018-10-28 07:13:08', '2018-10-28 07:13:08'),
	(25, 3, '{"title":"ratione","description":"Sit enim ut provident ut vero dolores est tempora perferendis."}', 432, '2018-10-28 07:13:08', '2018-10-28 07:13:08'),
	(26, 3, '{"title":"odit","description":"Ad voluptas et delectus omnis sit voluptates adipisci exercitationem eos aspernatur."}', 114, '2018-10-28 07:13:08', '2018-10-28 07:13:08'),
	(27, 2, '{"title":"nesciunt","description":"Inventore libero dolor occaecati nihil temporibus veniam distinctio vitae quo eaque."}', 39, '2018-10-28 07:13:08', '2018-10-28 07:13:08'),
	(28, 2, '{"title":"repellendus","description":"Illum ducimus aspernatur sapiente dolore non dicta."}', 307, '2018-10-28 07:13:08', '2018-10-28 07:13:08'),
	(29, 1, '{"title":"provident","description":"Molestiae vitae facere quaerat nesciunt sed pariatur ipsum temporibus qui."}', 147, '2018-10-28 07:13:08', '2018-10-28 07:13:08'),
	(30, 1, '{"title":"voluptatem","description":"Dolore occaecati quisquam eveniet magni architecto voluptatem tempora ipsum molestiae."}', 106, '2018-10-28 07:13:08', '2018-10-28 07:13:08'),
	(31, 3, '{"title":"sit","description":"Maiores fugiat officiis fugiat quibusdam ut aliquam dolores aspernatur et illum qui quae voluptas."}', 212, '2018-10-28 07:13:08', '2018-10-28 07:13:08'),
	(32, 2, '{"title":"facere","description":"Quis fugiat aliquid itaque aut a ipsum."}', 173, '2018-10-28 07:13:08', '2018-10-28 07:13:08'),
	(33, 3, '{"title":"sapiente","description":"Vel nobis corporis voluptate temporibus voluptates aut."}', 457, '2018-10-28 07:13:08', '2018-10-28 07:13:08'),
	(34, 3, '{"title":"qui","description":"At ratione iste sapiente et distinctio veritatis sunt vitae."}', 198, '2018-10-28 07:13:08', '2018-10-28 07:13:08'),
	(35, 2, '{"title":"quidem","description":"Ea expedita consequuntur pariatur laboriosam deleniti quia sit aliquam."}', 278, '2018-10-28 07:13:08', '2018-10-28 07:13:08'),
	(36, 3, '{"title":"unde","description":"Nisi eum reprehenderit error odit aspernatur voluptatem pariatur."}', 92, '2018-10-28 07:13:08', '2018-10-28 07:13:08'),
	(37, 2, '{"title":"sapiente","description":"Est rerum accusantium consequatur quisquam blanditiis voluptatem rerum error explicabo."}', 463, '2018-10-28 07:13:08', '2018-10-28 07:13:08'),
	(38, 2, '{"title":"soluta","description":"Sunt aut rerum assumenda nihil suscipit aut deleniti ab velit voluptas deleniti quaerat dolor."}', 178, '2018-10-28 07:13:08', '2018-10-28 07:13:08'),
	(39, 1, '{"title":"voluptate","description":"Voluptatem nobis quo quos dolore aut velit velit repellat est neque reprehenderit."}', 231, '2018-10-28 07:13:08', '2018-10-28 07:13:08'),
	(40, 1, '{"title":"ipsum","description":"Provident voluptatem adipisci sit id voluptatem est dolor voluptatem saepe omnis."}', 281, '2018-10-28 07:13:08', '2018-10-28 07:13:08'),
	(41, 3, '{"title":"a","description":"Labore fugit aliquam mollitia dolor sed eum."}', 88, '2018-10-28 07:13:08', '2018-10-28 07:13:08'),
	(42, 3, '{"title":"et","description":"Omnis porro ut mollitia aut et quaerat vel veniam rem voluptatem et est quia."}', 448, '2018-10-28 07:13:08', '2018-10-28 07:13:08'),
	(43, 2, '{"title":"quod","description":"Facere qui placeat in maxime et quae odit in harum consequuntur."}', 378, '2018-10-28 07:13:08', '2018-10-28 07:13:08'),
	(44, 2, '{"title":"est","description":"Ullam aperiam tenetur error velit dolor dolore repellendus harum sed."}', 81, '2018-10-28 07:13:08', '2018-10-28 07:13:08'),
	(45, 1, '{"title":"ut","description":"Cupiditate ad dolor iure facilis error vitae."}', 286, '2018-10-28 07:13:08', '2018-10-28 07:13:08'),
	(46, 3, '{"title":"omnis","description":"Voluptatem aut quisquam quae laborum voluptatem inventore quam et saepe illo."}', 358, '2018-10-28 07:13:08', '2018-10-28 07:13:08'),
	(47, 3, '{"title":"modi","description":"Fugiat et et aliquid atque sed odio voluptas ea consequatur dolorum corporis maiores."}', 153, '2018-10-28 07:13:08', '2018-10-28 07:13:08'),
	(48, 2, '{"title":"iure","description":"Doloribus voluptatum voluptates sit fugit quisquam sint accusamus libero culpa laborum."}', 324, '2018-10-28 07:13:08', '2018-10-28 07:13:08'),
	(49, 2, '{"title":"non","description":"Qui laborum et aut inventore unde consequatur necessitatibus odio est possimus voluptate quidem."}', 22, '2018-10-28 07:13:08', '2018-10-28 07:13:08'),
	(50, 2, '{"title":"et","description":"Odio occaecati facere animi est officia qui."}', 179, '2018-10-28 07:13:08', '2018-10-28 07:13:08'),
	(51, 2, '{"title":"nemo","description":"Non nobis eveniet cupiditate sit placeat explicabo."}', 430, '2018-10-28 07:13:08', '2018-10-28 07:13:08'),
	(52, 2, '{"title":"voluptas","description":"Rem reprehenderit incidunt ea ratione et facilis sed quam officia eveniet velit."}', 161, '2018-10-28 07:13:08', '2018-10-28 07:13:08'),
	(53, 2, '{"title":"deserunt","description":"Distinctio beatae amet et atque unde consequatur vero magni et."}', 353, '2018-10-28 07:13:08', '2018-10-28 07:13:08'),
	(54, 1, '{"title":"eos","description":"Facere iure labore quod et molestias sed sint a."}', 178, '2018-10-28 07:13:08', '2018-10-28 07:13:08'),
	(55, 2, '{"title":"quae","description":"Laborum recusandae laudantium sunt debitis quae magnam ratione adipisci hic non quidem tempore."}', 326, '2018-10-28 07:13:08', '2018-10-28 07:13:08'),
	(56, 1, '{"title":"quis","description":"Saepe impedit asperiores dolores exercitationem beatae sint id."}', 362, '2018-10-28 07:13:08', '2018-10-28 07:13:08'),
	(57, 1, '{"title":"consequatur","description":"Nam sed quibusdam veritatis quia magnam dolores vel incidunt labore."}', 479, '2018-10-28 07:13:08', '2018-10-28 07:13:08'),
	(58, 2, '{"title":"corrupti","description":"Occaecati facilis iure doloremque eum enim reiciendis."}', 271, '2018-10-28 07:13:08', '2018-10-28 07:13:08'),
	(59, 3, '{"title":"et","description":"Error velit voluptas exercitationem qui suscipit voluptatem quod repellendus at placeat."}', 124, '2018-10-28 07:13:08', '2018-10-28 07:13:08'),
	(60, 1, '{"title":"deserunt","description":"Nemo optio quaerat ratione est maiores sint rerum consectetur id labore."}', 25, '2018-10-28 07:13:08', '2018-10-28 07:13:08'),
	(61, 3, '{"title":"omnis","description":"Dolorum illo qui possimus consequatur non est saepe ratione voluptas rem harum ducimus et."}', 417, '2018-10-28 07:13:08', '2018-10-28 07:13:08'),
	(62, 2, '{"title":"non","description":"Hic minus est dolor alias nesciunt qui amet est mollitia quos molestiae sit."}', 452, '2018-10-28 07:13:08', '2018-10-28 07:13:08'),
	(63, 3, '{"title":"esse","description":"Tempore autem et ea cumque est nostrum."}', 343, '2018-10-28 07:13:08', '2018-10-28 07:13:08'),
	(64, 3, '{"title":"aut","description":"Temporibus rerum voluptate vero expedita consectetur est esse totam ratione ea voluptas vel."}', 292, '2018-10-28 07:13:08', '2018-10-28 07:13:08'),
	(65, 3, '{"title":"beatae","description":"Debitis error repudiandae eos et magnam labore nisi."}', 343, '2018-10-28 07:13:08', '2018-10-28 07:13:08'),
	(66, 2, '{"title":"quae","description":"Et dolor architecto fuga pariatur provident in reprehenderit qui sunt doloremque voluptatem."}', 391, '2018-10-28 07:13:08', '2018-10-28 07:13:08'),
	(67, 2, '{"title":"officia","description":"Mollitia sit eos quam et cumque exercitationem veritatis."}', 185, '2018-10-28 07:13:08', '2018-10-28 07:13:08'),
	(68, 2, '{"title":"mollitia","description":"Recusandae doloremque recusandae minima atque facere blanditiis eos facilis error quia aut excepturi."}', 312, '2018-10-28 07:13:08', '2018-10-28 07:13:08'),
	(69, 2, '{"title":"eius","description":"Ipsum accusantium vel reprehenderit exercitationem quia molestiae."}', 334, '2018-10-28 07:13:08', '2018-10-28 07:13:08'),
	(70, 1, '{"title":"est","description":"Ea quod cupiditate saepe omnis quasi eligendi qui natus et."}', 463, '2018-10-28 07:13:08', '2018-10-28 07:13:08'),
	(71, 2, '{"title":"molestiae","description":"Impedit aspernatur repellendus laudantium consequuntur omnis ut reiciendis et aut velit."}', 195, '2018-10-28 07:13:08', '2018-10-28 07:13:08'),
	(72, 2, '{"title":"labore","description":"Soluta beatae et ut quia aliquid exercitationem repudiandae cupiditate qui veniam recusandae facere."}', 68, '2018-10-28 07:13:08', '2018-10-28 07:13:08'),
	(73, 1, '{"title":"repellat","description":"Debitis est voluptatum libero odio qui est hic est explicabo qui."}', 337, '2018-10-28 07:13:08', '2018-10-28 07:13:08'),
	(74, 2, '{"title":"eos","description":"Quidem eos voluptate ea rerum qui id aut ut modi."}', 235, '2018-10-28 07:13:08', '2018-10-28 07:13:08'),
	(75, 1, '{"title":"eos","description":"Harum odit illo voluptatem omnis facilis illum enim exercitationem perferendis repellendus illo."}', 148, '2018-10-28 07:13:08', '2018-10-28 07:13:08'),
	(76, 2, '{"title":"omnis","description":"Sapiente et recusandae ea omnis dolor totam."}', 145, '2018-10-28 07:13:08', '2018-10-28 07:13:08'),
	(77, 3, '{"title":"quod","description":"Dolorem et id fugiat quia vero sint doloribus ut fugiat."}', 313, '2018-10-28 07:13:08', '2018-10-28 07:13:08'),
	(78, 2, '{"title":"numquam","description":"Recusandae itaque aut temporibus tempora laborum ut aliquam enim et nam."}', 42, '2018-10-28 07:13:08', '2018-10-28 07:13:08'),
	(79, 1, '{"title":"eos","description":"In accusantium qui porro molestiae sit voluptatibus ut reiciendis et."}', 447, '2018-10-28 07:13:08', '2018-10-28 07:13:08'),
	(80, 2, '{"title":"excepturi","description":"Molestiae eos consequatur dolor doloremque vitae architecto assumenda minus."}', 374, '2018-10-28 07:13:08', '2018-10-28 07:13:08'),
	(81, 1, '{"title":"et","description":"Est fugit ea consequatur aut deserunt iure autem."}', 22, '2018-10-28 07:13:08', '2018-10-28 07:13:08'),
	(82, 1, '{"title":"et","description":"Sed voluptatem vitae veniam sit ullam quia saepe sint et aliquid sit."}', 214, '2018-10-28 07:13:08', '2018-10-28 07:13:08'),
	(83, 3, '{"title":"assumenda","description":"Impedit accusantium quae inventore iste aut sequi eveniet eum recusandae."}', 235, '2018-10-28 07:13:08', '2018-10-28 07:13:08'),
	(84, 2, '{"title":"molestiae","description":"Dolores suscipit autem sequi reprehenderit nam sequi est vero nesciunt eligendi."}', 407, '2018-10-28 07:13:08', '2018-10-28 07:13:08'),
	(85, 3, '{"title":"qui","description":"Animi est vero ut praesentium rerum consectetur."}', 265, '2018-10-28 07:13:08', '2018-10-28 07:13:08'),
	(86, 1, '{"title":"ex","description":"Reiciendis consectetur est ut et omnis maiores temporibus consequuntur qui facere possimus."}', 155, '2018-10-28 07:13:08', '2018-10-28 07:13:08'),
	(87, 1, '{"title":"et","description":"Pariatur aut minima corrupti quo ex totam inventore molestiae et ut eligendi recusandae quo."}', 457, '2018-10-28 07:13:08', '2018-10-28 07:13:08'),
	(88, 3, '{"title":"enim","description":"Consequatur quae ut vel modi itaque nemo."}', 333, '2018-10-28 07:13:08', '2018-10-28 07:13:08'),
	(89, 2, '{"title":"adipisci","description":"Facilis rem ratione molestias nisi qui autem quasi aut."}', 327, '2018-10-28 07:13:08', '2018-10-28 07:13:08'),
	(90, 3, '{"title":"dicta","description":"Sit praesentium est quo et voluptatem quos et."}', 58, '2018-10-28 07:13:08', '2018-10-28 07:13:08'),
	(91, 3, '{"title":"aperiam","description":"Vel iste sed aliquid id molestiae nulla rerum neque."}', 343, '2018-10-28 07:13:08', '2018-10-28 07:13:08'),
	(92, 3, '{"title":"optio","description":"Sunt illo temporibus eaque ipsum quasi qui reiciendis quisquam ea sunt molestiae."}', 237, '2018-10-28 07:13:08', '2018-10-28 07:13:08'),
	(93, 2, '{"title":"occaecati","description":"Ipsum in similique sed molestias aperiam enim nemo praesentium quia."}', 228, '2018-10-28 07:13:08', '2018-10-28 07:13:08'),
	(94, 2, '{"title":"suscipit","description":"Repellendus ut quis libero minus error sit dicta similique qui placeat sunt."}', 427, '2018-10-28 07:13:08', '2018-10-28 07:13:08'),
	(95, 1, '{"title":"esse","description":"Magni autem beatae quia excepturi aut sed ut."}', 103, '2018-10-28 07:13:08', '2018-10-28 07:13:08'),
	(96, 2, '{"title":"eius","description":"Qui voluptatem perferendis nisi minus laudantium suscipit ut sapiente."}', 274, '2018-10-28 07:13:08', '2018-10-28 07:13:08'),
	(97, 3, '{"title":"aliquam","description":"Ut optio ut eos velit nisi qui."}', 216, '2018-10-28 07:13:08', '2018-10-28 07:13:08'),
	(98, 1, '{"title":"laborum","description":"Rerum molestiae voluptates quos ipsam doloribus minus voluptatum quaerat dolorum ab et omnis."}', 402, '2018-10-28 07:13:08', '2018-10-28 07:13:08'),
	(99, 3, '{"title":"ducimus","description":"Nesciunt praesentium eos qui assumenda distinctio quia molestiae sit tenetur et quos vel et."}', 38, '2018-10-28 07:13:08', '2018-10-28 07:13:08'),
	(100, 3, '{"title":"ea","description":"Qui nobis aperiam vel quibusdam eos ullam quam occaecati."}', 37, '2018-10-28 07:13:08', '2018-10-28 07:13:08'),
	(101, 1, '{"title":"accusamus","description":"Ea ratione autem officia vero atque quos perferendis et et voluptas."}', 289, '2018-10-28 07:13:08', '2018-10-28 07:13:08'),
	(102, 2, '{"title":"enim","description":"Ut aut eum dignissimos in ut sunt."}', 247, '2018-10-28 07:13:08', '2018-10-28 07:13:08'),
	(103, 2, '{"title":"inventore","description":"Quibusdam iste ipsa aut est harum perferendis officiis id minus quia impedit iusto."}', 152, '2018-10-28 07:13:08', '2018-10-28 07:13:08'),
	(104, 3, '{"title":"qui","description":"Aut delectus voluptatem sint commodi pariatur culpa dicta fugit praesentium mollitia nihil et."}', 20, '2018-10-28 07:13:08', '2018-10-28 07:13:08'),
	(105, 1, '{"title":"natus","description":"Doloremque repudiandae perspiciatis beatae blanditiis esse tempore voluptatibus ab temporibus rem ea."}', 316, '2018-10-28 07:13:08', '2018-10-28 07:13:08'),
	(106, 3, '{"title":"ex","description":"Non iste fugiat quo quia saepe neque quaerat repellat voluptatem veniam est."}', 392, '2018-10-28 07:13:08', '2018-10-28 07:13:08'),
	(107, 2, '{"title":"voluptatem","description":"Natus voluptate soluta est quaerat deleniti ut hic id enim quasi maiores aut ducimus."}', 327, '2018-10-28 07:13:08', '2018-10-28 07:13:08'),
	(108, 1, '{"title":"ut","description":"Velit omnis odit quo eveniet totam quisquam deleniti quia consequatur ex voluptate eos voluptatem."}', 43, '2018-10-28 07:13:08', '2018-10-28 07:13:08'),
	(109, 1, '{"title":"repudiandae","description":"Ut placeat blanditiis soluta nam ullam ullam dolores cupiditate soluta autem aliquam laudantium."}', 29, '2018-10-28 07:13:08', '2018-10-28 07:13:08'),
	(110, 2, '{"title":"reprehenderit","description":"Illo distinctio est sequi doloribus laboriosam eum adipisci quam deleniti sapiente architecto dolores."}', 186, '2018-10-28 07:13:08', '2018-10-28 07:13:08'),
	(111, 2, '{"title":"voluptatem","description":"Et alias quibusdam animi dolores ut ut et cupiditate in."}', 254, '2018-10-28 07:13:08', '2018-10-28 07:13:08'),
	(112, 2, '{"title":"nihil","description":"Ea culpa voluptates facere voluptatum facere totam quasi quis ex dolor porro asperiores."}', 332, '2018-10-28 07:13:08', '2018-10-28 07:13:08'),
	(113, 1, '{"title":"dolorem","description":"Occaecati libero laborum delectus quo dolores incidunt sunt quas."}', 196, '2018-10-28 07:13:08', '2018-10-28 07:13:08'),
	(114, 3, '{"title":"consequuntur","description":"Debitis qui amet voluptas et expedita quo ex voluptatem rem consequatur non."}', 25, '2018-10-28 07:13:08', '2018-10-28 07:13:08'),
	(115, 2, '{"title":"aspernatur","description":"Porro nemo voluptatem quae ratione non quo ducimus sapiente aut."}', 74, '2018-10-28 07:13:08', '2018-10-28 07:13:08'),
	(116, 1, '{"title":"ex","description":"Aut aut quia quia voluptate deleniti nihil natus id culpa cum autem vero."}', 89, '2018-10-28 07:13:08', '2018-10-28 07:13:08'),
	(117, 2, '{"title":"nisi","description":"Unde laboriosam exercitationem aliquid odit et ut impedit et."}', 157, '2018-10-28 07:13:08', '2018-10-28 07:13:08'),
	(118, 1, '{"title":"provident","description":"Ut nihil qui officia enim dolorem reprehenderit ipsum a eius sit molestias aut nemo."}', 35, '2018-10-28 07:13:08', '2018-10-28 07:13:08'),
	(119, 2, '{"title":"laboriosam","description":"Et dolore et fugiat nobis nesciunt iusto esse iusto perferendis accusantium corporis."}', 273, '2018-10-28 07:13:08', '2018-10-28 07:13:08'),
	(120, 1, '{"title":"voluptas","description":"Quam ut molestiae et soluta minima vitae nam soluta officia."}', 138, '2018-10-28 07:13:08', '2018-10-28 07:13:08'),
	(121, 3, '{"title":"dignissimos","description":"Molestias molestiae adipisci velit ut est magnam officiis qui quasi harum."}', 66, '2018-10-28 07:13:08', '2018-10-28 07:13:08'),
	(122, 3, '{"title":"atque","description":"Sed dolore non non quas sed accusantium ut non."}', 286, '2018-10-28 07:13:08', '2018-10-28 07:13:08'),
	(123, 2, '{"title":"nostrum","description":"Possimus et quis voluptatem nulla sunt qui impedit mollitia."}', 435, '2018-10-28 07:13:08', '2018-10-28 07:13:08'),
	(124, 2, '{"title":"iure","description":"Laboriosam quibusdam aliquam explicabo ducimus quia sint omnis."}', 141, '2018-10-28 07:13:08', '2018-10-28 07:13:08'),
	(125, 1, '{"title":"enim","description":"Aut doloribus hic quos sint quos sapiente voluptatem omnis."}', 424, '2018-10-28 07:13:08', '2018-10-28 07:13:08'),
	(126, 3, '{"title":"explicabo","description":"Id voluptates commodi eum vel ipsa blanditiis ducimus explicabo voluptates."}', 195, '2018-10-28 07:13:08', '2018-10-28 07:13:08'),
	(127, 3, '{"title":"eaque","description":"Similique quaerat et est sit aliquid itaque earum."}', 346, '2018-10-28 07:13:08', '2018-10-28 07:13:08'),
	(128, 3, '{"title":"consequatur","description":"Qui eius eius fugit labore est veritatis ipsam omnis numquam in dolore."}', 414, '2018-10-28 07:13:08', '2018-10-28 07:13:08'),
	(129, 3, '{"title":"repellendus","description":"Dolorem quia voluptatum molestias in et perferendis quam ducimus id."}', 49, '2018-10-28 07:13:08', '2018-10-28 07:13:08'),
	(130, 2, '{"title":"harum","description":"Eos voluptatem qui tempora quae exercitationem dolorem qui amet sed soluta eos."}', 72, '2018-10-28 07:13:08', '2018-10-28 07:13:08'),
	(131, 2, '{"title":"assumenda","description":"Distinctio labore illum inventore voluptatibus repudiandae optio."}', 306, '2018-10-28 07:13:08', '2018-10-28 07:13:08'),
	(132, 3, '{"title":"tempore","description":"A qui molestias quis incidunt quia id esse excepturi sed praesentium ea pariatur."}', 298, '2018-10-28 07:13:08', '2018-10-28 07:13:08'),
	(133, 2, '{"title":"et","description":"Voluptatum quam quas quam fugit praesentium nulla veniam quaerat quaerat quod."}', 223, '2018-10-28 07:13:08', '2018-10-28 07:13:08'),
	(134, 3, '{"title":"autem","description":"Deleniti voluptates cumque eum libero voluptates voluptate suscipit qui molestiae."}', 361, '2018-10-28 07:13:08', '2018-10-28 07:13:08'),
	(135, 2, '{"title":"facilis","description":"Occaecati fugit dolores molestiae reprehenderit ea magni quae dignissimos."}', 132, '2018-10-28 07:13:08', '2018-10-28 07:13:08'),
	(136, 3, '{"title":"ducimus","description":"Quod cum dolore voluptatem omnis ut corporis dicta ratione."}', 259, '2018-10-28 07:13:08', '2018-10-28 07:13:08'),
	(137, 1, '{"title":"dolorum","description":"Non vel magnam sed veniam aspernatur praesentium itaque cumque."}', 58, '2018-10-28 07:13:08', '2018-10-28 07:13:08'),
	(138, 2, '{"title":"neque","description":"Dolor quam fuga beatae suscipit non est cupiditate alias omnis iure accusantium doloribus."}', 97, '2018-10-28 07:13:08', '2018-10-28 07:13:08'),
	(139, 1, '{"title":"maxime","description":"Asperiores cum fugiat cumque veritatis blanditiis omnis amet molestias sed voluptatem in."}', 269, '2018-10-28 07:13:08', '2018-10-28 07:13:08'),
	(140, 1, '{"title":"hic","description":"Eveniet quam non fugiat esse nihil dolorem est iusto non similique optio consequatur."}', 372, '2018-10-28 07:13:08', '2018-10-28 07:13:08'),
	(141, 3, '{"title":"aperiam","description":"Ut exercitationem ad ex molestiae est minus temporibus nihil."}', 77, '2018-10-28 07:13:08', '2018-10-28 07:13:08'),
	(142, 1, '{"title":"et","description":"Blanditiis qui sapiente laborum odit sed itaque ut tenetur."}', 341, '2018-10-28 07:13:08', '2018-10-28 07:13:08'),
	(143, 1, '{"title":"nemo","description":"Est occaecati molestiae aut est ipsam minima."}', 58, '2018-10-28 07:13:08', '2018-10-28 07:13:08'),
	(144, 3, '{"title":"quidem","description":"Et eligendi voluptatibus velit consequatur ut dolorem accusamus."}', 323, '2018-10-28 07:13:08', '2018-10-28 07:13:08'),
	(145, 3, '{"title":"voluptas","description":"Aut nesciunt molestias unde repudiandae eveniet nesciunt quia."}', 423, '2018-10-28 07:13:08', '2018-10-28 07:13:08'),
	(146, 1, '{"title":"dolore","description":"Non quia odit eum perferendis esse itaque."}', 148, '2018-10-28 07:13:08', '2018-10-28 07:13:08'),
	(147, 1, '{"title":"saepe","description":"Sint ipsum optio soluta sit at sit illo temporibus quo facilis aliquid consectetur."}', 480, '2018-10-28 07:13:08', '2018-10-28 07:13:08'),
	(148, 1, '{"title":"aliquam","description":"Labore omnis eos ut explicabo cupiditate harum debitis."}', 298, '2018-10-28 07:13:08', '2018-10-28 07:13:08'),
	(149, 1, '{"title":"dolores","description":"Libero ullam optio voluptas rerum doloremque molestiae ut qui harum aut hic minima."}', 457, '2018-10-28 07:13:08', '2018-10-28 07:13:08'),
	(150, 2, '{"title":"temporibus","description":"Doloribus vel eligendi excepturi sed qui sed temporibus quidem fugit omnis."}', 497, '2018-10-28 07:13:08', '2018-10-28 07:13:08'),
	(151, 3, '{"title":"et","description":"Omnis veritatis quis excepturi occaecati rerum dolores a ut aut sequi minima et."}', 439, '2018-10-28 07:13:08', '2018-10-28 07:13:08'),
	(152, 2, '{"title":"voluptate","description":"Repudiandae consequuntur quas perspiciatis quo in ducimus provident voluptatum est."}', 220, '2018-10-28 07:13:08', '2018-10-28 07:13:08'),
	(153, 1, '{"title":"aspernatur","description":"Aperiam quis consequatur alias recusandae aut voluptas atque minus dolores praesentium quaerat."}', 180, '2018-10-28 07:13:08', '2018-10-28 07:13:08'),
	(154, 2, '{"title":"nemo","description":"Veniam dolor officiis ipsum laudantium animi quasi dolores et ut a quaerat vitae."}', 73, '2018-10-28 07:13:08', '2018-10-28 07:13:08'),
	(155, 1, '{"title":"ut","description":"Quis rem ut consectetur accusantium incidunt qui fuga non nobis sunt."}', 127, '2018-10-28 07:13:08', '2018-10-28 07:13:08'),
	(156, 1, '{"title":"facilis","description":"Voluptatem excepturi animi aut aliquam consectetur iure numquam aut explicabo."}', 398, '2018-10-28 07:13:08', '2018-10-28 07:13:08'),
	(157, 2, '{"title":"qui","description":"Delectus omnis sit accusantium natus est et tempore."}', 76, '2018-10-28 07:13:08', '2018-10-28 07:13:08'),
	(158, 3, '{"title":"odio","description":"Adipisci modi eos dolorem non veniam id eos maiores repellendus earum."}', 10, '2018-10-28 07:13:08', '2018-10-28 07:13:08'),
	(159, 1, '{"title":"nisi","description":"Molestias omnis delectus aut quod a autem consequatur."}', 261, '2018-10-28 07:13:08', '2018-10-28 07:13:08'),
	(160, 3, '{"title":"quae","description":"Odio quia et et corporis esse officia velit perferendis non."}', 252, '2018-10-28 07:13:08', '2018-10-28 07:13:08'),
	(161, 2, '{"title":"optio","description":"Autem veniam aut quia quia rerum voluptas minus occaecati quasi aspernatur et laboriosam praesentium."}', 258, '2018-10-28 07:13:08', '2018-10-28 07:13:08'),
	(162, 3, '{"title":"accusantium","description":"Voluptas non unde quis et animi blanditiis odio sequi sapiente et facilis."}', 375, '2018-10-28 07:13:08', '2018-10-28 07:13:08'),
	(163, 2, '{"title":"eum","description":"Sed eum impedit eligendi sit iste molestiae rerum rerum et necessitatibus voluptatem."}', 485, '2018-10-28 07:13:08', '2018-10-28 07:13:08'),
	(164, 1, '{"title":"ut","description":"Vitae enim non exercitationem consectetur deserunt minima iusto dolores quia."}', 76, '2018-10-28 07:13:08', '2018-10-28 07:13:08'),
	(165, 1, '{"title":"illum","description":"Voluptatem natus sunt debitis maxime dolore fugiat et qui temporibus iste neque ipsum."}', 123, '2018-10-28 07:13:08', '2018-10-28 07:13:08'),
	(166, 1, '{"title":"perferendis","description":"Neque id deleniti quidem qui quisquam possimus dolore dolores magni officia possimus totam."}', 289, '2018-10-28 07:13:08', '2018-10-28 07:13:08'),
	(167, 2, '{"title":"facilis","description":"Pariatur voluptatem modi repudiandae ipsum quisquam distinctio corporis iste repellendus ab amet."}', 434, '2018-10-28 07:13:08', '2018-10-28 07:13:08'),
	(168, 1, '{"title":"debitis","description":"Molestiae nesciunt voluptatem alias deserunt magni pariatur recusandae est quia beatae et praesentium similique."}', 377, '2018-10-28 07:13:08', '2018-10-28 07:13:08'),
	(169, 3, '{"title":"repellendus","description":"Et ut tenetur debitis in numquam quaerat ea temporibus occaecati soluta."}', 384, '2018-10-28 07:13:08', '2018-10-28 07:13:08'),
	(170, 3, '{"title":"rem","description":"Autem quis nam dolorum repudiandae dolor earum amet consequuntur consequuntur voluptatem."}', 192, '2018-10-28 07:13:08', '2018-10-28 07:13:08'),
	(171, 2, '{"title":"inventore","description":"Aliquid voluptatem ipsam a consequatur et enim perferendis."}', 460, '2018-10-28 07:13:08', '2018-10-28 07:13:08'),
	(172, 3, '{"title":"aut","description":"Voluptatem ut nobis quis velit eaque repudiandae ut consequatur dignissimos."}', 102, '2018-10-28 07:13:08', '2018-10-28 07:13:08'),
	(173, 1, '{"title":"eos","description":"Deleniti ipsa voluptate iure officia aut hic id enim."}', 33, '2018-10-28 07:13:08', '2018-10-28 07:13:08'),
	(174, 1, '{"title":"eum","description":"Quos cupiditate ipsa possimus et est molestias asperiores quis quos."}', 470, '2018-10-28 07:13:08', '2018-10-28 07:13:08'),
	(175, 1, '{"title":"est","description":"Exercitationem laudantium ut rem itaque dignissimos laboriosam error ut quod et enim eos."}', 381, '2018-10-28 07:13:08', '2018-10-28 07:13:08'),
	(176, 2, '{"title":"alias","description":"Labore commodi quos quis repellendus saepe laborum et consequatur maxime accusamus sit sunt aut."}', 86, '2018-10-28 07:13:08', '2018-10-28 07:13:08'),
	(177, 1, '{"title":"quia","description":"Quo eos at neque accusantium aut blanditiis voluptas quia."}', 168, '2018-10-28 07:13:08', '2018-10-28 07:13:08'),
	(178, 1, '{"title":"deserunt","description":"Et qui nostrum eum repellat suscipit aut quibusdam neque quis."}', 410, '2018-10-28 07:13:08', '2018-10-28 07:13:08'),
	(179, 3, '{"title":"tenetur","description":"Odit ut ullam harum numquam numquam id animi."}', 285, '2018-10-28 07:13:08', '2018-10-28 07:13:08'),
	(180, 2, '{"title":"repellat","description":"Ullam deserunt doloribus incidunt et amet eum optio fuga nihil in adipisci totam."}', 41, '2018-10-28 07:13:08', '2018-10-28 07:13:08'),
	(181, 2, '{"title":"qui","description":"Dolor qui dolorem est quod dolorum velit incidunt voluptas tempore iure dolor."}', 284, '2018-10-28 07:13:08', '2018-10-28 07:13:08'),
	(182, 3, '{"title":"quia","description":"Aperiam nisi voluptatem facere quas esse hic nobis aut at consequatur suscipit velit."}', 454, '2018-10-28 07:13:08', '2018-10-28 07:13:08'),
	(183, 2, '{"title":"eaque","description":"Consequatur occaecati fuga odit ut nostrum rerum ut tenetur."}', 87, '2018-10-28 07:13:08', '2018-10-28 07:13:08'),
	(184, 2, '{"title":"laudantium","description":"Optio et unde quasi est sunt et eos sed eveniet."}', 231, '2018-10-28 07:13:08', '2018-10-28 07:13:08'),
	(185, 2, '{"title":"quis","description":"Maxime expedita eaque et nihil doloremque animi."}', 94, '2018-10-28 07:13:08', '2018-10-28 07:13:08'),
	(186, 2, '{"title":"suscipit","description":"Et voluptatibus neque ipsa aliquid soluta velit veniam esse deserunt."}', 17, '2018-10-28 07:13:08', '2018-10-28 07:13:08'),
	(187, 1, '{"title":"est","description":"Totam nulla ea aliquid reiciendis dolores labore dolorum veniam."}', 279, '2018-10-28 07:13:08', '2018-10-28 07:13:08'),
	(188, 1, '{"title":"nulla","description":"Fugit autem magnam dicta dolorem placeat sit quis dolor cumque."}', 297, '2018-10-28 07:13:08', '2018-10-28 07:13:08'),
	(189, 2, '{"title":"sed","description":"Est nihil vero eligendi nobis illum nobis voluptate est sequi quis quis aliquid."}', 430, '2018-10-28 07:13:08', '2018-10-28 07:13:08'),
	(190, 2, '{"title":"corrupti","description":"Aspernatur ipsa pariatur esse quibusdam sequi accusantium."}', 142, '2018-10-28 07:13:08', '2018-10-28 07:13:08'),
	(191, 1, '{"title":"quisquam","description":"Odio ipsa enim eligendi ut alias laboriosam nihil maxime ullam."}', 173, '2018-10-28 07:13:08', '2018-10-28 07:13:08'),
	(192, 2, '{"title":"est","description":"Adipisci voluptate explicabo optio eum nulla provident."}', 73, '2018-10-28 07:13:08', '2018-10-28 07:13:08'),
	(193, 3, '{"title":"totam","description":"Sunt iure qui aliquam non dolor qui nihil."}', 136, '2018-10-28 07:13:08', '2018-10-28 07:13:08'),
	(194, 3, '{"title":"libero","description":"Voluptatem quia necessitatibus eum voluptatibus expedita rerum id et ea asperiores id fuga."}', 441, '2018-10-28 07:13:08', '2018-10-28 07:13:08'),
	(195, 3, '{"title":"dolor","description":"Ad in ut voluptates fuga sint quis est voluptatem."}', 451, '2018-10-28 07:13:08', '2018-10-28 07:13:08'),
	(196, 1, '{"title":"distinctio","description":"In dolorem illum delectus enim omnis et similique tenetur est velit qui perspiciatis ut."}', 140, '2018-10-28 07:13:08', '2018-10-28 07:13:08'),
	(197, 1, '{"title":"qui","description":"Animi dicta suscipit sed aut libero ex odio."}', 181, '2018-10-28 07:13:08', '2018-10-28 07:13:08'),
	(198, 3, '{"title":"dolorem","description":"Repudiandae asperiores excepturi quo ducimus eum nulla expedita."}', 479, '2018-10-28 07:13:08', '2018-10-28 07:13:08'),
	(199, 2, '{"title":"nesciunt","description":"Laboriosam consectetur illo architecto sit quod provident voluptatem iure sit."}', 262, '2018-10-28 07:13:08', '2018-10-28 07:13:08'),
	(200, 1, '{"title":"minima","description":"Quia illo est perspiciatis et numquam omnis cupiditate repellat perferendis error."}', 18, '2018-10-28 07:13:08', '2018-10-28 07:13:08'),
	(201, 1, '{"title":"laborum","description":"Unde nihil labore eos voluptatem ducimus nisi ipsum repudiandae similique officiis."}', 405, '2018-10-28 07:13:08', '2018-10-28 07:13:08'),
	(202, 3, '{"title":"ut","description":"Totam et harum autem quidem deserunt vero accusamus earum."}', 72, '2018-10-28 07:13:08', '2018-10-28 07:13:08'),
	(203, 1, '{"title":"quas","description":"Unde rerum aut quia et repellat at."}', 224, '2018-10-28 07:13:08', '2018-10-28 07:13:08'),
	(204, 2, '{"title":"id","description":"Rerum quod sint eum vel animi enim ut aliquam esse mollitia dolore."}', 138, '2018-10-28 07:13:08', '2018-10-28 07:13:08'),
	(205, 1, '{"title":"expedita","description":"Numquam odio earum ab est incidunt consequatur qui minus ducimus in ea quas."}', 14, '2018-10-28 07:13:08', '2018-10-28 07:13:08'),
	(206, 2, '{"title":"pariatur","description":"Sint quo nihil ea aperiam nisi non incidunt nulla error."}', 163, '2018-10-28 07:13:08', '2018-10-28 07:13:08'),
	(207, 3, '{"title":"repudiandae","description":"Molestiae voluptas debitis laudantium aut autem deserunt molestiae velit quo sint sint voluptates voluptatem."}', 91, '2018-10-28 07:13:08', '2018-10-28 07:13:08'),
	(208, 2, '{"title":"ea","description":"Natus quia et optio voluptatem sunt quia dolores et et delectus et et."}', 378, '2018-10-28 07:13:08', '2018-10-28 07:13:08'),
	(209, 1, '{"title":"minima","description":"Molestiae in quisquam vel ut incidunt esse incidunt sed animi et eius voluptatem asperiores."}', 220, '2018-10-28 07:13:08', '2018-10-28 07:13:08'),
	(210, 3, '{"title":"adipisci","description":"Eos ea facilis autem debitis et dolorem quia dolores nisi placeat necessitatibus a qui."}', 355, '2018-10-28 07:13:08', '2018-10-28 07:13:08'),
	(211, 3, '{"title":"iure","description":"Vel vitae eveniet est numquam debitis ut."}', 201, '2018-10-28 07:13:08', '2018-10-28 07:13:08'),
	(212, 2, '{"title":"voluptates","description":"Et quia ut quam molestias necessitatibus sed enim natus dicta."}', 332, '2018-10-28 07:13:08', '2018-10-28 07:13:08'),
	(213, 1, '{"title":"non","description":"Id ipsam in sequi corrupti qui temporibus repudiandae minus rerum."}', 271, '2018-10-28 07:13:08', '2018-10-28 07:13:08'),
	(214, 3, '{"title":"cum","description":"Laborum ea quisquam eaque voluptas reprehenderit facilis inventore."}', 295, '2018-10-28 07:13:08', '2018-10-28 07:13:08'),
	(215, 2, '{"title":"dolores","description":"Id occaecati et illum molestiae ea esse omnis."}', 65, '2018-10-28 07:13:08', '2018-10-28 07:13:08'),
	(216, 1, '{"title":"est","description":"Laboriosam expedita beatae qui magni dolores assumenda rem eos architecto."}', 471, '2018-10-28 07:13:08', '2018-10-28 07:13:08'),
	(217, 3, '{"title":"dolores","description":"Inventore aut animi reiciendis sit aut aut vel et commodi error."}', 332, '2018-10-28 07:13:08', '2018-10-28 07:13:08'),
	(218, 3, '{"title":"id","description":"Officia nam vitae repellendus dolorum soluta fugit aut."}', 447, '2018-10-28 07:13:08', '2018-10-28 07:13:08'),
	(219, 1, '{"title":"aliquid","description":"Nihil delectus dolores et molestias eos et iusto non occaecati facere mollitia voluptatem."}', 290, '2018-10-28 07:13:08', '2018-10-28 07:13:08'),
	(220, 1, '{"title":"ut","description":"Eum dolorum odit saepe nulla quia ratione eos eaque sunt perferendis."}', 101, '2018-10-28 07:13:08', '2018-10-28 07:13:08'),
	(221, 1, '{"title":"consectetur","description":"Quidem totam deleniti dolor qui vel ut ratione placeat voluptates ut."}', 43, '2018-10-28 07:13:08', '2018-10-28 07:13:08'),
	(222, 3, '{"title":"aperiam","description":"Ratione possimus sunt molestiae dolorum accusamus harum est modi dolorum alias."}', 275, '2018-10-28 07:13:08', '2018-10-28 07:13:08'),
	(223, 2, '{"title":"perferendis","description":"Reiciendis voluptates aut ducimus saepe similique excepturi esse eaque est eveniet fugit saepe qui ducimus."}', 436, '2018-10-28 07:13:08', '2018-10-28 07:13:08'),
	(224, 3, '{"title":"ut","description":"Quam perspiciatis alias in architecto fugiat neque nihil dolore quaerat."}', 348, '2018-10-28 07:13:08', '2018-10-28 07:13:08'),
	(225, 2, '{"title":"illo","description":"Quo vel fugiat a aut esse sint et."}', 129, '2018-10-28 07:13:08', '2018-10-28 07:13:08'),
	(226, 2, '{"title":"ducimus","description":"In veniam ut qui aliquid iste et quasi unde quisquam et."}', 277, '2018-10-28 07:13:08', '2018-10-28 07:13:08'),
	(227, 3, '{"title":"id","description":"Tempora eos quis dignissimos velit porro similique temporibus asperiores."}', 23, '2018-10-28 07:13:08', '2018-10-28 07:13:08'),
	(228, 3, '{"title":"culpa","description":"Cupiditate sed et sunt repellat tempore ad distinctio excepturi dolores aut consequatur voluptatum consequatur."}', 68, '2018-10-28 07:13:08', '2018-10-28 07:13:08'),
	(229, 2, '{"title":"dolore","description":"A quia quis distinctio enim quaerat dignissimos sunt voluptatibus."}', 407, '2018-10-28 07:13:08', '2018-10-28 07:13:08'),
	(230, 3, '{"title":"quaerat","description":"Aut nam tempore reiciendis iste voluptas amet molestiae dolores expedita sequi illum."}', 258, '2018-10-28 07:13:08', '2018-10-28 07:13:08'),
	(231, 2, '{"title":"quos","description":"Voluptas veritatis sequi dolores repellendus impedit suscipit voluptate neque quae sapiente."}', 399, '2018-10-28 07:13:08', '2018-10-28 07:13:08'),
	(232, 1, '{"title":"sit","description":"Enim error sed veritatis molestiae quia est quas quia."}', 51, '2018-10-28 07:13:08', '2018-10-28 07:13:08'),
	(233, 1, '{"title":"eaque","description":"Et eveniet ipsa deleniti ut molestiae sapiente perspiciatis dicta adipisci id quia cumque."}', 25, '2018-10-28 07:13:08', '2018-10-28 07:13:08'),
	(234, 1, '{"title":"assumenda","description":"Accusantium sapiente repellendus officiis exercitationem rerum quam."}', 65, '2018-10-28 07:13:08', '2018-10-28 07:13:08'),
	(235, 3, '{"title":"dicta","description":"Quia explicabo perferendis sequi voluptas voluptate officiis quasi dicta necessitatibus."}', 435, '2018-10-28 07:13:08', '2018-10-28 07:13:08'),
	(236, 3, '{"title":"ab","description":"Eveniet nemo dolore optio dolores blanditiis officiis odio ipsa et voluptas harum nesciunt voluptatem."}', 67, '2018-10-28 07:13:08', '2018-10-28 07:13:08'),
	(237, 2, '{"title":"debitis","description":"Perspiciatis minima et dolores deleniti quo incidunt eum cupiditate ut voluptas laborum omnis."}', 472, '2018-10-28 07:13:08', '2018-10-28 07:13:08'),
	(238, 2, '{"title":"cupiditate","description":"Ut officiis non nihil sapiente repellendus iste molestiae autem quod eligendi qui praesentium."}', 181, '2018-10-28 07:13:08', '2018-10-28 07:13:08'),
	(239, 3, '{"title":"sit","description":"Error pariatur sint veritatis doloremque doloremque consectetur debitis labore praesentium."}', 6, '2018-10-28 07:13:08', '2018-10-28 07:13:08'),
	(240, 1, '{"title":"quod","description":"Maxime rem dolore molestiae est accusamus velit ut molestiae fugit et quas placeat ut."}', 350, '2018-10-28 07:13:08', '2018-10-28 07:13:08'),
	(241, 2, '{"title":"atque","description":"Amet ullam nemo quo iure quas maxime itaque voluptatem odit vitae in velit."}', 95, '2018-10-28 07:13:08', '2018-10-28 07:13:08'),
	(242, 3, '{"title":"corrupti","description":"Facere consequatur doloremque dolores officiis sequi eum repellat ratione et nesciunt."}', 477, '2018-10-28 07:13:08', '2018-10-28 07:13:08'),
	(243, 3, '{"title":"sunt","description":"Aut est molestiae corporis mollitia sint cum natus corporis non labore autem dolores qui."}', 274, '2018-10-28 07:13:08', '2018-10-28 07:13:08'),
	(244, 1, '{"title":"quidem","description":"Est voluptatem et sit ipsa aut dolorem aliquid non."}', 12, '2018-10-28 07:13:08', '2018-10-28 07:13:08'),
	(245, 2, '{"title":"expedita","description":"Dignissimos quia reprehenderit et ut repellendus ab sunt ducimus perferendis quae adipisci vel cumque voluptatem."}', 251, '2018-10-28 07:13:08', '2018-10-28 07:13:08'),
	(246, 3, '{"title":"voluptatem","description":"Nisi et quia est eum rerum quia nihil reprehenderit voluptatum quidem tempora ipsa."}', 94, '2018-10-28 07:13:08', '2018-10-28 07:13:08'),
	(247, 1, '{"title":"animi","description":"Impedit sit rerum consectetur libero voluptatem error harum."}', 358, '2018-10-28 07:13:08', '2018-10-28 07:13:08'),
	(248, 1, '{"title":"recusandae","description":"Impedit nisi dolorum et consectetur omnis dolore maiores."}', 135, '2018-10-28 07:13:08', '2018-10-28 07:13:08'),
	(249, 2, '{"title":"molestiae","description":"Ut id qui vel cupiditate ex soluta sapiente qui praesentium sint."}', 135, '2018-10-28 07:13:08', '2018-10-28 07:13:08'),
	(250, 1, '{"title":"id","description":"Est non commodi ut nisi vel est."}', 493, '2018-10-28 07:13:08', '2018-10-28 07:13:08'),
	(251, 2, '{"title":"facere","description":"Velit doloribus corporis dolorem id praesentium suscipit rerum distinctio non voluptatibus rerum aut."}', 482, '2018-10-28 07:13:08', '2018-10-28 07:13:08'),
	(252, 2, '{"title":"sunt","description":"Voluptatem non totam natus tempora quia blanditiis numquam porro quasi cum quia."}', 71, '2018-10-28 07:13:08', '2018-10-28 07:13:08'),
	(253, 1, '{"title":"illum","description":"Incidunt accusantium voluptate quod sunt itaque quidem similique consequatur at dolorum ut qui impedit laudantium."}', 254, '2018-10-28 07:13:08', '2018-10-28 07:13:08'),
	(254, 3, '{"title":"recusandae","description":"Et et soluta provident tempora perferendis voluptas a rerum et rerum qui."}', 111, '2018-10-28 07:13:08', '2018-10-28 07:13:08'),
	(255, 2, '{"title":"omnis","description":"Id sed voluptate voluptatem ut ad itaque."}', 15, '2018-10-28 07:13:08', '2018-10-28 07:13:08'),
	(256, 1, '{"title":"ratione","description":"In dolores laboriosam rem ut laudantium sunt tenetur sapiente sed quia necessitatibus."}', 36, '2018-10-28 07:13:08', '2018-10-28 07:13:08'),
	(257, 3, '{"title":"dicta","description":"Veniam tenetur in eius odit enim qui quis sed omnis omnis eaque."}', 36, '2018-10-28 07:13:08', '2018-10-28 07:13:08'),
	(258, 1, '{"title":"veniam","description":"Quia at eaque veritatis aliquam et rerum voluptatibus."}', 146, '2018-10-28 07:13:08', '2018-10-28 07:13:08'),
	(259, 3, '{"title":"voluptas","description":"Sed ut laudantium laboriosam ex atque aut doloremque exercitationem iusto."}', 199, '2018-10-28 07:13:08', '2018-10-28 07:13:08'),
	(260, 1, '{"title":"nostrum","description":"Quia repellat omnis cupiditate aut sed qui dolore ducimus enim officiis dolorum accusantium tempora."}', 202, '2018-10-28 07:13:08', '2018-10-28 07:13:08'),
	(261, 3, '{"title":"doloribus","description":"At aut in explicabo totam et quia."}', 240, '2018-10-28 07:13:08', '2018-10-28 07:13:08'),
	(262, 2, '{"title":"et","description":"Reprehenderit rerum quia officia exercitationem aspernatur qui exercitationem qui fuga dolorem et veritatis placeat."}', 315, '2018-10-28 07:13:08', '2018-10-28 07:13:08'),
	(263, 2, '{"title":"dolores","description":"Et quia voluptas cumque illo placeat sed commodi tempore aspernatur omnis molestiae vero repudiandae."}', 364, '2018-10-28 07:13:08', '2018-10-28 07:13:08'),
	(264, 1, '{"title":"aut","description":"Est perferendis iusto ad officiis aperiam minus molestiae."}', 494, '2018-10-28 07:13:08', '2018-10-28 07:13:08'),
	(265, 2, '{"title":"voluptatibus","description":"Velit dolorem culpa qui reprehenderit officia asperiores fugit ut nostrum voluptatem nemo eos."}', 159, '2018-10-28 07:13:08', '2018-10-28 07:13:08'),
	(266, 2, '{"title":"atque","description":"Quaerat harum alias dolores iste esse repellendus voluptatem atque repellendus autem rerum unde."}', 288, '2018-10-28 07:13:08', '2018-10-28 07:13:08'),
	(267, 1, '{"title":"ut","description":"Quo illum aliquam unde corrupti dolorem eum non hic."}', 240, '2018-10-28 07:13:08', '2018-10-28 07:13:08'),
	(268, 2, '{"title":"nemo","description":"Et animi inventore ducimus omnis voluptas id voluptatem ea repellendus ea et et."}', 326, '2018-10-28 07:13:08', '2018-10-28 07:13:08'),
	(269, 1, '{"title":"sit","description":"Occaecati omnis quasi minima autem maxime vel doloribus ipsum quia."}', 432, '2018-10-28 07:13:08', '2018-10-28 07:13:08'),
	(270, 1, '{"title":"qui","description":"Quis consectetur in ea dolorem voluptatem cupiditate dolore voluptatem perspiciatis exercitationem consectetur."}', 19, '2018-10-28 07:13:08', '2018-10-28 07:13:08'),
	(271, 1, '{"title":"facilis","description":"Aut aspernatur nesciunt iusto dolor commodi atque et nesciunt maxime assumenda."}', 34, '2018-10-28 07:13:08', '2018-10-28 07:13:08'),
	(272, 1, '{"title":"voluptates","description":"Vel culpa commodi a temporibus culpa voluptas voluptas delectus."}', 154, '2018-10-28 07:13:08', '2018-10-28 07:13:08'),
	(273, 3, '{"title":"sequi","description":"Dicta voluptatem sunt consequuntur aut quam eius voluptates dicta rerum veniam quas ut cum."}', 332, '2018-10-28 07:13:08', '2018-10-28 07:13:08'),
	(274, 3, '{"title":"et","description":"Optio quibusdam dolore et nobis facere magni totam magnam."}', 86, '2018-10-28 07:13:08', '2018-10-28 07:13:08'),
	(275, 1, '{"title":"perspiciatis","description":"Necessitatibus est magnam distinctio ea tempore praesentium quibusdam est et doloribus non rerum laboriosam."}', 370, '2018-10-28 07:13:08', '2018-10-28 07:13:08'),
	(276, 1, '{"title":"eos","description":"Repellendus et velit dignissimos quidem ut consequuntur."}', 53, '2018-10-28 07:13:08', '2018-10-28 07:13:08'),
	(277, 2, '{"title":"non","description":"Laudantium quo ipsum quod a ipsam quisquam modi aliquam dolorem molestias nam maiores."}', 241, '2018-10-28 07:13:08', '2018-10-28 07:13:08'),
	(278, 3, '{"title":"blanditiis","description":"Et dolor aut culpa natus animi aut aut cumque architecto."}', 464, '2018-10-28 07:13:08', '2018-10-28 07:13:08'),
	(279, 1, '{"title":"aut","description":"Impedit aut ipsum cum autem nihil magnam et."}', 332, '2018-10-28 07:13:08', '2018-10-28 07:13:08'),
	(280, 3, '{"title":"earum","description":"Aut similique reiciendis et qui soluta et velit ut doloribus est pariatur ut."}', 113, '2018-10-28 07:13:08', '2018-10-28 07:13:08'),
	(281, 1, '{"title":"exercitationem","description":"Dicta minus iste qui molestias saepe perspiciatis sit perferendis."}', 348, '2018-10-28 07:13:08', '2018-10-28 07:13:08'),
	(282, 3, '{"title":"autem","description":"Doloremque maxime asperiores et natus culpa ratione est eum ea."}', 80, '2018-10-28 07:13:08', '2018-10-28 07:13:08'),
	(283, 3, '{"title":"alias","description":"Ut asperiores et beatae nesciunt ut vitae enim."}', 1, '2018-10-28 07:13:08', '2018-10-28 07:13:08'),
	(284, 1, '{"title":"beatae","description":"Facilis fugiat molestiae velit quae molestiae cupiditate quo dolores."}', 354, '2018-10-28 07:13:08', '2018-10-28 07:13:08'),
	(285, 1, '{"title":"atque","description":"Accusamus aliquid voluptatem libero nihil qui molestias quo ut ut officia nostrum et distinctio."}', 498, '2018-10-28 07:13:08', '2018-10-28 07:13:08'),
	(286, 1, '{"title":"voluptas","description":"Rerum laborum molestias a deleniti itaque illo quos molestias cupiditate saepe ut velit."}', 365, '2018-10-28 07:13:08', '2018-10-28 07:13:08'),
	(287, 1, '{"title":"in","description":"Sed delectus ut nemo veritatis assumenda aliquid ea id."}', 478, '2018-10-28 07:13:08', '2018-10-28 07:13:08'),
	(288, 3, '{"title":"ut","description":"Adipisci blanditiis id dolores non rem saepe neque possimus dolorem voluptates."}', 195, '2018-10-28 07:13:08', '2018-10-28 07:13:08'),
	(289, 1, '{"title":"consequatur","description":"Aliquam sed est ea hic qui sint et ex dolore nemo."}', 451, '2018-10-28 07:13:08', '2018-10-28 07:13:08'),
	(290, 2, '{"title":"suscipit","description":"Doloremque facere nemo dolor esse quis laborum sunt iste eum ut nostrum et."}', 131, '2018-10-28 07:13:08', '2018-10-28 07:13:08'),
	(291, 3, '{"title":"quisquam","description":"Maiores eos omnis et unde autem amet sit iure sed delectus libero sit velit minus."}', 147, '2018-10-28 07:13:08', '2018-10-28 07:13:08'),
	(292, 2, '{"title":"doloremque","description":"Praesentium et est accusantium exercitationem nulla unde exercitationem recusandae non magnam debitis."}', 130, '2018-10-28 07:13:08', '2018-10-28 07:13:08'),
	(293, 3, '{"title":"modi","description":"Nostrum tempore et dolorem ut esse error doloremque dolorum."}', 205, '2018-10-28 07:13:08', '2018-10-28 07:13:08'),
	(294, 2, '{"title":"debitis","description":"Ducimus magni esse aut nam voluptates suscipit animi quo."}', 93, '2018-10-28 07:13:08', '2018-10-28 07:13:08'),
	(295, 1, '{"title":"tempore","description":"Voluptatum eos aut ipsam ut est explicabo."}', 302, '2018-10-28 07:13:08', '2018-10-28 07:13:08'),
	(296, 2, '{"title":"a","description":"Odio sit doloremque quaerat magni voluptatem in quidem voluptatum assumenda atque et omnis aut."}', 142, '2018-10-28 07:13:08', '2018-10-28 07:13:08'),
	(297, 1, '{"title":"soluta","description":"Atque qui sit ut quos ullam veritatis nesciunt facilis veniam ut incidunt."}', 329, '2018-10-28 07:13:08', '2018-10-28 07:13:08'),
	(298, 2, '{"title":"nisi","description":"Reprehenderit est rem ipsam et dolores ratione et error rerum laborum magnam."}', 62, '2018-10-28 07:13:08', '2018-10-28 07:13:08'),
	(299, 2, '{"title":"numquam","description":"Magni ex aspernatur in modi nihil sit tempore aliquam et enim delectus."}', 468, '2018-10-28 07:13:08', '2018-10-28 07:13:08'),
	(300, 2, '{"title":"et","description":"Autem nobis dolore officia maiores adipisci minima consequuntur modi."}', 275, '2018-10-28 07:13:08', '2018-10-28 07:13:08'),
	(301, 3, '{"title":"quisquam","description":"Dolore repellat libero corrupti reiciendis eos eos exercitationem minima incidunt omnis aut."}', 293, '2018-10-28 07:13:08', '2018-10-28 07:13:08'),
	(302, 3, '{"title":"non","description":"Provident aspernatur voluptatem nihil est dolores ducimus rerum minima quod nostrum eos incidunt dolor."}', 415, '2018-10-28 07:13:08', '2018-10-28 07:13:08'),
	(303, 2, '{"title":"rerum","description":"Assumenda deleniti debitis impedit voluptatem in iusto ratione et enim eos."}', 58, '2018-10-28 07:13:08', '2018-10-28 07:13:08'),
	(304, 1, '{"title":"error","description":"Quia quaerat molestias harum iure at pariatur doloremque in laboriosam aut similique."}', 293, '2018-10-28 07:13:08', '2018-10-28 07:13:08'),
	(305, 2, '{"title":"cumque","description":"Laboriosam distinctio quia veniam nostrum amet ducimus porro quidem sit."}', 265, '2018-10-28 07:13:08', '2018-10-28 07:13:08'),
	(306, 1, '{"title":"sint","description":"Ut tempore aut aperiam repellendus nobis odio."}', 354, '2018-10-28 07:13:08', '2018-10-28 07:13:08'),
	(307, 1, '{"title":"nisi","description":"Aut laborum veniam fugit inventore reprehenderit aspernatur voluptatum laudantium quis nemo error maxime."}', 393, '2018-10-28 07:13:08', '2018-10-28 07:13:08'),
	(308, 3, '{"title":"non","description":"Quasi unde quaerat aut dolores temporibus cumque nulla ratione et."}', 308, '2018-10-28 07:13:08', '2018-10-28 07:13:08'),
	(309, 1, '{"title":"voluptatibus","description":"Sit iste amet et quos reiciendis dolore."}', 467, '2018-10-28 07:13:08', '2018-10-28 07:13:08'),
	(310, 3, '{"title":"facilis","description":"Commodi consequuntur impedit qui magnam quam veritatis nihil quia ad."}', 367, '2018-10-28 07:13:08', '2018-10-28 07:13:08'),
	(311, 1, '{"title":"aspernatur","description":"Maxime accusamus aut asperiores qui nobis voluptates culpa rerum voluptas quidem ut ut."}', 468, '2018-10-28 07:13:08', '2018-10-28 07:13:08'),
	(312, 2, '{"title":"inventore","description":"Libero impedit quia libero est vel error."}', 188, '2018-10-28 07:13:08', '2018-10-28 07:13:08'),
	(313, 3, '{"title":"voluptas","description":"Sed rerum aliquam magni commodi dolores in qui corrupti distinctio."}', 286, '2018-10-28 07:13:08', '2018-10-28 07:13:08'),
	(314, 2, '{"title":"rem","description":"Molestiae harum quo vitae et molestias deserunt et deleniti suscipit autem ut ea distinctio."}', 2, '2018-10-28 07:13:08', '2018-10-28 07:13:08'),
	(315, 2, '{"title":"quis","description":"Tempora consequatur maxime omnis quidem ratione facere perferendis nobis iusto excepturi sed ipsam in."}', 86, '2018-10-28 07:13:08', '2018-10-28 07:13:08'),
	(316, 1, '{"title":"suscipit","description":"Illo culpa tenetur autem unde illo ipsa."}', 100, '2018-10-28 07:13:08', '2018-10-28 07:13:08'),
	(317, 2, '{"title":"et","description":"Id sit libero modi rerum repellendus reiciendis dicta quis cum doloribus mollitia molestiae reiciendis."}', 179, '2018-10-28 07:13:08', '2018-10-28 07:13:08'),
	(318, 1, '{"title":"repellat","description":"Maxime vel totam et harum eaque sint officia."}', 42, '2018-10-28 07:13:08', '2018-10-28 07:13:08'),
	(319, 3, '{"title":"delectus","description":"Adipisci cupiditate ipsa ea sed itaque nobis."}', 139, '2018-10-28 07:13:08', '2018-10-28 07:13:08'),
	(320, 2, '{"title":"odit","description":"Occaecati labore aperiam sint eos voluptate vel."}', 444, '2018-10-28 07:13:08', '2018-10-28 07:13:08'),
	(321, 2, '{"title":"eius","description":"Et provident dolor quibusdam facere molestiae blanditiis consequuntur vitae a modi aspernatur et eveniet."}', 158, '2018-10-28 07:13:08', '2018-10-28 07:13:08'),
	(322, 1, '{"title":"itaque","description":"Sequi dolorum earum harum voluptatem magnam qui dolorem consequatur aut quidem aut."}', 329, '2018-10-28 07:13:08', '2018-10-28 07:13:08'),
	(323, 3, '{"title":"adipisci","description":"Perferendis quia commodi quo id eveniet magnam rerum repudiandae."}', 348, '2018-10-28 07:13:08', '2018-10-28 07:13:08'),
	(324, 3, '{"title":"sit","description":"Doloremque exercitationem rem vel et nemo quam amet error beatae odio perferendis laudantium."}', 190, '2018-10-28 07:13:08', '2018-10-28 07:13:08'),
	(325, 1, '{"title":"deserunt","description":"Aut rem soluta consequatur vel molestias autem incidunt."}', 83, '2018-10-28 07:13:08', '2018-10-28 07:13:08'),
	(326, 3, '{"title":"dolor","description":"Accusantium aut et dignissimos voluptatem veniam dolore ipsa delectus ut est et soluta."}', 188, '2018-10-28 07:13:08', '2018-10-28 07:13:08'),
	(327, 3, '{"title":"eius","description":"Blanditiis aliquam velit voluptatem quidem assumenda eum."}', 167, '2018-10-28 07:13:08', '2018-10-28 07:13:08'),
	(328, 1, '{"title":"minima","description":"Molestias beatae et nam totam quaerat et dolores omnis hic aperiam aut ex."}', 182, '2018-10-28 07:13:08', '2018-10-28 07:13:08'),
	(329, 2, '{"title":"doloremque","description":"Ipsum illo quo dolorem animi earum perferendis ea consectetur provident."}', 168, '2018-10-28 07:13:08', '2018-10-28 07:13:08'),
	(330, 1, '{"title":"nihil","description":"Voluptas voluptate voluptas in sit autem voluptatem."}', 386, '2018-10-28 07:13:08', '2018-10-28 07:13:08'),
	(331, 3, '{"title":"fugit","description":"Ducimus qui quam quis culpa iusto blanditiis voluptatem."}', 342, '2018-10-28 07:13:08', '2018-10-28 07:13:08'),
	(332, 1, '{"title":"maiores","description":"Est id quaerat eaque ut vel repellat dolores omnis animi."}', 449, '2018-10-28 07:13:08', '2018-10-28 07:13:08'),
	(333, 2, '{"title":"tempore","description":"Similique dolorem dolores rerum repellat sunt consequuntur repellat ut eligendi velit voluptatem dolorem."}', 325, '2018-10-28 07:13:08', '2018-10-28 07:13:08'),
	(334, 1, '{"title":"veniam","description":"Quo ullam sed officia quis dolorem tenetur praesentium."}', 151, '2018-10-28 07:13:08', '2018-10-28 07:13:08'),
	(335, 3, '{"title":"ratione","description":"Labore aut veniam ex odit soluta ratione quasi culpa molestiae dignissimos repellendus."}', 477, '2018-10-28 07:13:08', '2018-10-28 07:13:08'),
	(336, 1, '{"title":"et","description":"Magnam vel fugit voluptatem sit nam in corrupti odit."}', 65, '2018-10-28 07:13:08', '2018-10-28 07:13:08'),
	(337, 1, '{"title":"qui","description":"Exercitationem eos earum aut voluptatem exercitationem accusantium totam sint est nesciunt."}', 139, '2018-10-28 07:13:08', '2018-10-28 07:13:08'),
	(338, 2, '{"title":"vel","description":"Ipsam repudiandae dolorem aliquam quisquam nihil velit ut."}', 380, '2018-10-28 07:13:08', '2018-10-28 07:13:08'),
	(339, 1, '{"title":"ea","description":"Ut ducimus voluptas quia error aliquid earum porro rerum et minima minus molestiae."}', 12, '2018-10-28 07:13:08', '2018-10-28 07:13:08'),
	(340, 1, '{"title":"molestiae","description":"Nihil est doloribus deserunt veritatis quos id quos voluptas occaecati ipsa aut sequi aut."}', 181, '2018-10-28 07:13:08', '2018-10-28 07:13:08'),
	(341, 1, '{"title":"autem","description":"Ut aut et fugit eum enim magni sed."}', 96, '2018-10-28 07:13:08', '2018-10-28 07:13:08'),
	(342, 2, '{"title":"quam","description":"Hic sed sunt nihil aspernatur adipisci impedit eos et."}', 377, '2018-10-28 07:13:08', '2018-10-28 07:13:08'),
	(343, 1, '{"title":"sint","description":"Voluptas cupiditate vel officiis illum iste ex fugiat vel id deserunt qui porro."}', 371, '2018-10-28 07:13:08', '2018-10-28 07:13:08'),
	(344, 2, '{"title":"quia","description":"Voluptas dolores nihil maiores sequi temporibus asperiores quas velit rerum sunt."}', 76, '2018-10-28 07:13:08', '2018-10-28 07:13:08'),
	(345, 2, '{"title":"ducimus","description":"Et aspernatur molestiae est aliquid consectetur neque accusamus quis nihil blanditiis."}', 126, '2018-10-28 07:13:08', '2018-10-28 07:13:08'),
	(346, 2, '{"title":"quisquam","description":"Ut et consequuntur minima eligendi rerum aspernatur magni eos et aut."}', 14, '2018-10-28 07:13:08', '2018-10-28 07:13:08'),
	(347, 2, '{"title":"quas","description":"Incidunt facilis voluptatum hic id perferendis sit facere vel qui."}', 252, '2018-10-28 07:13:08', '2018-10-28 07:13:08'),
	(348, 2, '{"title":"repudiandae","description":"Id quaerat ratione cumque eligendi omnis repellendus."}', 211, '2018-10-28 07:13:08', '2018-10-28 07:13:08'),
	(349, 1, '{"title":"at","description":"Vel vel ducimus officia facere vitae aspernatur voluptas."}', 291, '2018-10-28 07:13:08', '2018-10-28 07:13:08'),
	(350, 2, '{"title":"qui","description":"Quod officiis qui quas unde ab accusamus voluptate voluptatem qui est quaerat et harum."}', 85, '2018-10-28 07:13:08', '2018-10-28 07:13:08'),
	(351, 3, '{"title":"minus","description":"Quia qui qui eos inventore hic ad."}', 291, '2018-10-28 07:13:08', '2018-10-28 07:13:08'),
	(352, 2, '{"title":"et","description":"Animi nihil corrupti neque iusto enim aut numquam quam voluptatem iste."}', 178, '2018-10-28 07:13:08', '2018-10-28 07:13:08'),
	(353, 1, '{"title":"nulla","description":"Modi voluptatum qui aliquam quam enim ea quia."}', 433, '2018-10-28 07:13:08', '2018-10-28 07:13:08'),
	(354, 2, '{"title":"quia","description":"Eum repellendus minima quod ut quaerat autem natus."}', 303, '2018-10-28 07:13:08', '2018-10-28 07:13:08'),
	(355, 2, '{"title":"dignissimos","description":"Sit voluptatibus corrupti commodi molestiae eaque necessitatibus nisi."}', 492, '2018-10-28 07:13:08', '2018-10-28 07:13:08'),
	(356, 3, '{"title":"sit","description":"Numquam nihil ab suscipit nobis neque harum cum dolor perferendis tempore."}', 448, '2018-10-28 07:13:08', '2018-10-28 07:13:08'),
	(357, 3, '{"title":"dolore","description":"Quidem sit voluptates odit et non omnis nemo."}', 144, '2018-10-28 07:13:08', '2018-10-28 07:13:08'),
	(358, 1, '{"title":"blanditiis","description":"Rerum rem ut est harum maiores esse quam."}', 470, '2018-10-28 07:13:08', '2018-10-28 07:13:08'),
	(359, 1, '{"title":"modi","description":"Ea hic et quisquam rerum vel maxime dolor."}', 430, '2018-10-28 07:13:08', '2018-10-28 07:13:08'),
	(360, 2, '{"title":"ipsa","description":"Rerum reiciendis quia ratione a fugiat minus vel."}', 87, '2018-10-28 07:13:08', '2018-10-28 07:13:08'),
	(361, 3, '{"title":"molestias","description":"Et incidunt dignissimos non nostrum deleniti ipsam tempore dolor velit eius vero."}', 192, '2018-10-28 07:13:08', '2018-10-28 07:13:08'),
	(362, 1, '{"title":"sunt","description":"Dolore est in aspernatur ea consequatur architecto eos voluptas blanditiis."}', 480, '2018-10-28 07:13:08', '2018-10-28 07:13:08'),
	(363, 1, '{"title":"molestiae","description":"Et autem beatae est ut doloribus asperiores voluptatem adipisci error ipsum dignissimos praesentium."}', 130, '2018-10-28 07:13:08', '2018-10-28 07:13:08'),
	(364, 2, '{"title":"earum","description":"Possimus et voluptatibus quibusdam temporibus voluptatibus et eius."}', 255, '2018-10-28 07:13:08', '2018-10-28 07:13:08'),
	(365, 3, '{"title":"doloremque","description":"Optio numquam in voluptate et hic ab."}', 321, '2018-10-28 07:13:08', '2018-10-28 07:13:08'),
	(366, 1, '{"title":"soluta","description":"Ea suscipit cum dolore eius veritatis itaque error hic."}', 163, '2018-10-28 07:13:08', '2018-10-28 07:13:08'),
	(367, 1, '{"title":"modi","description":"Laborum quam veritatis incidunt aut debitis reprehenderit ratione in."}', 29, '2018-10-28 07:13:08', '2018-10-28 07:13:08'),
	(368, 3, '{"title":"numquam","description":"Repellat cupiditate suscipit sequi modi aut ut autem rem pariatur quam qui enim deleniti."}', 391, '2018-10-28 07:13:08', '2018-10-28 07:13:08'),
	(369, 1, '{"title":"non","description":"Labore perferendis sint ullam qui aut sit amet cupiditate."}', 174, '2018-10-28 07:13:08', '2018-10-28 07:13:08'),
	(370, 1, '{"title":"vel","description":"Ut maiores ea ratione repellat provident quia aliquam."}', 10, '2018-10-28 07:13:08', '2018-10-28 07:13:08'),
	(371, 3, '{"title":"autem","description":"Incidunt fuga pariatur voluptates et qui ratione vel."}', 414, '2018-10-28 07:13:08', '2018-10-28 07:13:08'),
	(372, 1, '{"title":"est","description":"Maxime fugiat autem sequi blanditiis magnam eveniet incidunt veniam suscipit vitae eveniet."}', 399, '2018-10-28 07:13:08', '2018-10-28 07:13:08'),
	(373, 3, '{"title":"aut","description":"Voluptatibus dolorem voluptatibus deserunt quia corrupti quas voluptas ipsum sed cupiditate."}', 359, '2018-10-28 07:13:08', '2018-10-28 07:13:08'),
	(374, 2, '{"title":"est","description":"Aperiam dolorem beatae dolores id nemo autem repudiandae illo voluptatum nihil adipisci."}', 77, '2018-10-28 07:13:08', '2018-10-28 07:13:08'),
	(375, 3, '{"title":"labore","description":"Iure delectus ab quia maiores quod maxime aut pariatur velit quo exercitationem."}', 227, '2018-10-28 07:13:08', '2018-10-28 07:13:08'),
	(376, 2, '{"title":"doloribus","description":"Et vitae vero vel natus officiis nihil aut necessitatibus consequatur voluptate."}', 169, '2018-10-28 07:13:08', '2018-10-28 07:13:08'),
	(377, 3, '{"title":"iusto","description":"Non saepe dolorem error et voluptate natus molestiae qui."}', 333, '2018-10-28 07:13:08', '2018-10-28 07:13:08'),
	(378, 3, '{"title":"et","description":"Numquam eius non sunt totam quae veniam autem aut enim doloribus aut."}', 263, '2018-10-28 07:13:08', '2018-10-28 07:13:08'),
	(379, 1, '{"title":"eveniet","description":"At quasi assumenda qui nihil est dolorem est et amet est maiores non quas."}', 407, '2018-10-28 07:13:08', '2018-10-28 07:13:08'),
	(380, 1, '{"title":"iusto","description":"Eum numquam totam consequuntur voluptatem quisquam vel doloremque rerum et quos voluptatum voluptates quasi."}', 76, '2018-10-28 07:13:08', '2018-10-28 07:13:08'),
	(381, 3, '{"title":"vitae","description":"Et mollitia mollitia ipsa inventore iure rerum hic et eum doloribus et."}', 319, '2018-10-28 07:13:08', '2018-10-28 07:13:08'),
	(382, 3, '{"title":"ut","description":"Et incidunt ut iusto sint recusandae sit dolor quasi nihil quasi ut autem."}', 472, '2018-10-28 07:13:08', '2018-10-28 07:13:08'),
	(383, 2, '{"title":"quaerat","description":"Mollitia earum omnis et aut repudiandae distinctio veniam nemo quis."}', 329, '2018-10-28 07:13:08', '2018-10-28 07:13:08'),
	(384, 1, '{"title":"corrupti","description":"Ut molestiae placeat eius fuga molestiae dolor."}', 195, '2018-10-28 07:13:08', '2018-10-28 07:13:08'),
	(385, 1, '{"title":"doloribus","description":"Et hic quasi praesentium aut dolorum magni illum culpa nihil nobis nemo saepe."}', 6, '2018-10-28 07:13:08', '2018-10-28 07:13:08'),
	(386, 1, '{"title":"ullam","description":"Facilis consequuntur autem distinctio consequuntur sed corrupti fugit."}', 97, '2018-10-28 07:13:08', '2018-10-28 07:13:08'),
	(387, 1, '{"title":"recusandae","description":"Consectetur quibusdam voluptatem similique hic ipsum magnam."}', 436, '2018-10-28 07:13:08', '2018-10-28 07:13:08'),
	(388, 2, '{"title":"omnis","description":"Consequuntur omnis quod nam mollitia sit fuga sunt quas saepe repudiandae quis aliquam aliquam."}', 494, '2018-10-28 07:13:08', '2018-10-28 07:13:08'),
	(389, 1, '{"title":"veniam","description":"Facere quasi labore facere quo mollitia rerum nemo velit qui facere sit deleniti et."}', 395, '2018-10-28 07:13:08', '2018-10-28 07:13:08'),
	(390, 1, '{"title":"fugiat","description":"Et sit laboriosam et natus qui fugiat."}', 85, '2018-10-28 07:13:08', '2018-10-28 07:13:08'),
	(391, 2, '{"title":"laboriosam","description":"Et praesentium vel consequatur quia animi eligendi aut laborum autem tenetur."}', 312, '2018-10-28 07:13:08', '2018-10-28 07:13:08'),
	(392, 3, '{"title":"velit","description":"Adipisci harum repellendus quam asperiores dicta consequatur eum voluptas."}', 115, '2018-10-28 07:13:08', '2018-10-28 07:13:08'),
	(393, 2, '{"title":"aliquam","description":"Alias officiis veniam velit facere dignissimos nulla ducimus consequatur corporis neque quisquam dolores."}', 368, '2018-10-28 07:13:08', '2018-10-28 07:13:08'),
	(394, 1, '{"title":"est","description":"Dolores molestiae quis eligendi porro ipsam sapiente aut voluptas et minus autem."}', 349, '2018-10-28 07:13:08', '2018-10-28 07:13:08'),
	(395, 1, '{"title":"itaque","description":"Pariatur ad sit et earum quidem voluptatem ut accusamus."}', 211, '2018-10-28 07:13:08', '2018-10-28 07:13:08'),
	(396, 3, '{"title":"animi","description":"Eligendi illo aperiam ullam accusantium hic rerum saepe nihil."}', 29, '2018-10-28 07:13:08', '2018-10-28 07:13:08'),
	(397, 3, '{"title":"cum","description":"Recusandae eum amet et qui iste consequatur facere consequatur."}', 247, '2018-10-28 07:13:08', '2018-10-28 07:13:08'),
	(398, 2, '{"title":"et","description":"Maxime consequatur perspiciatis ut nemo nisi atque ut temporibus."}', 426, '2018-10-28 07:13:08', '2018-10-28 07:13:08'),
	(399, 3, '{"title":"ea","description":"Enim quis rerum illum ut eius exercitationem soluta."}', 84, '2018-10-28 07:13:08', '2018-10-28 07:13:08'),
	(400, 1, '{"title":"voluptas","description":"Est libero et recusandae quos quisquam voluptas et corrupti veritatis."}', 312, '2018-10-28 07:13:08', '2018-10-28 07:13:08'),
	(401, 1, '{"title":"facere","description":"Pariatur magnam repellendus explicabo voluptatum in reprehenderit qui."}', 102, '2018-10-28 07:13:08', '2018-10-28 07:13:08'),
	(402, 1, '{"title":"sint","description":"Sed neque dolorum dolores voluptas quia vero deserunt."}', 361, '2018-10-28 07:13:08', '2018-10-28 07:13:08'),
	(403, 2, '{"title":"et","description":"Vel vel ut autem soluta magni unde soluta dolorem itaque."}', 322, '2018-10-28 07:13:08', '2018-10-28 07:13:08'),
	(404, 1, '{"title":"reiciendis","description":"Nesciunt dignissimos et at accusamus inventore voluptatem dignissimos."}', 462, '2018-10-28 07:13:08', '2018-10-28 07:13:08'),
	(405, 2, '{"title":"corporis","description":"Dolores quibusdam magnam cupiditate quae consequatur officia et dolor velit."}', 201, '2018-10-28 07:13:08', '2018-10-28 07:13:08'),
	(406, 2, '{"title":"rerum","description":"Aut ad illo quo nemo enim fugit."}', 376, '2018-10-28 07:13:08', '2018-10-28 07:13:08'),
	(407, 1, '{"title":"aut","description":"Eius incidunt rerum a tempore ut perferendis eum."}', 197, '2018-10-28 07:13:08', '2018-10-28 07:13:08'),
	(408, 2, '{"title":"nihil","description":"Voluptas tempora repellat eaque aut maiores facilis et."}', 47, '2018-10-28 07:13:08', '2018-10-28 07:13:08'),
	(409, 3, '{"title":"cum","description":"Reprehenderit omnis ut saepe asperiores quas numquam expedita nostrum saepe culpa vel unde."}', 281, '2018-10-28 07:13:08', '2018-10-28 07:13:08'),
	(410, 3, '{"title":"rerum","description":"Quaerat aut veritatis dolor veritatis dolorum atque."}', 272, '2018-10-28 07:13:08', '2018-10-28 07:13:08'),
	(411, 1, '{"title":"exercitationem","description":"Eos asperiores quasi neque sapiente praesentium labore voluptas ut occaecati tempore iure odio."}', 414, '2018-10-28 07:13:08', '2018-10-28 07:13:08'),
	(412, 2, '{"title":"voluptatem","description":"Corrupti inventore corporis rerum a itaque debitis quasi voluptas aut."}', 484, '2018-10-28 07:13:08', '2018-10-28 07:13:08'),
	(413, 3, '{"title":"qui","description":"Nostrum atque ducimus libero consequatur eos ut dolor eligendi ad eum."}', 37, '2018-10-28 07:13:08', '2018-10-28 07:13:08'),
	(414, 3, '{"title":"in","description":"Nulla necessitatibus et et iure laboriosam voluptate magni ullam quam illo officia expedita consequatur."}', 146, '2018-10-28 07:13:08', '2018-10-28 07:13:08'),
	(415, 2, '{"title":"et","description":"Asperiores nesciunt sint aut sint quis eius veritatis facilis quae."}', 477, '2018-10-28 07:13:08', '2018-10-28 07:13:08'),
	(416, 3, '{"title":"cumque","description":"Dolores eligendi molestiae inventore aut possimus doloribus ut tenetur officiis et dolorem ducimus."}', 402, '2018-10-28 07:13:08', '2018-10-28 07:13:08'),
	(417, 1, '{"title":"enim","description":"Sunt ut ea soluta ducimus nostrum magnam repellat incidunt."}', 164, '2018-10-28 07:13:08', '2018-10-28 07:13:08'),
	(418, 1, '{"title":"aut","description":"Quisquam et ex illum voluptas molestiae est ipsa omnis."}', 119, '2018-10-28 07:13:08', '2018-10-28 07:13:08'),
	(419, 1, '{"title":"beatae","description":"Facere necessitatibus ipsa odit qui aut eum modi accusantium."}', 325, '2018-10-28 07:13:08', '2018-10-28 07:13:08'),
	(420, 1, '{"title":"omnis","description":"Facilis alias eum omnis velit eveniet hic laboriosam quo."}', 207, '2018-10-28 07:13:08', '2018-10-28 07:13:08'),
	(421, 1, '{"title":"rem","description":"Et quia illo et quod at aut maxime facilis nam occaecati maxime."}', 134, '2018-10-28 07:13:08', '2018-10-28 07:13:08'),
	(422, 3, '{"title":"nam","description":"Est et distinctio dolor recusandae aperiam sint."}', 16, '2018-10-28 07:13:08', '2018-10-28 07:13:08'),
	(423, 2, '{"title":"quia","description":"Mollitia beatae vero vel reiciendis molestiae corrupti dignissimos nostrum asperiores fugiat."}', 184, '2018-10-28 07:13:08', '2018-10-28 07:13:08'),
	(424, 3, '{"title":"dolorum","description":"Sequi voluptatem nesciunt ducimus similique laboriosam saepe."}', 490, '2018-10-28 07:13:08', '2018-10-28 07:13:08'),
	(425, 1, '{"title":"voluptas","description":"Reiciendis fugit ab error omnis dolor unde architecto nulla."}', 85, '2018-10-28 07:13:08', '2018-10-28 07:13:08'),
	(426, 3, '{"title":"nisi","description":"Aut eos vero blanditiis recusandae dolor velit et eum voluptatem vitae."}', 226, '2018-10-28 07:13:08', '2018-10-28 07:13:08'),
	(427, 3, '{"title":"debitis","description":"Dignissimos iure impedit et nihil qui consequuntur."}', 179, '2018-10-28 07:13:08', '2018-10-28 07:13:08'),
	(428, 2, '{"title":"nihil","description":"Debitis est voluptas velit et exercitationem earum quidem molestiae commodi repudiandae."}', 231, '2018-10-28 07:13:08', '2018-10-28 07:13:08'),
	(429, 3, '{"title":"et","description":"Quibusdam quasi modi optio quasi reprehenderit odit."}', 180, '2018-10-28 07:13:08', '2018-10-28 07:13:08'),
	(430, 3, '{"title":"soluta","description":"Et et ab repudiandae laboriosam repellendus amet reprehenderit cumque."}', 472, '2018-10-28 07:13:08', '2018-10-28 07:13:08'),
	(431, 3, '{"title":"rem","description":"Quod corporis aut inventore explicabo cumque beatae explicabo placeat qui error ipsam dolor."}', 352, '2018-10-28 07:13:08', '2018-10-28 07:13:08'),
	(432, 3, '{"title":"at","description":"Non consectetur sint et quis dolore iste voluptatem dolores aliquid debitis consequuntur."}', 216, '2018-10-28 07:13:08', '2018-10-28 07:13:08'),
	(433, 3, '{"title":"iure","description":"Accusantium voluptatum aut assumenda laborum dolores laborum facilis facere et tempora suscipit illum."}', 262, '2018-10-28 07:13:08', '2018-10-28 07:13:08'),
	(434, 3, '{"title":"at","description":"Quo ipsa consectetur aliquam voluptatem eum perferendis ea eum corporis recusandae quam."}', 393, '2018-10-28 07:13:08', '2018-10-28 07:13:08'),
	(435, 2, '{"title":"ducimus","description":"Voluptatem quia amet magnam consectetur omnis officia quas facilis harum aut non nihil."}', 358, '2018-10-28 07:13:08', '2018-10-28 07:13:08'),
	(436, 2, '{"title":"maiores","description":"Quis possimus commodi consectetur nesciunt voluptatem hic optio eligendi."}', 458, '2018-10-28 07:13:08', '2018-10-28 07:13:08'),
	(437, 2, '{"title":"est","description":"Dolores doloremque eos enim nihil molestiae similique aut at."}', 6, '2018-10-28 07:13:08', '2018-10-28 07:13:08'),
	(438, 2, '{"title":"cum","description":"Quibusdam labore error qui at voluptatibus nostrum voluptas eos amet."}', 193, '2018-10-28 07:13:08', '2018-10-28 07:13:08'),
	(439, 2, '{"title":"quia","description":"Nobis ipsam est amet autem qui dolores voluptatem et sunt accusantium."}', 320, '2018-10-28 07:13:08', '2018-10-28 07:13:08'),
	(440, 1, '{"title":"nam","description":"Nostrum odio animi consectetur ipsum ut aut dolorem nisi et aperiam officiis."}', 309, '2018-10-28 07:13:08', '2018-10-28 07:13:08'),
	(441, 1, '{"title":"possimus","description":"Est a quisquam sed minus ab deleniti excepturi nihil quos aperiam."}', 140, '2018-10-28 07:13:08', '2018-10-28 07:13:08'),
	(442, 2, '{"title":"rerum","description":"Occaecati voluptatem unde minus aperiam quia eius."}', 495, '2018-10-28 07:13:08', '2018-10-28 07:13:08'),
	(443, 3, '{"title":"laudantium","description":"Necessitatibus vero maxime necessitatibus placeat adipisci omnis laborum magnam animi."}', 21, '2018-10-28 07:13:08', '2018-10-28 07:13:08'),
	(444, 3, '{"title":"dolorem","description":"Dolore nobis recusandae enim culpa ipsum expedita sunt vel illo vero."}', 335, '2018-10-28 07:13:08', '2018-10-28 07:13:08'),
	(445, 3, '{"title":"cum","description":"Nihil aut qui doloremque commodi ea alias minus deserunt similique quia."}', 44, '2018-10-28 07:13:08', '2018-10-28 07:13:08'),
	(446, 3, '{"title":"porro","description":"Consectetur sed error sit et deserunt aut eligendi dolorum atque est."}', 382, '2018-10-28 07:13:08', '2018-10-28 07:13:08'),
	(447, 3, '{"title":"id","description":"Magnam molestiae beatae culpa atque nulla ex autem voluptas dolores."}', 432, '2018-10-28 07:13:08', '2018-10-28 07:13:08'),
	(448, 1, '{"title":"quibusdam","description":"Eius dicta minima dolor ut et cumque eum culpa."}', 357, '2018-10-28 07:13:08', '2018-10-28 07:13:08'),
	(449, 3, '{"title":"deserunt","description":"Ratione repudiandae dolorem fugit molestiae ea repellat qui sit."}', 212, '2018-10-28 07:13:08', '2018-10-28 07:13:08'),
	(450, 2, '{"title":"quis","description":"Excepturi omnis facere sit eos iure ea incidunt officiis itaque autem."}', 404, '2018-10-28 07:13:08', '2018-10-28 07:13:08'),
	(451, 2, '{"title":"ut","description":"Iste est dicta et perferendis iusto quae mollitia id ut rerum et tempore et."}', 73, '2018-10-28 07:13:08', '2018-10-28 07:13:08'),
	(452, 2, '{"title":"assumenda","description":"Blanditiis consequatur illum vero fugiat est cupiditate et doloremque aut minus magni."}', 198, '2018-10-28 07:13:08', '2018-10-28 07:13:08'),
	(453, 2, '{"title":"maiores","description":"Voluptas qui sed facere voluptatibus commodi eos consectetur et voluptatem."}', 264, '2018-10-28 07:13:08', '2018-10-28 07:13:08'),
	(454, 2, '{"title":"corporis","description":"Consequuntur eos illum est odit rem voluptas."}', 57, '2018-10-28 07:13:08', '2018-10-28 07:13:08'),
	(455, 2, '{"title":"repellendus","description":"Ex quia delectus incidunt ex iste accusantium molestias facilis et."}', 38, '2018-10-28 07:13:08', '2018-10-28 07:13:08'),
	(456, 2, '{"title":"consequatur","description":"Ut eos unde voluptas et iure quo cum consequatur reprehenderit sunt provident."}', 321, '2018-10-28 07:13:08', '2018-10-28 07:13:08'),
	(457, 2, '{"title":"explicabo","description":"Neque possimus et quibusdam doloremque eum voluptatem ut nisi."}', 367, '2018-10-28 07:13:08', '2018-10-28 07:13:08'),
	(458, 2, '{"title":"quis","description":"Quaerat adipisci nihil illo sed nemo aperiam id voluptatum voluptatem."}', 381, '2018-10-28 07:13:08', '2018-10-28 07:13:08'),
	(459, 1, '{"title":"similique","description":"Quis ducimus a voluptas neque facere sed delectus."}', 348, '2018-10-28 07:13:08', '2018-10-28 07:13:08'),
	(460, 1, '{"title":"et","description":"Quia aperiam voluptatem nulla temporibus consectetur consectetur et necessitatibus necessitatibus."}', 321, '2018-10-28 07:13:08', '2018-10-28 07:13:08'),
	(461, 2, '{"title":"consequatur","description":"Rerum id ea ut minus alias ut laborum aut incidunt qui in qui consectetur."}', 367, '2018-10-28 07:13:08', '2018-10-28 07:13:08'),
	(462, 2, '{"title":"porro","description":"Minima qui et impedit qui optio aut illo dolores velit veniam temporibus at cum."}', 168, '2018-10-28 07:13:08', '2018-10-28 07:13:08'),
	(463, 2, '{"title":"dolore","description":"Quo ut sed a mollitia cumque perferendis at quos exercitationem nulla incidunt nisi earum."}', 339, '2018-10-28 07:13:08', '2018-10-28 07:13:08'),
	(464, 3, '{"title":"unde","description":"Et assumenda dolores et et modi et earum."}', 190, '2018-10-28 07:13:08', '2018-10-28 07:13:08'),
	(465, 1, '{"title":"pariatur","description":"Qui quia culpa pariatur unde commodi voluptate rerum distinctio."}', 46, '2018-10-28 07:13:08', '2018-10-28 07:13:08'),
	(466, 2, '{"title":"et","description":"Voluptatem qui dicta dolor quis eius eveniet a quidem nisi."}', 104, '2018-10-28 07:13:08', '2018-10-28 07:13:08'),
	(467, 2, '{"title":"possimus","description":"Veritatis pariatur rerum alias quisquam sequi sint ea."}', 426, '2018-10-28 07:13:08', '2018-10-28 07:13:08'),
	(468, 3, '{"title":"laudantium","description":"Et ex ut ex sequi deserunt voluptate corrupti earum officia quia corporis."}', 310, '2018-10-28 07:13:08', '2018-10-28 07:13:08'),
	(469, 1, '{"title":"eius","description":"Porro reprehenderit qui placeat nemo consequuntur ex consequatur quo minima."}', 409, '2018-10-28 07:13:08', '2018-10-28 07:13:08'),
	(470, 1, '{"title":"vero","description":"Perferendis qui maiores fugit sit eius tenetur eum totam."}', 57, '2018-10-28 07:13:08', '2018-10-28 07:13:08'),
	(471, 1, '{"title":"accusantium","description":"Adipisci non dolores ab voluptatum labore aut aut odio deleniti tempore aut suscipit."}', 37, '2018-10-28 07:13:08', '2018-10-28 07:13:08'),
	(472, 2, '{"title":"veritatis","description":"Tenetur sed similique facere impedit deleniti eum qui."}', 19, '2018-10-28 07:13:08', '2018-10-28 07:13:08'),
	(473, 3, '{"title":"a","description":"Qui vel consequatur et maiores nihil excepturi qui."}', 110, '2018-10-28 07:13:08', '2018-10-28 07:13:08'),
	(474, 1, '{"title":"a","description":"Quos quia earum recusandae vel reprehenderit dolores quo placeat."}', 468, '2018-10-28 07:13:08', '2018-10-28 07:13:08'),
	(475, 3, '{"title":"et","description":"Repellendus perferendis magni qui id omnis occaecati fugiat officiis aut."}', 298, '2018-10-28 07:13:08', '2018-10-28 07:13:08'),
	(476, 2, '{"title":"mollitia","description":"Quia accusamus ipsum cumque aperiam esse voluptatum vero qui et quam."}', 395, '2018-10-28 07:13:08', '2018-10-28 07:13:08'),
	(477, 1, '{"title":"cum","description":"Recusandae reprehenderit maiores dolor dolorem odio nihil."}', 80, '2018-10-28 07:13:08', '2018-10-28 07:13:08'),
	(478, 3, '{"title":"molestiae","description":"Id voluptatem est quisquam accusantium nihil nesciunt reiciendis est laudantium."}', 206, '2018-10-28 07:13:08', '2018-10-28 07:13:08'),
	(479, 3, '{"title":"quisquam","description":"Deleniti non inventore reiciendis natus ea architecto officia autem labore a neque exercitationem."}', 215, '2018-10-28 07:13:08', '2018-10-28 07:13:08'),
	(480, 1, '{"title":"veritatis","description":"Nihil commodi quibusdam consequatur occaecati enim voluptas dolor voluptatem aut omnis fugit vero hic omnis."}', 248, '2018-10-28 07:13:08', '2018-10-28 07:13:08'),
	(481, 1, '{"title":"nisi","description":"Ut quasi voluptatem necessitatibus et commodi aut magnam error saepe suscipit consequatur sunt."}', 107, '2018-10-28 07:13:08', '2018-10-28 07:13:08'),
	(482, 2, '{"title":"accusantium","description":"Id iure doloremque commodi voluptatem molestias in nobis eaque vel reprehenderit delectus voluptatum."}', 270, '2018-10-28 07:13:08', '2018-10-28 07:13:08'),
	(483, 1, '{"title":"et","description":"Non sunt praesentium vel omnis officiis est rem veritatis qui temporibus occaecati cum."}', 366, '2018-10-28 07:13:08', '2018-10-28 07:13:08'),
	(484, 3, '{"title":"dignissimos","description":"Labore rerum quibusdam odit rem illo est aliquam qui libero eligendi et optio facilis."}', 257, '2018-10-28 07:13:08', '2018-10-28 07:13:08'),
	(485, 3, '{"title":"beatae","description":"Quaerat repudiandae recusandae iusto mollitia sit laborum perspiciatis et earum magni dolores."}', 292, '2018-10-28 07:13:08', '2018-10-28 07:13:08'),
	(486, 2, '{"title":"deleniti","description":"Necessitatibus facilis facere velit possimus et voluptatum laudantium maiores."}', 241, '2018-10-28 07:13:08', '2018-10-28 07:13:08'),
	(487, 1, '{"title":"et","description":"Aut qui error laboriosam odit temporibus possimus dolorem aut eum."}', 251, '2018-10-28 07:13:08', '2018-10-28 07:13:08'),
	(488, 1, '{"title":"accusamus","description":"Fugiat animi eum est sit ratione id sapiente reiciendis."}', 175, '2018-10-28 07:13:08', '2018-10-28 07:13:08'),
	(489, 1, '{"title":"in","description":"A nobis saepe dicta delectus nemo eos explicabo ut vero similique dolore quia architecto ab."}', 200, '2018-10-28 07:13:08', '2018-10-28 07:13:08'),
	(490, 3, '{"title":"repellendus","description":"Est illum ratione aspernatur dicta delectus ducimus."}', 445, '2018-10-28 07:13:08', '2018-10-28 07:13:08'),
	(491, 2, '{"title":"et","description":"Beatae nobis quae repellat ex porro ex in."}', 409, '2018-10-28 07:13:08', '2018-10-28 07:13:08'),
	(492, 2, '{"title":"alias","description":"Assumenda hic vitae aut architecto sint eligendi molestias."}', 140, '2018-10-28 07:13:08', '2018-10-28 07:13:08'),
	(493, 2, '{"title":"fugiat","description":"Sapiente consequuntur quae optio laudantium at sed quo est dolorum qui est et sit."}', 257, '2018-10-28 07:13:08', '2018-10-28 07:13:08'),
	(494, 2, '{"title":"minus","description":"Laborum harum eligendi non voluptatem voluptatum omnis eligendi amet ut alias."}', 55, '2018-10-28 07:13:08', '2018-10-28 07:13:08'),
	(495, 3, '{"title":"quis","description":"Excepturi rerum aut ea eligendi tempore natus vel."}', 66, '2018-10-28 07:13:08', '2018-10-28 07:13:08'),
	(496, 2, '{"title":"aut","description":"Aut provident doloribus quia sunt qui non ex reiciendis sapiente quia repellat."}', 148, '2018-10-28 07:13:08', '2018-10-28 07:13:08'),
	(497, 2, '{"title":"quia","description":"Ut necessitatibus temporibus ut quia dolore aut eos perspiciatis explicabo."}', 322, '2018-10-28 07:13:08', '2018-10-28 07:13:08'),
	(498, 3, '{"title":"et","description":"Qui dolorum facere in culpa dolorem veritatis placeat iusto libero sint autem eligendi."}', 341, '2018-10-28 07:13:08', '2018-10-28 07:13:08'),
	(499, 2, '{"title":"molestiae","description":"Dolorem rerum eos autem occaecati reiciendis modi quos eos ullam cupiditate."}', 398, '2018-10-28 07:13:08', '2018-10-28 07:13:08'),
	(500, 1, '{"title":"recusandae","description":"Qui nostrum dolore illum temporibus officia omnis."}', 453, '2018-10-28 07:13:08', '2018-10-28 07:13:08'),
	(501, 3, '{"title":"et","description":"Esse sed nulla tenetur voluptatem esse est delectus dolore enim."}', 282, '2018-10-28 07:13:08', '2018-10-28 07:13:08'),
	(502, 1, '{"title":"deserunt","description":"Rem voluptatem ipsum sed quibusdam nihil reprehenderit laudantium ratione."}', 118, '2018-10-28 07:13:08', '2018-10-28 07:13:08'),
	(503, 2, '{"title":"consequatur","description":"Et est ipsum omnis porro molestias qui rem eaque dolor nobis neque itaque."}', 73, '2018-10-28 07:13:08', '2018-10-28 07:13:08'),
	(504, 1, '{"title":"corporis","description":"Aut corporis iste voluptatem cum dicta voluptas ullam cupiditate voluptas adipisci quidem."}', 412, '2018-10-28 07:13:08', '2018-10-28 07:13:08'),
	(505, 2, '{"title":"voluptate","description":"Porro dolores aspernatur voluptas a saepe unde."}', 389, '2018-10-28 07:13:08', '2018-10-28 07:13:08'),
	(506, 1, '{"title":"quos","description":"Amet magnam officiis blanditiis quis pariatur et voluptatem a."}', 54, '2018-10-28 07:13:08', '2018-10-28 07:13:08'),
	(507, 2, '{"title":"saepe","description":"Alias aperiam earum ipsa porro autem soluta exercitationem laudantium expedita et est."}', 122, '2018-10-28 07:13:08', '2018-10-28 07:13:08'),
	(508, 3, '{"title":"in","description":"Et debitis modi velit delectus et aut."}', 208, '2018-10-28 07:13:08', '2018-10-28 07:13:08'),
	(509, 2, '{"title":"ipsam","description":"Voluptatem suscipit dolor dicta consequatur placeat provident."}', 258, '2018-10-28 07:13:08', '2018-10-28 07:13:08'),
	(510, 2, '{"title":"voluptatem","description":"Fuga dolor qui ipsam molestias qui et beatae inventore quia ipsam sunt et."}', 487, '2018-10-28 07:13:08', '2018-10-28 07:13:08'),
	(511, 1, '{"title":"molestiae","description":"Sed quam suscipit optio doloribus distinctio illum eaque nemo non alias."}', 171, '2018-10-28 07:13:08', '2018-10-28 07:13:08'),
	(512, 1, '{"title":"harum","description":"Possimus dolor ex dolorem consectetur dignissimos est."}', 342, '2018-10-28 07:13:08', '2018-10-28 07:13:08'),
	(513, 2, '{"title":"dicta","description":"Autem nihil nihil laborum deserunt deleniti occaecati."}', 59, '2018-10-28 07:13:08', '2018-10-28 07:13:08'),
	(514, 2, '{"title":"quia","description":"Iure non est nulla expedita voluptatem quis reiciendis odit commodi eius consectetur harum corrupti."}', 239, '2018-10-28 07:13:08', '2018-10-28 07:13:08'),
	(515, 3, '{"title":"et","description":"Adipisci minima commodi qui possimus eum consequatur illo ut odit nostrum aut quo qui."}', 197, '2018-10-28 07:13:08', '2018-10-28 07:13:08'),
	(516, 3, '{"title":"placeat","description":"Asperiores numquam ducimus illum velit non dolorum magnam nesciunt et."}', 461, '2018-10-28 07:13:08', '2018-10-28 07:13:08'),
	(517, 2, '{"title":"et","description":"Nam molestias praesentium doloribus consequatur quia optio."}', 347, '2018-10-28 07:13:08', '2018-10-28 07:13:08'),
	(518, 3, '{"title":"minus","description":"Nihil iste enim dignissimos rerum culpa doloribus vel esse suscipit dicta dolorum quisquam."}', 438, '2018-10-28 07:13:08', '2018-10-28 07:13:08'),
	(519, 2, '{"title":"incidunt","description":"Dolores cum odio qui architecto quam dignissimos est."}', 75, '2018-10-28 07:13:08', '2018-10-28 07:13:08'),
	(520, 1, '{"title":"porro","description":"Eaque dolores id dolorem vero libero ut quisquam nemo fugiat nulla cumque."}', 57, '2018-10-28 07:13:08', '2018-10-28 07:13:08'),
	(521, 3, '{"title":"inventore","description":"Perferendis quis est molestias occaecati eum consequatur alias rerum est quibusdam impedit inventore est."}', 302, '2018-10-28 07:13:08', '2018-10-28 07:13:08'),
	(522, 1, '{"title":"officiis","description":"Provident soluta architecto nam beatae nulla magnam repudiandae non impedit."}', 304, '2018-10-28 07:13:08', '2018-10-28 07:13:08'),
	(523, 3, '{"title":"ut","description":"Architecto nihil sint ut voluptates officiis fugiat tempore iure soluta omnis voluptas delectus."}', 320, '2018-10-28 07:13:08', '2018-10-28 07:13:08'),
	(524, 3, '{"title":"incidunt","description":"Reprehenderit ut et vel sapiente doloribus qui aut iure ad dolorem sint ut dicta."}', 320, '2018-10-28 07:13:08', '2018-10-28 07:13:08'),
	(525, 2, '{"title":"exercitationem","description":"Et voluptas est error repellendus nam ipsam earum necessitatibus ut."}', 325, '2018-10-28 07:13:08', '2018-10-28 07:13:08'),
	(526, 2, '{"title":"nulla","description":"Sed sapiente quibusdam nisi aut repellat tenetur autem eius magni quod nisi sed et vel."}', 326, '2018-10-28 07:13:08', '2018-10-28 07:13:08'),
	(527, 1, '{"title":"perferendis","description":"Sapiente molestiae expedita eos unde eveniet qui ut laborum aliquid ipsam repudiandae assumenda recusandae."}', 465, '2018-10-28 07:13:08', '2018-10-28 07:13:08'),
	(528, 3, '{"title":"et","description":"Aut explicabo quia iure inventore et doloremque."}', 396, '2018-10-28 07:13:08', '2018-10-28 07:13:08'),
	(529, 2, '{"title":"enim","description":"Quae aut veniam minus consequatur possimus enim perferendis aliquam repudiandae temporibus numquam et."}', 266, '2018-10-28 07:13:08', '2018-10-28 07:13:08'),
	(530, 2, '{"title":"similique","description":"Facere cumque aut saepe ratione in rerum nisi numquam minima et consequatur asperiores."}', 252, '2018-10-28 07:13:08', '2018-10-28 07:13:08'),
	(531, 2, '{"title":"reprehenderit","description":"Ad tempora qui quasi modi quod qui ipsam labore non aut."}', 26, '2018-10-28 07:13:08', '2018-10-28 07:13:08'),
	(532, 1, '{"title":"voluptas","description":"Est delectus ullam quam sint tenetur totam neque blanditiis culpa modi ipsum."}', 239, '2018-10-28 07:13:08', '2018-10-28 07:13:08'),
	(533, 3, '{"title":"voluptatum","description":"Deserunt doloribus laborum nihil occaecati minus maxime perspiciatis."}', 15, '2018-10-28 07:13:08', '2018-10-28 07:13:08'),
	(534, 2, '{"title":"officia","description":"Optio et libero expedita ullam sint cupiditate eum possimus nemo sint sapiente neque pariatur."}', 155, '2018-10-28 07:13:08', '2018-10-28 07:13:08'),
	(535, 2, '{"title":"voluptatem","description":"Debitis voluptas ut numquam autem error explicabo ea assumenda optio et asperiores vitae nam."}', 18, '2018-10-28 07:13:08', '2018-10-28 07:13:08'),
	(536, 3, '{"title":"rerum","description":"Et non iure aliquid odit ut dolorem."}', 235, '2018-10-28 07:13:08', '2018-10-28 07:13:08'),
	(537, 3, '{"title":"temporibus","description":"Veniam reiciendis quam et fuga dicta autem."}', 430, '2018-10-28 07:13:08', '2018-10-28 07:13:08'),
	(538, 1, '{"title":"culpa","description":"Et ex in fugiat sint omnis earum voluptatem."}', 248, '2018-10-28 07:13:08', '2018-10-28 07:13:08'),
	(539, 3, '{"title":"consequatur","description":"Aut perferendis maxime excepturi eos temporibus iste a nihil recusandae possimus."}', 114, '2018-10-28 07:13:08', '2018-10-28 07:13:08'),
	(540, 1, '{"title":"quos","description":"Temporibus similique suscipit qui voluptatibus dolores ut ut error ipsum dignissimos tempora."}', 173, '2018-10-28 07:13:08', '2018-10-28 07:13:08'),
	(541, 1, '{"title":"ab","description":"Enim veritatis ut dolorem aut ut minima quae et."}', 446, '2018-10-28 07:13:08', '2018-10-28 07:13:08'),
	(542, 3, '{"title":"minima","description":"Magni omnis odio quam ea voluptate necessitatibus ut possimus a quis neque."}', 489, '2018-10-28 07:13:08', '2018-10-28 07:13:08'),
	(543, 3, '{"title":"aperiam","description":"Repellendus sit quo nisi facere et inventore."}', 3, '2018-10-28 07:13:08', '2018-10-28 07:13:08'),
	(544, 1, '{"title":"aut","description":"Laboriosam alias ut dolor repellat quis consequatur alias doloribus."}', 14, '2018-10-28 07:13:08', '2018-10-28 07:13:08'),
	(545, 2, '{"title":"pariatur","description":"Explicabo est pariatur ex sunt aut occaecati illo expedita et repellat praesentium."}', 193, '2018-10-28 07:13:08', '2018-10-28 07:13:08'),
	(546, 1, '{"title":"consequuntur","description":"Qui cum aut voluptate dolor quos excepturi itaque placeat."}', 297, '2018-10-28 07:13:08', '2018-10-28 07:13:08'),
	(547, 1, '{"title":"quia","description":"Laudantium delectus ipsum numquam veniam quae amet dolor sit autem sequi et."}', 435, '2018-10-28 07:13:08', '2018-10-28 07:13:08'),
	(548, 3, '{"title":"qui","description":"Id illum veritatis fugit fugiat voluptas deserunt beatae odio itaque natus nam est."}', 456, '2018-10-28 07:13:08', '2018-10-28 07:13:08'),
	(549, 1, '{"title":"quod","description":"Quam dicta aut voluptas mollitia omnis qui ea."}', 369, '2018-10-28 07:13:08', '2018-10-28 07:13:08'),
	(550, 2, '{"title":"aliquam","description":"Maiores a nihil et iusto ab aut minima quia quo explicabo ut quia."}', 456, '2018-10-28 07:13:08', '2018-10-28 07:13:08'),
	(551, 1, '{"title":"et","description":"Autem repellendus occaecati consequuntur est quia consequatur expedita laborum illum inventore."}', 77, '2018-10-28 07:13:08', '2018-10-28 07:13:08'),
	(552, 3, '{"title":"aut","description":"Et quis officiis et ut quis quo nihil architecto in aliquam tenetur repudiandae."}', 374, '2018-10-28 07:13:08', '2018-10-28 07:13:08'),
	(553, 1, '{"title":"quo","description":"Et dolorem voluptatem omnis ad expedita animi accusantium."}', 401, '2018-10-28 07:13:08', '2018-10-28 07:13:08'),
	(554, 2, '{"title":"qui","description":"Excepturi natus adipisci qui rerum sunt quia."}', 191, '2018-10-28 07:13:08', '2018-10-28 07:13:08'),
	(555, 3, '{"title":"aperiam","description":"Molestiae eveniet tenetur nostrum molestiae unde asperiores est."}', 198, '2018-10-28 07:13:08', '2018-10-28 07:13:08'),
	(556, 3, '{"title":"cumque","description":"Repellendus odit id nulla id facilis iste omnis vitae in quisquam consequatur."}', 468, '2018-10-28 07:13:08', '2018-10-28 07:13:08'),
	(557, 1, '{"title":"sunt","description":"Voluptatibus architecto est quia sit perspiciatis omnis doloremque vel deserunt ad temporibus tempora sit."}', 4, '2018-10-28 07:13:08', '2018-10-28 07:13:08'),
	(558, 1, '{"title":"est","description":"Fugiat in architecto facilis ex fugiat non aut et alias voluptas neque."}', 79, '2018-10-28 07:13:08', '2018-10-28 07:13:08'),
	(559, 3, '{"title":"ea","description":"Deleniti iusto quo et dolorum rem omnis deserunt autem est eos delectus."}', 179, '2018-10-28 07:13:08', '2018-10-28 07:13:08'),
	(560, 3, '{"title":"distinctio","description":"Deleniti aut et est in voluptas iste aut."}', 148, '2018-10-28 07:13:08', '2018-10-28 07:13:08'),
	(561, 3, '{"title":"velit","description":"Ipsa consequatur sit quia nulla nesciunt eaque."}', 485, '2018-10-28 07:13:08', '2018-10-28 07:13:08'),
	(562, 2, '{"title":"exercitationem","description":"Perferendis ut repellat occaecati quia dolorem iste."}', 70, '2018-10-28 07:13:08', '2018-10-28 07:13:08'),
	(563, 2, '{"title":"quae","description":"Aut minima laboriosam voluptas unde dolores doloribus omnis porro."}', 403, '2018-10-28 07:13:08', '2018-10-28 07:13:08'),
	(564, 2, '{"title":"qui","description":"Sequi molestiae molestias est necessitatibus natus omnis."}', 468, '2018-10-28 07:13:08', '2018-10-28 07:13:08'),
	(565, 3, '{"title":"veritatis","description":"Recusandae aut consequatur debitis ex nemo dolores soluta accusamus veritatis enim magnam repellendus sint."}', 366, '2018-10-28 07:13:08', '2018-10-28 07:13:08'),
	(566, 1, '{"title":"dignissimos","description":"Aliquam illo eum laudantium exercitationem est molestiae corrupti incidunt nemo aut."}', 76, '2018-10-28 07:13:08', '2018-10-28 07:13:08'),
	(567, 1, '{"title":"eaque","description":"Dolore ullam veniam quaerat earum et blanditiis reiciendis."}', 232, '2018-10-28 07:13:08', '2018-10-28 07:13:08'),
	(568, 3, '{"title":"voluptatum","description":"Vero alias nostrum error maiores officiis et mollitia tempore animi eius impedit similique."}', 470, '2018-10-28 07:13:08', '2018-10-28 07:13:08'),
	(569, 2, '{"title":"sint","description":"Dolores consequatur maxime hic ut placeat a corporis excepturi et."}', 242, '2018-10-28 07:13:08', '2018-10-28 07:13:08'),
	(570, 2, '{"title":"eos","description":"Culpa ea est et eveniet ipsum sint fuga ullam doloremque culpa."}', 452, '2018-10-28 07:13:08', '2018-10-28 07:13:08'),
	(571, 2, '{"title":"repudiandae","description":"A repellat est esse occaecati autem quaerat."}', 279, '2018-10-28 07:13:08', '2018-10-28 07:13:08'),
	(572, 2, '{"title":"at","description":"Eius natus tempore laboriosam officia dolorem sit ea."}', 188, '2018-10-28 07:13:08', '2018-10-28 07:13:08'),
	(573, 3, '{"title":"eligendi","description":"Omnis porro voluptates eius nostrum dolorem sapiente fugiat voluptas."}', 316, '2018-10-28 07:13:08', '2018-10-28 07:13:08'),
	(574, 2, '{"title":"voluptatem","description":"Placeat occaecati omnis ut sint est rerum repudiandae voluptatum dolorum qui temporibus."}', 31, '2018-10-28 07:13:08', '2018-10-28 07:13:08'),
	(575, 3, '{"title":"vero","description":"Sed ad velit aperiam neque cupiditate eaque totam fugit eos aperiam esse esse."}', 404, '2018-10-28 07:13:08', '2018-10-28 07:13:08'),
	(576, 3, '{"title":"at","description":"Beatae repudiandae molestiae illum iste exercitationem quidem occaecati qui adipisci optio ab."}', 415, '2018-10-28 07:13:08', '2018-10-28 07:13:08'),
	(577, 1, '{"title":"est","description":"Et temporibus dolor veritatis nam omnis sit deleniti."}', 189, '2018-10-28 07:13:08', '2018-10-28 07:13:08'),
	(578, 1, '{"title":"ut","description":"Nihil commodi est eum provident voluptas eos blanditiis in."}', 381, '2018-10-28 07:13:08', '2018-10-28 07:13:08'),
	(579, 3, '{"title":"quisquam","description":"Itaque ut voluptatem in sed quo et."}', 92, '2018-10-28 07:13:08', '2018-10-28 07:13:08'),
	(580, 3, '{"title":"illum","description":"Incidunt ipsam itaque consequatur dolorem facere nam alias quisquam eos."}', 43, '2018-10-28 07:13:08', '2018-10-28 07:13:08'),
	(581, 1, '{"title":"libero","description":"Est illo sapiente facere amet asperiores cum error."}', 328, '2018-10-28 07:13:08', '2018-10-28 07:13:08'),
	(582, 3, '{"title":"quia","description":"Facere necessitatibus commodi aperiam fugit saepe ducimus dolor qui eveniet."}', 100, '2018-10-28 07:13:08', '2018-10-28 07:13:08'),
	(583, 2, '{"title":"nobis","description":"Enim velit numquam ex repellendus qui impedit voluptatem consequatur ut odit iure debitis dolorem."}', 487, '2018-10-28 07:13:08', '2018-10-28 07:13:08'),
	(584, 2, '{"title":"animi","description":"Tempore deleniti tenetur quis magni rerum totam aut quasi blanditiis est ad."}', 159, '2018-10-28 07:13:08', '2018-10-28 07:13:08'),
	(585, 3, '{"title":"quia","description":"Sequi minus eos numquam tenetur sit quas sunt adipisci eaque aut expedita aspernatur."}', 122, '2018-10-28 07:13:08', '2018-10-28 07:13:08'),
	(586, 2, '{"title":"id","description":"Quo cumque est deserunt molestiae repellendus ullam dolorum non hic asperiores."}', 30, '2018-10-28 07:13:08', '2018-10-28 07:13:08'),
	(587, 3, '{"title":"sit","description":"Maiores atque repudiandae sed omnis dignissimos soluta inventore dolore vitae illum laudantium laboriosam."}', 329, '2018-10-28 07:13:08', '2018-10-28 07:13:08'),
	(588, 2, '{"title":"perspiciatis","description":"In facilis necessitatibus eius sunt ea exercitationem molestiae et."}', 155, '2018-10-28 07:13:08', '2018-10-28 07:13:08'),
	(589, 2, '{"title":"vel","description":"Rerum explicabo sapiente quam vel sint ut voluptas unde dolores ut est."}', 175, '2018-10-28 07:13:08', '2018-10-28 07:13:08'),
	(590, 3, '{"title":"dignissimos","description":"Commodi non ducimus et et aliquam rerum nihil sit nostrum esse est pariatur quia."}', 467, '2018-10-28 07:13:08', '2018-10-28 07:13:08'),
	(591, 3, '{"title":"nisi","description":"Consequuntur rerum dolor molestias dolor officia sint sit omnis nesciunt molestiae soluta occaecati."}', 490, '2018-10-28 07:13:08', '2018-10-28 07:13:08'),
	(592, 3, '{"title":"incidunt","description":"Dolores natus exercitationem qui quam nisi saepe alias."}', 347, '2018-10-28 07:13:08', '2018-10-28 07:13:08'),
	(593, 1, '{"title":"quidem","description":"Repellendus deserunt molestiae temporibus hic blanditiis nihil voluptatibus voluptatibus laboriosam aut minus."}', 468, '2018-10-28 07:13:08', '2018-10-28 07:13:08'),
	(594, 1, '{"title":"nihil","description":"Veritatis voluptate quia omnis corporis assumenda ducimus laborum ducimus."}', 259, '2018-10-28 07:13:08', '2018-10-28 07:13:08'),
	(595, 1, '{"title":"consequatur","description":"Dolor odio sed blanditiis ut eos corrupti molestiae consequatur."}', 76, '2018-10-28 07:13:08', '2018-10-28 07:13:08'),
	(596, 3, '{"title":"neque","description":"Nostrum quidem at minus omnis aut voluptatem dolores omnis."}', 367, '2018-10-28 07:13:08', '2018-10-28 07:13:08'),
	(597, 1, '{"title":"magnam","description":"Eum cumque reiciendis dolores ipsam voluptate nam labore aliquid id ut tenetur."}', 406, '2018-10-28 07:13:08', '2018-10-28 07:13:08'),
	(598, 2, '{"title":"assumenda","description":"Mollitia quod ex commodi vero occaecati deserunt sit quia sed quis molestias veritatis architecto."}', 308, '2018-10-28 07:13:08', '2018-10-28 07:13:08'),
	(599, 2, '{"title":"consequatur","description":"Sint qui inventore et id ex est enim cupiditate officia architecto."}', 382, '2018-10-28 07:13:08', '2018-10-28 07:13:08'),
	(600, 3, '{"title":"doloremque","description":"Et sint molestiae et fugit fugiat officiis."}', 437, '2018-10-28 07:13:08', '2018-10-28 07:13:08'),
	(601, 2, '{"title":"eaque","description":"Quia minima vero molestias voluptatem asperiores voluptatem temporibus officiis quos laborum."}', 434, '2018-10-28 07:13:08', '2018-10-28 07:13:08'),
	(602, 2, '{"title":"quisquam","description":"Vero illo et consequatur soluta porro id aperiam voluptatem et."}', 199, '2018-10-28 07:13:08', '2018-10-28 07:13:08'),
	(603, 3, '{"title":"nobis","description":"Et recusandae deleniti voluptatem ullam magnam voluptatem quia facilis architecto quo esse et rerum."}', 91, '2018-10-28 07:13:08', '2018-10-28 07:13:08'),
	(604, 2, '{"title":"facere","description":"Suscipit ut ad aut similique hic quia porro incidunt dolore mollitia quod."}', 142, '2018-10-28 07:13:08', '2018-10-28 07:13:08'),
	(605, 3, '{"title":"est","description":"Cumque dolorem dolor omnis officiis perspiciatis id qui porro velit."}', 359, '2018-10-28 07:13:08', '2018-10-28 07:13:08'),
	(606, 3, '{"title":"cum","description":"Nihil sed necessitatibus fugiat quia provident voluptas esse blanditiis ad aspernatur."}', 252, '2018-10-28 07:13:08', '2018-10-28 07:13:08'),
	(607, 2, '{"title":"ab","description":"Amet esse earum dicta asperiores excepturi quo est deserunt cum perferendis sit sunt."}', 142, '2018-10-28 07:13:08', '2018-10-28 07:13:08'),
	(608, 2, '{"title":"at","description":"Doloremque dolores eos itaque mollitia repellat alias dolores quo quas perspiciatis incidunt fugit."}', 413, '2018-10-28 07:13:08', '2018-10-28 07:13:08'),
	(609, 2, '{"title":"aut","description":"Temporibus inventore excepturi et illum officiis excepturi aut temporibus atque natus reiciendis."}', 152, '2018-10-28 07:13:08', '2018-10-28 07:13:08'),
	(610, 3, '{"title":"recusandae","description":"Impedit officia nobis velit ex sit impedit nihil ab quam."}', 267, '2018-10-28 07:13:08', '2018-10-28 07:13:08'),
	(611, 3, '{"title":"quaerat","description":"Nesciunt non aperiam consequatur sapiente temporibus iusto ut laudantium distinctio quos."}', 107, '2018-10-28 07:13:08', '2018-10-28 07:13:08'),
	(612, 2, '{"title":"omnis","description":"Blanditiis temporibus et eveniet ducimus dicta fuga dolor harum sunt facere ex esse veniam."}', 82, '2018-10-28 07:13:08', '2018-10-28 07:13:08'),
	(613, 3, '{"title":"maiores","description":"Dolor voluptatem aut corrupti temporibus ducimus unde."}', 278, '2018-10-28 07:13:08', '2018-10-28 07:13:08'),
	(614, 1, '{"title":"et","description":"Sunt unde facilis qui consequatur tempore fuga ut sint."}', 369, '2018-10-28 07:13:08', '2018-10-28 07:13:08'),
	(615, 2, '{"title":"culpa","description":"Ut possimus sequi molestiae consequatur culpa maxime vero sapiente voluptatibus maiores cupiditate voluptatem."}', 47, '2018-10-28 07:13:08', '2018-10-28 07:13:08'),
	(616, 1, '{"title":"assumenda","description":"Et eligendi totam reprehenderit similique dolor aut ipsam repudiandae quod."}', 228, '2018-10-28 07:13:08', '2018-10-28 07:13:08'),
	(617, 2, '{"title":"qui","description":"Rem veniam ipsam numquam sint quaerat qui sit eos voluptas voluptatum maiores exercitationem."}', 419, '2018-10-28 07:13:08', '2018-10-28 07:13:08'),
	(618, 3, '{"title":"praesentium","description":"Eaque eius soluta quis quod ut quia qui."}', 115, '2018-10-28 07:13:08', '2018-10-28 07:13:08'),
	(619, 1, '{"title":"sit","description":"Molestias molestiae quasi deserunt eveniet soluta fugit rerum error odio soluta consequatur."}', 221, '2018-10-28 07:13:08', '2018-10-28 07:13:08'),
	(620, 3, '{"title":"esse","description":"Nesciunt rerum animi cupiditate ipsam voluptatem ut sit est enim dicta asperiores omnis autem."}', 120, '2018-10-28 07:13:08', '2018-10-28 07:13:08'),
	(621, 2, '{"title":"repudiandae","description":"Neque molestiae optio est omnis id et illo excepturi rerum odio qui."}', 56, '2018-10-28 07:13:08', '2018-10-28 07:13:08'),
	(622, 3, '{"title":"maiores","description":"Occaecati eos temporibus eum corporis enim ut et officiis est non quia omnis."}', 326, '2018-10-28 07:13:08', '2018-10-28 07:13:08'),
	(623, 3, '{"title":"est","description":"Neque eum eaque vitae molestiae voluptas quaerat doloribus."}', 237, '2018-10-28 07:13:08', '2018-10-28 07:13:08'),
	(624, 1, '{"title":"aperiam","description":"Adipisci omnis molestiae eum inventore magnam sequi iure qui qui qui pariatur fuga."}', 210, '2018-10-28 07:13:08', '2018-10-28 07:13:08'),
	(625, 3, '{"title":"aut","description":"Soluta aperiam eum nihil eos ipsam qui deleniti non quidem enim corporis."}', 431, '2018-10-28 07:13:08', '2018-10-28 07:13:08'),
	(626, 3, '{"title":"itaque","description":"Alias excepturi officiis animi temporibus aut dignissimos."}', 98, '2018-10-28 07:13:08', '2018-10-28 07:13:08'),
	(627, 2, '{"title":"eos","description":"Molestiae nemo molestias odio necessitatibus illum facilis velit."}', 451, '2018-10-28 07:13:08', '2018-10-28 07:13:08'),
	(628, 2, '{"title":"maxime","description":"Voluptas perspiciatis ea maxime dolor quo labore eos."}', 430, '2018-10-28 07:13:08', '2018-10-28 07:13:08'),
	(629, 3, '{"title":"illo","description":"Et error fugiat officia nesciunt et accusantium iusto."}', 154, '2018-10-28 07:13:08', '2018-10-28 07:13:08'),
	(630, 2, '{"title":"deserunt","description":"Quas consequatur quasi et doloribus expedita omnis hic animi."}', 16, '2018-10-28 07:13:08', '2018-10-28 07:13:08'),
	(631, 3, '{"title":"harum","description":"Debitis cupiditate corporis aut hic laboriosam velit temporibus quia placeat at."}', 355, '2018-10-28 07:13:08', '2018-10-28 07:13:08'),
	(632, 1, '{"title":"explicabo","description":"Ut nihil provident qui aperiam molestiae ipsum dolorem optio impedit ad."}', 41, '2018-10-28 07:13:08', '2018-10-28 07:13:08'),
	(633, 2, '{"title":"voluptatem","description":"Iusto eligendi consectetur aut voluptas laboriosam id et sit praesentium voluptas corporis rerum similique."}', 55, '2018-10-28 07:13:08', '2018-10-28 07:13:08'),
	(634, 3, '{"title":"quia","description":"Provident omnis sequi asperiores adipisci magni sit et mollitia."}', 50, '2018-10-28 07:13:08', '2018-10-28 07:13:08'),
	(635, 2, '{"title":"quisquam","description":"Et et laborum ut et vero a consequatur eveniet."}', 174, '2018-10-28 07:13:08', '2018-10-28 07:13:08'),
	(636, 1, '{"title":"mollitia","description":"Cum ipsum aut illum quam aliquid saepe et officia delectus saepe."}', 78, '2018-10-28 07:13:08', '2018-10-28 07:13:08'),
	(637, 3, '{"title":"omnis","description":"Odio aliquam aperiam sint deleniti corporis vitae mollitia."}', 118, '2018-10-28 07:13:08', '2018-10-28 07:13:08'),
	(638, 1, '{"title":"ullam","description":"Repudiandae ea ipsam explicabo et explicabo occaecati eveniet porro quos nesciunt."}', 104, '2018-10-28 07:13:08', '2018-10-28 07:13:08'),
	(639, 2, '{"title":"est","description":"Est molestiae nemo recusandae quas incidunt placeat id tempora aut."}', 238, '2018-10-28 07:13:08', '2018-10-28 07:13:08'),
	(640, 1, '{"title":"occaecati","description":"Quis nostrum eaque voluptatem amet laudantium fuga voluptatum animi eaque ut."}', 86, '2018-10-28 07:13:08', '2018-10-28 07:13:08'),
	(641, 2, '{"title":"expedita","description":"Perspiciatis sit omnis consequuntur qui sit itaque quod consequatur quo."}', 473, '2018-10-28 07:13:08', '2018-10-28 07:13:08'),
	(642, 3, '{"title":"rerum","description":"Qui voluptas dolor saepe reiciendis deleniti qui non alias consequatur cum facilis in."}', 53, '2018-10-28 07:13:08', '2018-10-28 07:13:08'),
	(643, 2, '{"title":"in","description":"At voluptatem quos minima doloremque consequatur est similique magni sequi delectus quo reiciendis."}', 395, '2018-10-28 07:13:08', '2018-10-28 07:13:08'),
	(644, 1, '{"title":"qui","description":"Reprehenderit voluptate corrupti non sed enim enim dolorem."}', 40, '2018-10-28 07:13:08', '2018-10-28 07:13:08'),
	(645, 3, '{"title":"veniam","description":"Ullam ea voluptatem odit sequi est vel corrupti voluptatem repellat voluptatem fugiat."}', 154, '2018-10-28 07:13:08', '2018-10-28 07:13:08'),
	(646, 3, '{"title":"et","description":"Mollitia nemo voluptate eius a dolorum tenetur repellat est quam architecto eaque."}', 195, '2018-10-28 07:13:08', '2018-10-28 07:13:08'),
	(647, 1, '{"title":"laudantium","description":"Fugit aut numquam quis excepturi asperiores atque aspernatur."}', 135, '2018-10-28 07:13:08', '2018-10-28 07:13:08'),
	(648, 2, '{"title":"maiores","description":"Aut ratione eveniet omnis voluptate odio sit enim."}', 116, '2018-10-28 07:13:08', '2018-10-28 07:13:08'),
	(649, 1, '{"title":"velit","description":"Nihil non enim vel eum nulla temporibus beatae minus omnis quidem qui ex aut."}', 315, '2018-10-28 07:13:08', '2018-10-28 07:13:08'),
	(650, 1, '{"title":"ut","description":"Debitis consectetur placeat culpa impedit et dolores vero suscipit molestiae rem sint aut hic."}', 208, '2018-10-28 07:13:08', '2018-10-28 07:13:08'),
	(651, 2, '{"title":"harum","description":"Aperiam eum est id qui in est fugiat pariatur quo est."}', 467, '2018-10-28 07:13:08', '2018-10-28 07:13:08'),
	(652, 1, '{"title":"occaecati","description":"Est molestiae quos ut quaerat molestiae dolorum quibusdam voluptas odio itaque in."}', 292, '2018-10-28 07:13:08', '2018-10-28 07:13:08'),
	(653, 2, '{"title":"optio","description":"Debitis eveniet autem numquam quis et nam quas amet quasi placeat enim ut assumenda."}', 296, '2018-10-28 07:13:08', '2018-10-28 07:13:08'),
	(654, 2, '{"title":"ducimus","description":"Ut et hic fugiat sit non vero quis."}', 17, '2018-10-28 07:13:08', '2018-10-28 07:13:08'),
	(655, 1, '{"title":"aperiam","description":"Expedita magni deleniti accusantium sed facilis aperiam dolores quo."}', 423, '2018-10-28 07:13:08', '2018-10-28 07:13:08'),
	(656, 1, '{"title":"qui","description":"Et a voluptatem minima cumque sequi sit quae impedit rem voluptatem."}', 282, '2018-10-28 07:13:08', '2018-10-28 07:13:08'),
	(657, 2, '{"title":"voluptas","description":"Eligendi ea vero qui tenetur qui tempora."}', 475, '2018-10-28 07:13:08', '2018-10-28 07:13:08'),
	(658, 2, '{"title":"iusto","description":"A fuga voluptatem dolor commodi maxime voluptatem vel non rem error tempora."}', 283, '2018-10-28 07:13:08', '2018-10-28 07:13:08'),
	(659, 2, '{"title":"quo","description":"Magnam molestiae quia et expedita et repellendus inventore temporibus."}', 78, '2018-10-28 07:13:08', '2018-10-28 07:13:08'),
	(660, 2, '{"title":"consequatur","description":"Corrupti expedita ad incidunt corrupti laborum et blanditiis."}', 433, '2018-10-28 07:13:08', '2018-10-28 07:13:08'),
	(661, 2, '{"title":"vitae","description":"Iste cupiditate omnis dolor dolorem molestiae qui eos neque atque a neque."}', 236, '2018-10-28 07:13:08', '2018-10-28 07:13:08'),
	(662, 1, '{"title":"necessitatibus","description":"Est dolor eligendi ut in consectetur fugit possimus qui corporis quis."}', 403, '2018-10-28 07:13:08', '2018-10-28 07:13:08'),
	(663, 1, '{"title":"iure","description":"Voluptatibus non hic velit cum autem repellat."}', 474, '2018-10-28 07:13:08', '2018-10-28 07:13:08'),
	(664, 3, '{"title":"blanditiis","description":"Assumenda cum fugiat eveniet maiores perspiciatis labore sunt dolores ipsam omnis vero."}', 402, '2018-10-28 07:13:08', '2018-10-28 07:13:08'),
	(665, 3, '{"title":"iusto","description":"Natus molestiae quibusdam voluptatum ut dicta voluptatem."}', 97, '2018-10-28 07:13:08', '2018-10-28 07:13:08'),
	(666, 1, '{"title":"odio","description":"Ut veniam voluptas qui sit nesciunt ullam."}', 49, '2018-10-28 07:13:08', '2018-10-28 07:13:08'),
	(667, 3, '{"title":"qui","description":"Quasi perferendis fugit suscipit in cumque magni minus aspernatur."}', 190, '2018-10-28 07:13:08', '2018-10-28 07:13:08'),
	(668, 3, '{"title":"est","description":"Necessitatibus culpa magni reprehenderit id qui magnam."}', 439, '2018-10-28 07:13:08', '2018-10-28 07:13:08'),
	(669, 3, '{"title":"amet","description":"Rerum quaerat ab enim nisi tempora aut."}', 375, '2018-10-28 07:13:08', '2018-10-28 07:13:08'),
	(670, 2, '{"title":"velit","description":"Ipsam atque et quia voluptatem maxime nihil corporis voluptates et aperiam quo quos."}', 115, '2018-10-28 07:13:08', '2018-10-28 07:13:08'),
	(671, 3, '{"title":"nesciunt","description":"Aperiam recusandae est qui debitis sint facere soluta."}', 199, '2018-10-28 07:13:09', '2018-10-28 07:13:09'),
	(672, 1, '{"title":"non","description":"Dignissimos nisi distinctio enim non omnis repudiandae quasi est assumenda."}', 482, '2018-10-28 07:13:09', '2018-10-28 07:13:09'),
	(673, 1, '{"title":"qui","description":"Totam nostrum nisi repellendus deleniti laboriosam enim non laborum sequi quod nesciunt."}', 397, '2018-10-28 07:13:09', '2018-10-28 07:13:09'),
	(674, 3, '{"title":"officiis","description":"Iste sapiente voluptas omnis et aperiam qui laborum sapiente beatae temporibus magni minus."}', 94, '2018-10-28 07:13:09', '2018-10-28 07:13:09'),
	(675, 1, '{"title":"iste","description":"Ut cupiditate sint voluptate labore cum ut aut a cum magnam non quo est."}', 292, '2018-10-28 07:13:09', '2018-10-28 07:13:09'),
	(676, 2, '{"title":"omnis","description":"Dolores deleniti ut aut accusamus quia ea et consequuntur incidunt."}', 316, '2018-10-28 07:13:09', '2018-10-28 07:13:09'),
	(677, 2, '{"title":"autem","description":"Aut dolorum natus cum vero ut animi aperiam."}', 387, '2018-10-28 07:13:09', '2018-10-28 07:13:09'),
	(678, 3, '{"title":"vel","description":"Provident quis et aut modi ipsam rerum non."}', 156, '2018-10-28 07:13:09', '2018-10-28 07:13:09'),
	(679, 3, '{"title":"ratione","description":"Amet consectetur ratione aliquam in corporis est omnis suscipit quia blanditiis exercitationem."}', 197, '2018-10-28 07:13:09', '2018-10-28 07:13:09'),
	(680, 1, '{"title":"magni","description":"Minima impedit facere non architecto qui in numquam."}', 76, '2018-10-28 07:13:09', '2018-10-28 07:13:09'),
	(681, 1, '{"title":"voluptatem","description":"Ut reiciendis itaque ducimus velit consequuntur voluptates perspiciatis saepe nobis incidunt fugiat autem."}', 97, '2018-10-28 07:13:09', '2018-10-28 07:13:09'),
	(682, 1, '{"title":"et","description":"Similique ut aut saepe et eos et."}', 360, '2018-10-28 07:13:09', '2018-10-28 07:13:09'),
	(683, 2, '{"title":"corrupti","description":"Quia cum voluptas nobis fuga nobis qui."}', 94, '2018-10-28 07:13:09', '2018-10-28 07:13:09'),
	(684, 3, '{"title":"maxime","description":"A nostrum dicta rem unde molestiae nihil soluta rerum ipsum dolores."}', 84, '2018-10-28 07:13:09', '2018-10-28 07:13:09'),
	(685, 1, '{"title":"porro","description":"Ad temporibus nihil ipsum et fugiat et et earum dolor saepe quam ducimus."}', 303, '2018-10-28 07:13:09', '2018-10-28 07:13:09'),
	(686, 2, '{"title":"quos","description":"Vero ea sit inventore qui totam necessitatibus non aliquid quia quia consequatur."}', 425, '2018-10-28 07:13:09', '2018-10-28 07:13:09'),
	(687, 2, '{"title":"dolorem","description":"Quia a debitis rem ut quisquam architecto assumenda nihil."}', 244, '2018-10-28 07:13:09', '2018-10-28 07:13:09'),
	(688, 3, '{"title":"inventore","description":"Dolore dolorem expedita iste perspiciatis consectetur ad hic nulla odio neque voluptates amet vero."}', 320, '2018-10-28 07:13:09', '2018-10-28 07:13:09'),
	(689, 3, '{"title":"est","description":"Culpa qui ut saepe sequi corporis eum facilis aut et voluptates qui veritatis."}', 331, '2018-10-28 07:13:09', '2018-10-28 07:13:09'),
	(690, 2, '{"title":"officiis","description":"Ut aliquid necessitatibus rerum aut ut quod sit est ipsum dolorum assumenda esse fuga."}', 24, '2018-10-28 07:13:09', '2018-10-28 07:13:09'),
	(691, 2, '{"title":"reiciendis","description":"Fugiat voluptatum quis qui veniam magni sunt voluptatum iste harum doloremque nihil voluptates est."}', 43, '2018-10-28 07:13:09', '2018-10-28 07:13:09'),
	(692, 2, '{"title":"nobis","description":"Aut consequatur rerum et sed harum quaerat sunt distinctio voluptatem autem explicabo et harum."}', 458, '2018-10-28 07:13:09', '2018-10-28 07:13:09'),
	(693, 2, '{"title":"ex","description":"Et et qui labore maxime ab voluptates exercitationem."}', 201, '2018-10-28 07:13:09', '2018-10-28 07:13:09'),
	(694, 3, '{"title":"sit","description":"Nobis vitae aliquam rem maxime et et."}', 188, '2018-10-28 07:13:09', '2018-10-28 07:13:09'),
	(695, 3, '{"title":"rerum","description":"Voluptatem eos sed et culpa ullam et sit voluptates tenetur."}', 374, '2018-10-28 07:13:09', '2018-10-28 07:13:09'),
	(696, 1, '{"title":"velit","description":"Est ex soluta aut voluptatem neque rem architecto quo et corporis impedit."}', 40, '2018-10-28 07:13:09', '2018-10-28 07:13:09'),
	(697, 3, '{"title":"autem","description":"Magnam vel sapiente non sit commodi rerum et voluptatum aliquid omnis nostrum eius."}', 339, '2018-10-28 07:13:09', '2018-10-28 07:13:09'),
	(698, 3, '{"title":"praesentium","description":"Aut est deserunt nam asperiores illo et."}', 383, '2018-10-28 07:13:09', '2018-10-28 07:13:09'),
	(699, 3, '{"title":"iure","description":"Minus eum ipsa suscipit ducimus reprehenderit labore qui."}', 160, '2018-10-28 07:13:09', '2018-10-28 07:13:09'),
	(700, 2, '{"title":"aliquam","description":"Beatae similique ad iure suscipit inventore officiis aut fugit repellendus consequatur officia."}', 197, '2018-10-28 07:13:09', '2018-10-28 07:13:09'),
	(701, 3, '{"title":"et","description":"Maxime ut ullam ducimus illum qui ducimus sint ratione et doloribus."}', 325, '2018-10-28 07:13:09', '2018-10-28 07:13:09'),
	(702, 1, '{"title":"non","description":"In alias est sed repellat aut autem rerum voluptas vitae reiciendis itaque quia voluptatum non."}', 138, '2018-10-28 07:13:09', '2018-10-28 07:13:09'),
	(703, 1, '{"title":"sit","description":"Adipisci perferendis qui et consequatur magni voluptatum qui autem soluta est quas."}', 448, '2018-10-28 07:13:09', '2018-10-28 07:13:09'),
	(704, 1, '{"title":"illum","description":"Deserunt et accusantium optio et vitae repudiandae et enim sunt maxime."}', 97, '2018-10-28 07:13:09', '2018-10-28 07:13:09'),
	(705, 1, '{"title":"ducimus","description":"Provident unde optio quaerat occaecati magni cum."}', 107, '2018-10-28 07:13:09', '2018-10-28 07:13:09'),
	(706, 1, '{"title":"assumenda","description":"Animi aut ea mollitia reiciendis fugit et non laborum consequatur unde culpa quo."}', 294, '2018-10-28 07:13:09', '2018-10-28 07:13:09'),
	(707, 3, '{"title":"vitae","description":"Nesciunt quaerat rerum iure perspiciatis asperiores fuga debitis deserunt necessitatibus quo distinctio odio non."}', 204, '2018-10-28 07:13:09', '2018-10-28 07:13:09'),
	(708, 1, '{"title":"et","description":"Dicta vel et inventore sapiente quod inventore voluptatibus."}', 75, '2018-10-28 07:13:09', '2018-10-28 07:13:09'),
	(709, 1, '{"title":"aliquid","description":"Sint facilis est est cumque reprehenderit vitae non ipsum sit aperiam."}', 13, '2018-10-28 07:13:09', '2018-10-28 07:13:09'),
	(710, 3, '{"title":"officiis","description":"Ratione veritatis quas quia dolore est qui necessitatibus illo."}', 378, '2018-10-28 07:13:09', '2018-10-28 07:13:09'),
	(711, 3, '{"title":"laboriosam","description":"In accusantium aspernatur illum nobis placeat dolorem sequi."}', 246, '2018-10-28 07:13:09', '2018-10-28 07:13:09'),
	(712, 2, '{"title":"sit","description":"Temporibus aperiam dolorum placeat ea minus rerum quia dicta rerum non."}', 13, '2018-10-28 07:13:09', '2018-10-28 07:13:09'),
	(713, 2, '{"title":"consequatur","description":"Doloribus deserunt dolor at neque architecto ratione."}', 129, '2018-10-28 07:13:09', '2018-10-28 07:13:09'),
	(714, 1, '{"title":"ipsa","description":"Ea aut ut a atque aliquid occaecati reiciendis ea non id."}', 285, '2018-10-28 07:13:09', '2018-10-28 07:13:09'),
	(715, 1, '{"title":"odit","description":"Excepturi repudiandae qui quia esse aliquam aut."}', 463, '2018-10-28 07:13:09', '2018-10-28 07:13:09'),
	(716, 2, '{"title":"est","description":"Est quia unde dolores illo rerum tempora iste."}', 335, '2018-10-28 07:13:09', '2018-10-28 07:13:09'),
	(717, 2, '{"title":"aliquam","description":"Provident est est molestiae consectetur ut consectetur tempore enim."}', 333, '2018-10-28 07:13:09', '2018-10-28 07:13:09'),
	(718, 1, '{"title":"ipsa","description":"Odio sapiente officia blanditiis et in libero cumque cumque omnis."}', 463, '2018-10-28 07:13:09', '2018-10-28 07:13:09'),
	(719, 3, '{"title":"nesciunt","description":"Dignissimos possimus quos corporis enim consequatur maxime rem quia qui mollitia optio."}', 9, '2018-10-28 07:13:09', '2018-10-28 07:13:09'),
	(720, 3, '{"title":"aut","description":"Architecto aliquid error nam soluta quos magnam rerum."}', 33, '2018-10-28 07:13:09', '2018-10-28 07:13:09'),
	(721, 3, '{"title":"iste","description":"Accusamus et qui vel et dolores laboriosam expedita reiciendis doloremque eos quia."}', 132, '2018-10-28 07:13:09', '2018-10-28 07:13:09'),
	(722, 1, '{"title":"voluptatum","description":"Ad optio aut rerum ducimus eum voluptatem inventore nostrum omnis aut."}', 339, '2018-10-28 07:13:09', '2018-10-28 07:13:09'),
	(723, 1, '{"title":"quia","description":"Minima corporis officia eos voluptas rerum magnam esse harum ex laudantium id atque."}', 110, '2018-10-28 07:13:09', '2018-10-28 07:13:09'),
	(724, 3, '{"title":"in","description":"Quidem rerum sint vel et dolorem libero nulla et cupiditate aut et."}', 58, '2018-10-28 07:13:09', '2018-10-28 07:13:09'),
	(725, 1, '{"title":"voluptas","description":"Aliquid vitae alias voluptatem nostrum esse adipisci nihil et incidunt corrupti dolorem ex."}', 268, '2018-10-28 07:13:09', '2018-10-28 07:13:09'),
	(726, 1, '{"title":"et","description":"Assumenda eos est dolorem voluptatem tenetur dicta."}', 264, '2018-10-28 07:13:09', '2018-10-28 07:13:09'),
	(727, 3, '{"title":"qui","description":"Non odit a minus sit et occaecati soluta fugiat occaecati voluptatem voluptates nemo."}', 307, '2018-10-28 07:13:09', '2018-10-28 07:13:09'),
	(728, 1, '{"title":"soluta","description":"Blanditiis in cumque quidem aliquam sint sed est laudantium minima quam."}', 217, '2018-10-28 07:13:09', '2018-10-28 07:13:09'),
	(729, 3, '{"title":"ut","description":"Ea quis accusamus et recusandae dolorum molestiae molestiae sequi mollitia magnam et magni."}', 251, '2018-10-28 07:13:09', '2018-10-28 07:13:09'),
	(730, 3, '{"title":"sint","description":"Consequuntur aliquam fugit natus fugiat placeat quibusdam molestiae consectetur."}', 338, '2018-10-28 07:13:09', '2018-10-28 07:13:09'),
	(731, 3, '{"title":"culpa","description":"Est alias id a qui sunt nemo mollitia consequatur voluptates dolorem assumenda."}', 1, '2018-10-28 07:13:09', '2018-10-28 07:13:09'),
	(732, 3, '{"title":"nihil","description":"Rerum aut impedit nostrum sint blanditiis sint in."}', 69, '2018-10-28 07:13:09', '2018-10-28 07:13:09'),
	(733, 3, '{"title":"possimus","description":"Qui quam quas fugit voluptatem voluptas numquam numquam debitis corporis."}', 489, '2018-10-28 07:13:09', '2018-10-28 07:13:09'),
	(734, 3, '{"title":"voluptatem","description":"Aut numquam debitis laudantium assumenda doloribus et atque ipsum cupiditate in et."}', 242, '2018-10-28 07:13:09', '2018-10-28 07:13:09'),
	(735, 2, '{"title":"qui","description":"Nobis provident ipsa beatae quia aliquid cum ut quidem eius molestias sit provident quia."}', 102, '2018-10-28 07:13:09', '2018-10-28 07:13:09'),
	(736, 1, '{"title":"id","description":"Repellat consectetur velit non sunt hic facilis eligendi quod quia in."}', 7, '2018-10-28 07:13:09', '2018-10-28 07:13:09'),
	(737, 1, '{"title":"voluptatem","description":"Nihil cumque voluptatem accusamus rerum ut numquam eaque natus quidem."}', 25, '2018-10-28 07:13:09', '2018-10-28 07:13:09'),
	(738, 1, '{"title":"itaque","description":"Accusantium ipsam tenetur molestias ipsa consequatur quidem dolor ipsa unde."}', 1, '2018-10-28 07:13:09', '2018-10-28 07:13:09'),
	(739, 2, '{"title":"id","description":"Eum atque id vel facere soluta suscipit."}', 304, '2018-10-28 07:13:09', '2018-10-28 07:13:09'),
	(740, 1, '{"title":"qui","description":"Adipisci qui modi alias et autem harum."}', 110, '2018-10-28 07:13:09', '2018-10-28 07:13:09'),
	(741, 1, '{"title":"illum","description":"Molestiae sint veritatis nulla officia necessitatibus sed laborum non blanditiis nulla quidem dolore rerum."}', 493, '2018-10-28 07:13:09', '2018-10-28 07:13:09'),
	(742, 3, '{"title":"sunt","description":"Corporis sunt aliquid non qui nesciunt explicabo voluptate reiciendis laudantium rerum dolore sed dolor."}', 146, '2018-10-28 07:13:09', '2018-10-28 07:13:09'),
	(743, 1, '{"title":"cum","description":"Consequatur fuga id eos veniam quidem nisi ea."}', 97, '2018-10-28 07:13:09', '2018-10-28 07:13:09'),
	(744, 2, '{"title":"impedit","description":"Nobis dolores natus ea debitis rem et."}', 222, '2018-10-28 07:13:09', '2018-10-28 07:13:09'),
	(745, 1, '{"title":"omnis","description":"Ullam rerum veniam corporis fugiat cupiditate qui."}', 139, '2018-10-28 07:13:09', '2018-10-28 07:13:09'),
	(746, 2, '{"title":"quaerat","description":"Quo facilis tempore similique fugiat eos laudantium corporis suscipit fuga et vel."}', 261, '2018-10-28 07:13:09', '2018-10-28 07:13:09'),
	(747, 2, '{"title":"occaecati","description":"Blanditiis esse nostrum explicabo fuga id ea cupiditate expedita voluptas et repellat ut nisi."}', 405, '2018-10-28 07:13:09', '2018-10-28 07:13:09'),
	(748, 2, '{"title":"in","description":"Esse facilis voluptas fugit veniam recusandae accusantium veniam omnis velit dolores."}', 39, '2018-10-28 07:13:09', '2018-10-28 07:13:09'),
	(749, 2, '{"title":"ea","description":"Totam vitae et autem perferendis odit ipsum ut a ut perspiciatis mollitia mollitia mollitia."}', 326, '2018-10-28 07:13:09', '2018-10-28 07:13:09'),
	(750, 3, '{"title":"est","description":"Nisi alias commodi nemo labore architecto voluptas asperiores voluptas."}', 175, '2018-10-28 07:13:09', '2018-10-28 07:13:09'),
	(751, 1, '{"title":"deleniti","description":"Eos aut cumque consectetur ut distinctio quis voluptatibus ut facere hic natus aliquid."}', 104, '2018-10-28 07:13:09', '2018-10-28 07:13:09'),
	(752, 1, '{"title":"cumque","description":"Consequatur adipisci qui aut deleniti quo enim odit ea dolore aut et ex."}', 171, '2018-10-28 07:13:09', '2018-10-28 07:13:09'),
	(753, 1, '{"title":"facere","description":"Maiores omnis odio tenetur omnis non necessitatibus dolor delectus accusantium est aperiam sequi."}', 385, '2018-10-28 07:13:09', '2018-10-28 07:13:09'),
	(754, 3, '{"title":"nihil","description":"Aut officiis neque dignissimos commodi impedit sit facere ipsa."}', 212, '2018-10-28 07:13:09', '2018-10-28 07:13:09'),
	(755, 1, '{"title":"harum","description":"Explicabo voluptas neque voluptatem quasi dolorem numquam recusandae voluptatem tenetur perspiciatis consequatur dolorem."}', 93, '2018-10-28 07:13:09', '2018-10-28 07:13:09'),
	(756, 2, '{"title":"consequatur","description":"Voluptatem iste ut quam at ut ut voluptas non minus ut rerum placeat doloribus."}', 135, '2018-10-28 07:13:09', '2018-10-28 07:13:09'),
	(757, 2, '{"title":"excepturi","description":"Perferendis sequi vitae porro eius voluptas eum ea est rerum nihil voluptatem pariatur officia."}', 210, '2018-10-28 07:13:09', '2018-10-28 07:13:09'),
	(758, 1, '{"title":"dolorem","description":"Ea aliquid voluptate sed maiores fugiat aut ipsam blanditiis deleniti voluptatem et illum voluptatem."}', 188, '2018-10-28 07:13:09', '2018-10-28 07:13:09'),
	(759, 2, '{"title":"animi","description":"Incidunt tempora impedit corporis voluptatem autem totam rem."}', 4, '2018-10-28 07:13:09', '2018-10-28 07:13:09'),
	(760, 1, '{"title":"aut","description":"Rerum illo adipisci eligendi et dolor assumenda cumque commodi consequatur."}', 329, '2018-10-28 07:13:09', '2018-10-28 07:13:09'),
	(761, 1, '{"title":"est","description":"Autem perferendis ab nulla magni iste et amet qui quia."}', 155, '2018-10-28 07:13:09', '2018-10-28 07:13:09'),
	(762, 1, '{"title":"qui","description":"Itaque officiis delectus ab cum unde facere ut cum accusantium cumque modi."}', 276, '2018-10-28 07:13:09', '2018-10-28 07:13:09'),
	(763, 3, '{"title":"maxime","description":"Omnis enim nisi illo aut dolores aliquam."}', 23, '2018-10-28 07:13:09', '2018-10-28 07:13:09'),
	(764, 3, '{"title":"quis","description":"Debitis harum sapiente explicabo voluptatem eum molestiae esse quis nulla eius."}', 66, '2018-10-28 07:13:09', '2018-10-28 07:13:09'),
	(765, 3, '{"title":"dolores","description":"Assumenda consectetur debitis aperiam voluptatem occaecati consequuntur esse."}', 396, '2018-10-28 07:13:09', '2018-10-28 07:13:09'),
	(766, 2, '{"title":"placeat","description":"Voluptates et qui ex et sint cumque illo incidunt ipsum officiis blanditiis in."}', 268, '2018-10-28 07:13:09', '2018-10-28 07:13:09'),
	(767, 1, '{"title":"sed","description":"Harum quo quia beatae veniam facere aspernatur alias."}', 481, '2018-10-28 07:13:09', '2018-10-28 07:13:09'),
	(768, 1, '{"title":"velit","description":"Quia id vel laudantium hic ea consectetur explicabo dolor ut quia iusto."}', 68, '2018-10-28 07:13:09', '2018-10-28 07:13:09'),
	(769, 2, '{"title":"corporis","description":"Necessitatibus esse architecto minima odio fugit distinctio sequi et est tenetur accusamus."}', 43, '2018-10-28 07:13:09', '2018-10-28 07:13:09'),
	(770, 3, '{"title":"modi","description":"Delectus consequatur non culpa sunt quo doloribus neque."}', 382, '2018-10-28 07:13:09', '2018-10-28 07:13:09'),
	(771, 3, '{"title":"necessitatibus","description":"Omnis ex dolores est perspiciatis nemo ducimus minima tempore laudantium accusamus sint."}', 461, '2018-10-28 07:13:09', '2018-10-28 07:13:09'),
	(772, 2, '{"title":"voluptas","description":"Et inventore perspiciatis explicabo voluptatem temporibus quis inventore."}', 35, '2018-10-28 07:13:09', '2018-10-28 07:13:09'),
	(773, 3, '{"title":"delectus","description":"Ipsam debitis maiores sapiente id quae aperiam."}', 309, '2018-10-28 07:13:09', '2018-10-28 07:13:09'),
	(774, 2, '{"title":"quaerat","description":"Saepe expedita fugiat quasi quis placeat ex quos qui."}', 399, '2018-10-28 07:13:09', '2018-10-28 07:13:09'),
	(775, 3, '{"title":"occaecati","description":"Aliquam qui et qui labore ut sed neque at natus deserunt natus rerum recusandae."}', 179, '2018-10-28 07:13:09', '2018-10-28 07:13:09'),
	(776, 2, '{"title":"quas","description":"Dicta minima cumque quod maxime debitis perspiciatis dicta tempora at velit consequatur eligendi ea."}', 403, '2018-10-28 07:13:09', '2018-10-28 07:13:09'),
	(777, 1, '{"title":"sed","description":"Dolorem neque rerum quia suscipit reprehenderit facere et doloremque illum eveniet est consequatur deserunt."}', 69, '2018-10-28 07:13:09', '2018-10-28 07:13:09'),
	(778, 2, '{"title":"numquam","description":"Earum at iure consequuntur minus sit consequatur dolorem."}', 304, '2018-10-28 07:13:09', '2018-10-28 07:13:09'),
	(779, 3, '{"title":"consectetur","description":"Sed nemo sed quis eos blanditiis sit hic in in facere et et."}', 372, '2018-10-28 07:13:09', '2018-10-28 07:13:09'),
	(780, 2, '{"title":"possimus","description":"Eius autem dignissimos in distinctio neque molestiae quasi accusamus beatae."}', 426, '2018-10-28 07:13:09', '2018-10-28 07:13:09'),
	(781, 2, '{"title":"vel","description":"Et et et voluptatem ea dolores sunt doloremque qui unde eaque reprehenderit qui."}', 339, '2018-10-28 07:13:09', '2018-10-28 07:13:09'),
	(782, 1, '{"title":"enim","description":"Maiores error sunt rem a veritatis iure natus et vitae."}', 211, '2018-10-28 07:13:09', '2018-10-28 07:13:09'),
	(783, 3, '{"title":"corrupti","description":"Fuga eaque quia ad odio nihil sint voluptas."}', 62, '2018-10-28 07:13:09', '2018-10-28 07:13:09'),
	(784, 2, '{"title":"nobis","description":"Deleniti ratione id deserunt voluptates repudiandae quis quae aut magnam necessitatibus voluptas maxime commodi."}', 67, '2018-10-28 07:13:09', '2018-10-28 07:13:09'),
	(785, 2, '{"title":"labore","description":"Cum voluptate nostrum culpa mollitia culpa rerum."}', 425, '2018-10-28 07:13:09', '2018-10-28 07:13:09'),
	(786, 2, '{"title":"libero","description":"Voluptatibus minima et a est accusamus modi unde voluptatem velit dolores voluptatibus."}', 111, '2018-10-28 07:13:09', '2018-10-28 07:13:09'),
	(787, 3, '{"title":"labore","description":"Ad enim ipsum recusandae exercitationem quae qui autem odit doloremque molestiae dolor quasi consequatur."}', 186, '2018-10-28 07:13:09', '2018-10-28 07:13:09'),
	(788, 1, '{"title":"voluptatem","description":"Libero delectus laudantium dolore autem in sunt dolorem rem explicabo aut corporis quis."}', 441, '2018-10-28 07:13:09', '2018-10-28 07:13:09'),
	(789, 1, '{"title":"doloribus","description":"Aliquam repellendus ea reprehenderit quia quia voluptate et ea porro commodi et quibusdam."}', 210, '2018-10-28 07:13:09', '2018-10-28 07:13:09'),
	(790, 2, '{"title":"ad","description":"Provident rerum animi optio voluptatem qui atque ad possimus qui dignissimos aut maxime."}', 304, '2018-10-28 07:13:09', '2018-10-28 07:13:09'),
	(791, 2, '{"title":"eveniet","description":"Fugit temporibus repellat quibusdam eligendi totam velit eaque rerum assumenda delectus ullam est recusandae."}', 61, '2018-10-28 07:13:09', '2018-10-28 07:13:09'),
	(792, 2, '{"title":"eos","description":"Et beatae et quia voluptate quia inventore consequuntur cum tenetur et nobis velit impedit veritatis."}', 389, '2018-10-28 07:13:09', '2018-10-28 07:13:09'),
	(793, 3, '{"title":"omnis","description":"Consequatur odio eum veniam qui rem eum ut doloribus debitis enim magnam."}', 360, '2018-10-28 07:13:09', '2018-10-28 07:13:09'),
	(794, 1, '{"title":"et","description":"Assumenda deserunt ut ipsum ea ducimus animi qui maxime perferendis."}', 85, '2018-10-28 07:13:09', '2018-10-28 07:13:09'),
	(795, 3, '{"title":"rerum","description":"Aut quia ex libero nam iste nemo sequi modi sit in consequatur natus."}', 397, '2018-10-28 07:13:09', '2018-10-28 07:13:09'),
	(796, 1, '{"title":"explicabo","description":"Et molestiae eum sunt ut tenetur nemo voluptate at et quo perferendis."}', 126, '2018-10-28 07:13:09', '2018-10-28 07:13:09'),
	(797, 1, '{"title":"eius","description":"Expedita autem ut minima nesciunt illum pariatur aut excepturi quis quis perspiciatis harum."}', 213, '2018-10-28 07:13:09', '2018-10-28 07:13:09'),
	(798, 1, '{"title":"assumenda","description":"Voluptas reprehenderit ducimus magni facilis dolore sint."}', 275, '2018-10-28 07:13:09', '2018-10-28 07:13:09'),
	(799, 1, '{"title":"temporibus","description":"Cupiditate saepe ipsam laudantium quam et fugiat architecto."}', 266, '2018-10-28 07:13:09', '2018-10-28 07:13:09'),
	(800, 3, '{"title":"atque","description":"Et minus quod aliquid aut voluptate ullam excepturi iste soluta accusantium voluptas non rem eveniet."}', 317, '2018-10-28 07:13:09', '2018-10-28 07:13:09'),
	(801, 1, '{"title":"ea","description":"Et fugiat qui voluptatibus autem cupiditate consequatur deleniti non dignissimos quo."}', 499, '2018-10-28 07:13:09', '2018-10-28 07:13:09'),
	(802, 1, '{"title":"perspiciatis","description":"Possimus excepturi veniam itaque quia voluptatibus est nobis et cupiditate eius."}', 412, '2018-10-28 07:13:09', '2018-10-28 07:13:09'),
	(803, 1, '{"title":"harum","description":"Cum consequatur dolores aliquid quia accusantium necessitatibus alias laboriosam hic velit corporis repellat."}', 9, '2018-10-28 07:13:09', '2018-10-28 07:13:09'),
	(804, 2, '{"title":"enim","description":"Sed dolores eum aut maxime harum quam."}', 61, '2018-10-28 07:13:09', '2018-10-28 07:13:09'),
	(805, 3, '{"title":"aliquam","description":"Dicta ullam dignissimos minima animi rerum modi ut illo mollitia maiores consequuntur non."}', 337, '2018-10-28 07:13:09', '2018-10-28 07:13:09'),
	(806, 1, '{"title":"expedita","description":"Quidem asperiores consequatur deleniti maxime ratione laudantium ipsam sit asperiores accusamus culpa corrupti voluptas."}', 146, '2018-10-28 07:13:09', '2018-10-28 07:13:09'),
	(807, 3, '{"title":"recusandae","description":"Delectus nihil molestiae amet sunt unde autem."}', 434, '2018-10-28 07:13:09', '2018-10-28 07:13:09'),
	(808, 3, '{"title":"et","description":"Est fuga alias nisi ut eligendi hic velit dignissimos libero ullam ullam consectetur sed."}', 291, '2018-10-28 07:13:09', '2018-10-28 07:13:09'),
	(809, 1, '{"title":"ipsum","description":"Voluptas mollitia in omnis illum quaerat iusto quia deserunt autem occaecati provident reprehenderit."}', 322, '2018-10-28 07:13:09', '2018-10-28 07:13:09'),
	(810, 3, '{"title":"suscipit","description":"Similique voluptas et perspiciatis eligendi aut facilis fuga nihil consectetur sit."}', 489, '2018-10-28 07:13:09', '2018-10-28 07:13:09'),
	(811, 2, '{"title":"saepe","description":"In explicabo ut dolorem ipsa maiores consectetur perspiciatis velit voluptas quia nesciunt."}', 434, '2018-10-28 07:13:09', '2018-10-28 07:13:09'),
	(812, 2, '{"title":"omnis","description":"Dicta et adipisci accusantium eos error tempora ut quam aliquid cumque amet in sit."}', 445, '2018-10-28 07:13:09', '2018-10-28 07:13:09'),
	(813, 2, '{"title":"doloribus","description":"Rem laborum consequatur eum id laborum rerum sint adipisci autem quos aut sed voluptatem."}', 182, '2018-10-28 07:13:09', '2018-10-28 07:13:09'),
	(814, 3, '{"title":"laborum","description":"Vitae rem dolor possimus qui minus corporis repellat quae quas impedit consectetur."}', 435, '2018-10-28 07:13:09', '2018-10-28 07:13:09'),
	(815, 1, '{"title":"et","description":"Mollitia ratione et totam praesentium officia dolorem accusantium omnis quia."}', 136, '2018-10-28 07:13:09', '2018-10-28 07:13:09'),
	(816, 2, '{"title":"ratione","description":"Commodi est mollitia nihil exercitationem ipsum est corrupti corporis quo debitis."}', 456, '2018-10-28 07:13:09', '2018-10-28 07:13:09'),
	(817, 2, '{"title":"veritatis","description":"Quis veritatis et reiciendis aspernatur ut consequatur libero praesentium maiores soluta aut expedita molestiae."}', 97, '2018-10-28 07:13:09', '2018-10-28 07:13:09'),
	(818, 1, '{"title":"occaecati","description":"Quisquam dicta iusto quisquam qui voluptates fuga laudantium voluptatem molestiae voluptas fuga."}', 59, '2018-10-28 07:13:09', '2018-10-28 07:13:09'),
	(819, 3, '{"title":"sint","description":"Iure corrupti delectus et cupiditate sit enim delectus ut perspiciatis provident impedit pariatur."}', 234, '2018-10-28 07:13:09', '2018-10-28 07:13:09'),
	(820, 1, '{"title":"omnis","description":"Nisi quia illum enim soluta omnis odio voluptatem vel ab ullam illo."}', 281, '2018-10-28 07:13:09', '2018-10-28 07:13:09'),
	(821, 1, '{"title":"autem","description":"Voluptas quia minus nostrum incidunt laborum at quae rerum iusto."}', 176, '2018-10-28 07:13:09', '2018-10-28 07:13:09'),
	(822, 3, '{"title":"et","description":"Numquam quidem ducimus natus mollitia ut voluptas perspiciatis quos nulla."}', 396, '2018-10-28 07:13:09', '2018-10-28 07:13:09'),
	(823, 2, '{"title":"dolorem","description":"Mollitia ut sequi quae modi commodi sit est blanditiis laboriosam magnam."}', 439, '2018-10-28 07:13:09', '2018-10-28 07:13:09'),
	(824, 2, '{"title":"voluptates","description":"Totam cupiditate tempore sint aut voluptatibus voluptates cumque distinctio est."}', 214, '2018-10-28 07:13:09', '2018-10-28 07:13:09'),
	(825, 1, '{"title":"aspernatur","description":"Et aspernatur voluptate qui exercitationem asperiores eos."}', 300, '2018-10-28 07:13:09', '2018-10-28 07:13:09'),
	(826, 2, '{"title":"quaerat","description":"Ut eum aut architecto aliquam dolor hic."}', 442, '2018-10-28 07:13:09', '2018-10-28 07:13:09'),
	(827, 3, '{"title":"veniam","description":"Maxime sed voluptas necessitatibus excepturi iusto sit excepturi harum."}', 71, '2018-10-28 07:13:09', '2018-10-28 07:13:09'),
	(828, 2, '{"title":"et","description":"Vitae voluptatem omnis alias eum natus laboriosam recusandae consequuntur tenetur voluptas quo impedit."}', 15, '2018-10-28 07:13:09', '2018-10-28 07:13:09'),
	(829, 3, '{"title":"quos","description":"Quia in incidunt eius placeat tempora earum aliquid quia et accusantium ad."}', 129, '2018-10-28 07:13:09', '2018-10-28 07:13:09'),
	(830, 2, '{"title":"quisquam","description":"Alias non animi veritatis eius unde non debitis necessitatibus est voluptatem aut accusamus."}', 173, '2018-10-28 07:13:09', '2018-10-28 07:13:09'),
	(831, 1, '{"title":"odio","description":"Inventore vero consequatur cum dignissimos aut magnam facere cupiditate qui et."}', 234, '2018-10-28 07:13:09', '2018-10-28 07:13:09'),
	(832, 3, '{"title":"recusandae","description":"Nisi eaque fuga sit delectus facere veniam harum."}', 470, '2018-10-28 07:13:09', '2018-10-28 07:13:09'),
	(833, 3, '{"title":"similique","description":"Inventore harum sint qui repellendus eos temporibus minus voluptate rerum aliquid ratione excepturi."}', 124, '2018-10-28 07:13:09', '2018-10-28 07:13:09'),
	(834, 1, '{"title":"eius","description":"Aut in ut fugiat mollitia quo quisquam vitae veritatis."}', 89, '2018-10-28 07:13:09', '2018-10-28 07:13:09'),
	(835, 2, '{"title":"doloribus","description":"Quia unde aut quod nisi animi quisquam sit incidunt."}', 210, '2018-10-28 07:13:09', '2018-10-28 07:13:09'),
	(836, 3, '{"title":"est","description":"Eveniet voluptates possimus reiciendis illum facilis mollitia necessitatibus excepturi et quis hic laboriosam qui."}', 58, '2018-10-28 07:13:09', '2018-10-28 07:13:09'),
	(837, 2, '{"title":"molestias","description":"Culpa consequatur culpa eligendi nihil et iure et in consequatur consequatur quis quaerat amet accusamus."}', 121, '2018-10-28 07:13:09', '2018-10-28 07:13:09'),
	(838, 2, '{"title":"rerum","description":"Delectus ea molestiae vel velit ipsum similique quibusdam omnis nemo."}', 428, '2018-10-28 07:13:09', '2018-10-28 07:13:09'),
	(839, 3, '{"title":"eius","description":"Aut sed illum et rerum unde sit qui sunt sit sed asperiores."}', 297, '2018-10-28 07:13:09', '2018-10-28 07:13:09'),
	(840, 3, '{"title":"modi","description":"Eum porro magni velit aut dignissimos debitis aliquid cupiditate voluptatum doloremque nostrum alias."}', 170, '2018-10-28 07:13:09', '2018-10-28 07:13:09'),
	(841, 2, '{"title":"explicabo","description":"Incidunt dolore vel beatae nihil et aspernatur aut harum facilis provident eveniet adipisci sequi."}', 500, '2018-10-28 07:13:09', '2018-10-28 07:13:09'),
	(842, 2, '{"title":"blanditiis","description":"Eum amet numquam doloremque commodi occaecati veritatis nemo."}', 200, '2018-10-28 07:13:09', '2018-10-28 07:13:09'),
	(843, 2, '{"title":"consequatur","description":"Provident autem repudiandae ut quia ex nemo provident vitae."}', 391, '2018-10-28 07:13:09', '2018-10-28 07:13:09'),
	(844, 1, '{"title":"itaque","description":"Sit veniam veritatis autem et earum deleniti veniam sit voluptate."}', 292, '2018-10-28 07:13:09', '2018-10-28 07:13:09'),
	(845, 1, '{"title":"aut","description":"Officiis voluptas est optio voluptatum quo et."}', 175, '2018-10-28 07:13:09', '2018-10-28 07:13:09'),
	(846, 2, '{"title":"atque","description":"Ipsum eligendi quis occaecati eos nihil ex temporibus earum id voluptatem."}', 45, '2018-10-28 07:13:09', '2018-10-28 07:13:09'),
	(847, 1, '{"title":"sed","description":"Aut voluptatum sed recusandae adipisci reprehenderit repellat ut ea iste."}', 491, '2018-10-28 07:13:09', '2018-10-28 07:13:09'),
	(848, 1, '{"title":"aut","description":"Dolores ratione nesciunt inventore eligendi quia iure illum autem accusantium blanditiis."}', 291, '2018-10-28 07:13:09', '2018-10-28 07:13:09'),
	(849, 1, '{"title":"et","description":"Commodi et aut culpa quisquam ut harum minus nam ducimus."}', 97, '2018-10-28 07:13:09', '2018-10-28 07:13:09'),
	(850, 2, '{"title":"rem","description":"Officia unde et sint tenetur quia aut aut velit quaerat iste adipisci inventore omnis."}', 228, '2018-10-28 07:13:09', '2018-10-28 07:13:09'),
	(851, 1, '{"title":"optio","description":"Laboriosam facilis et placeat qui distinctio non quaerat similique aliquam dicta."}', 137, '2018-10-28 07:13:09', '2018-10-28 07:13:09'),
	(852, 1, '{"title":"in","description":"Delectus corporis natus aliquam tenetur ducimus facilis ut a ab aut nemo."}', 105, '2018-10-28 07:13:09', '2018-10-28 07:13:09'),
	(853, 3, '{"title":"minima","description":"Ad necessitatibus sit ullam saepe ut consequatur ipsa totam et voluptas nisi qui sit."}', 175, '2018-10-28 07:13:09', '2018-10-28 07:13:09'),
	(854, 2, '{"title":"impedit","description":"Quaerat esse laboriosam vel qui possimus cum aut est autem molestias similique et optio."}', 92, '2018-10-28 07:13:09', '2018-10-28 07:13:09'),
	(855, 2, '{"title":"eos","description":"Est sit illo qui modi ullam dignissimos et iusto."}', 260, '2018-10-28 07:13:09', '2018-10-28 07:13:09'),
	(856, 2, '{"title":"aliquid","description":"Adipisci sed sed voluptatem quos magnam et et aut maiores ut vero et eligendi."}', 14, '2018-10-28 07:13:09', '2018-10-28 07:13:09'),
	(857, 2, '{"title":"officiis","description":"Excepturi voluptatem aperiam modi velit sed et quis quasi et."}', 126, '2018-10-28 07:13:09', '2018-10-28 07:13:09'),
	(858, 2, '{"title":"quia","description":"Molestiae cupiditate omnis blanditiis ipsam quas vel non ea voluptates."}', 317, '2018-10-28 07:13:09', '2018-10-28 07:13:09'),
	(859, 1, '{"title":"est","description":"Minus quisquam totam labore et accusamus iusto quas exercitationem incidunt eos incidunt."}', 299, '2018-10-28 07:13:09', '2018-10-28 07:13:09'),
	(860, 1, '{"title":"quasi","description":"A et reprehenderit earum rem accusantium eum molestiae eligendi adipisci qui natus."}', 471, '2018-10-28 07:13:09', '2018-10-28 07:13:09'),
	(861, 2, '{"title":"at","description":"Dolor tempore quo animi et id dolor voluptas id illo sequi architecto rem enim."}', 330, '2018-10-28 07:13:09', '2018-10-28 07:13:09'),
	(862, 1, '{"title":"qui","description":"Qui in enim sed et enim enim."}', 113, '2018-10-28 07:13:09', '2018-10-28 07:13:09'),
	(863, 3, '{"title":"est","description":"Aperiam ut debitis at cupiditate ea sunt quia delectus nobis enim quo numquam pariatur."}', 62, '2018-10-28 07:13:09', '2018-10-28 07:13:09'),
	(864, 2, '{"title":"voluptas","description":"Autem molestiae dolor nisi perferendis vero quibusdam."}', 387, '2018-10-28 07:13:09', '2018-10-28 07:13:09'),
	(865, 2, '{"title":"rem","description":"Sequi necessitatibus occaecati aperiam et reprehenderit qui aperiam deserunt ut."}', 67, '2018-10-28 07:13:09', '2018-10-28 07:13:09'),
	(866, 1, '{"title":"itaque","description":"Voluptas quam quo reiciendis hic hic sunt enim iusto."}', 487, '2018-10-28 07:13:09', '2018-10-28 07:13:09'),
	(867, 2, '{"title":"consequatur","description":"Culpa quis soluta officiis voluptas repudiandae nihil quo eos."}', 21, '2018-10-28 07:13:09', '2018-10-28 07:13:09'),
	(868, 3, '{"title":"ut","description":"Voluptatibus quam unde sunt nihil asperiores aliquam qui nulla dolor magnam sed reprehenderit."}', 345, '2018-10-28 07:13:09', '2018-10-28 07:13:09'),
	(869, 1, '{"title":"quidem","description":"Repudiandae deleniti sint delectus tenetur porro qui neque."}', 214, '2018-10-28 07:13:09', '2018-10-28 07:13:09'),
	(870, 1, '{"title":"assumenda","description":"Fuga ratione qui dignissimos officiis sint voluptatum earum nulla eligendi."}', 206, '2018-10-28 07:13:09', '2018-10-28 07:13:09'),
	(871, 3, '{"title":"consequatur","description":"Quo sint rerum expedita dolores voluptatem ea vel."}', 177, '2018-10-28 07:13:09', '2018-10-28 07:13:09'),
	(872, 1, '{"title":"et","description":"Nostrum dolore natus et iure enim et minima."}', 71, '2018-10-28 07:13:09', '2018-10-28 07:13:09'),
	(873, 3, '{"title":"vero","description":"Commodi repudiandae nobis officia praesentium aut sapiente consectetur quidem est reiciendis aliquid."}', 30, '2018-10-28 07:13:09', '2018-10-28 07:13:09'),
	(874, 3, '{"title":"ratione","description":"Tempora sed unde doloribus veritatis enim explicabo illum."}', 291, '2018-10-28 07:13:09', '2018-10-28 07:13:09'),
	(875, 1, '{"title":"officiis","description":"Fuga fugit qui occaecati dolores praesentium non iste ea ea officia quaerat porro voluptate."}', 357, '2018-10-28 07:13:09', '2018-10-28 07:13:09'),
	(876, 2, '{"title":"quibusdam","description":"Voluptatem tempora architecto amet doloribus doloremque necessitatibus aut sint."}', 147, '2018-10-28 07:13:09', '2018-10-28 07:13:09'),
	(877, 1, '{"title":"officia","description":"Dolorem est consequatur delectus ad in nihil quae in sit et natus dolorem architecto."}', 39, '2018-10-28 07:13:09', '2018-10-28 07:13:09'),
	(878, 1, '{"title":"repellat","description":"Repellendus beatae reiciendis officiis aliquid occaecati debitis tenetur et."}', 340, '2018-10-28 07:13:09', '2018-10-28 07:13:09'),
	(879, 3, '{"title":"odit","description":"Voluptas dolorem saepe unde sed facere dolor voluptatem non voluptas reiciendis ipsum ad facere."}', 80, '2018-10-28 07:13:09', '2018-10-28 07:13:09'),
	(880, 2, '{"title":"et","description":"Voluptatum optio natus commodi in ratione at quidem."}', 63, '2018-10-28 07:13:09', '2018-10-28 07:13:09'),
	(881, 1, '{"title":"possimus","description":"Dolorem aliquam rerum maiores molestiae consequuntur nihil architecto provident itaque culpa adipisci."}', 263, '2018-10-28 07:13:09', '2018-10-28 07:13:09'),
	(882, 2, '{"title":"quo","description":"Et eos iusto magni qui voluptatem odio nobis sit sint."}', 357, '2018-10-28 07:13:09', '2018-10-28 07:13:09'),
	(883, 1, '{"title":"voluptatem","description":"Eaque molestiae aut rem commodi non necessitatibus."}', 293, '2018-10-28 07:13:09', '2018-10-28 07:13:09'),
	(884, 3, '{"title":"animi","description":"Consequatur modi ea rem incidunt quo voluptatem."}', 6, '2018-10-28 07:13:09', '2018-10-28 07:13:09'),
	(885, 2, '{"title":"quidem","description":"Sit odit tempora natus et in eos."}', 377, '2018-10-28 07:13:09', '2018-10-28 07:13:09'),
	(886, 3, '{"title":"blanditiis","description":"Consequatur nihil nostrum explicabo harum est magnam suscipit autem illum temporibus facilis expedita dolorem."}', 2, '2018-10-28 07:13:09', '2018-10-28 07:13:09'),
	(887, 2, '{"title":"non","description":"Sed sed et quas laudantium reprehenderit in et ipsum."}', 370, '2018-10-28 07:13:09', '2018-10-28 07:13:09'),
	(888, 1, '{"title":"excepturi","description":"In possimus voluptatum qui est temporibus possimus fugit ipsam."}', 456, '2018-10-28 07:13:09', '2018-10-28 07:13:09'),
	(889, 2, '{"title":"consectetur","description":"Recusandae rerum est dolores vel fugiat deleniti qui perspiciatis quidem vitae animi quisquam."}', 73, '2018-10-28 07:13:09', '2018-10-28 07:13:09'),
	(890, 3, '{"title":"voluptas","description":"Hic assumenda odit error eius voluptatem animi alias omnis velit quia atque tenetur."}', 435, '2018-10-28 07:13:09', '2018-10-28 07:13:09'),
	(891, 1, '{"title":"dolorum","description":"Impedit eum eius quos quam earum voluptatem provident repellendus vero id."}', 366, '2018-10-28 07:13:09', '2018-10-28 07:13:09'),
	(892, 3, '{"title":"eos","description":"Ea saepe repellat ipsa debitis ad fugit aperiam perspiciatis."}', 21, '2018-10-28 07:13:09', '2018-10-28 07:13:09'),
	(893, 1, '{"title":"expedita","description":"Repellendus distinctio perferendis molestias possimus illo aspernatur."}', 18, '2018-10-28 07:13:09', '2018-10-28 07:13:09'),
	(894, 1, '{"title":"corporis","description":"Nesciunt qui quo rem eum deleniti consectetur et distinctio."}', 476, '2018-10-28 07:13:09', '2018-10-28 07:13:09'),
	(895, 3, '{"title":"molestiae","description":"In qui vitae sit et quas illum est harum et accusamus non."}', 326, '2018-10-28 07:13:09', '2018-10-28 07:13:09'),
	(896, 3, '{"title":"voluptatem","description":"Esse libero est ut possimus quis impedit odit unde rerum ad."}', 343, '2018-10-28 07:13:09', '2018-10-28 07:13:09'),
	(897, 2, '{"title":"consequatur","description":"Eveniet quia eos iusto ipsam maiores iure a et."}', 75, '2018-10-28 07:13:09', '2018-10-28 07:13:09'),
	(898, 1, '{"title":"id","description":"Corrupti itaque dicta laboriosam ea et ut omnis voluptas veniam quam quis aut nesciunt."}', 5, '2018-10-28 07:13:09', '2018-10-28 07:13:09'),
	(899, 2, '{"title":"vel","description":"Sit dicta totam officia laboriosam dolores ipsam."}', 45, '2018-10-28 07:13:09', '2018-10-28 07:13:09'),
	(900, 3, '{"title":"laborum","description":"Aut nemo alias placeat debitis temporibus non consequuntur aut necessitatibus voluptatem."}', 223, '2018-10-28 07:13:09', '2018-10-28 07:13:09'),
	(901, 1, '{"title":"et","description":"Dignissimos earum est optio consequatur quibusdam dolorem est earum ea maxime dolor."}', 307, '2018-10-28 07:13:09', '2018-10-28 07:13:09'),
	(902, 3, '{"title":"aut","description":"Esse alias tempore qui ut labore corporis rem animi rerum rerum voluptatem."}', 425, '2018-10-28 07:13:09', '2018-10-28 07:13:09'),
	(903, 3, '{"title":"rerum","description":"Voluptatibus accusamus sed dolore enim aspernatur fuga."}', 79, '2018-10-28 07:13:09', '2018-10-28 07:13:09'),
	(904, 2, '{"title":"tempora","description":"Consequatur cumque quo asperiores consequatur magnam sequi odio."}', 463, '2018-10-28 07:13:09', '2018-10-28 07:13:09'),
	(905, 3, '{"title":"deleniti","description":"Ipsum tenetur illo assumenda fugiat optio nihil."}', 87, '2018-10-28 07:13:09', '2018-10-28 07:13:09'),
	(906, 2, '{"title":"delectus","description":"Quo tempore quae exercitationem odio qui tenetur."}', 108, '2018-10-28 07:13:09', '2018-10-28 07:13:09'),
	(907, 2, '{"title":"soluta","description":"Officiis similique corrupti deserunt voluptates ex deleniti quia quia sed."}', 239, '2018-10-28 07:13:09', '2018-10-28 07:13:09'),
	(908, 1, '{"title":"perferendis","description":"Possimus voluptate laboriosam voluptatem ex ad vitae."}', 50, '2018-10-28 07:13:09', '2018-10-28 07:13:09'),
	(909, 2, '{"title":"et","description":"Debitis nihil dolor est quia amet architecto voluptatem molestias omnis molestiae sequi optio voluptatum."}', 192, '2018-10-28 07:13:09', '2018-10-28 07:13:09'),
	(910, 2, '{"title":"ipsa","description":"Eos necessitatibus quod maxime ea natus occaecati eius."}', 453, '2018-10-28 07:13:09', '2018-10-28 07:13:09'),
	(911, 2, '{"title":"commodi","description":"Rerum asperiores explicabo reprehenderit repudiandae quia dolores nam rerum nam rerum dolore minima."}', 495, '2018-10-28 07:13:09', '2018-10-28 07:13:09'),
	(912, 2, '{"title":"quod","description":"Quasi nobis asperiores corrupti molestiae sunt iure nisi consectetur quia enim."}', 11, '2018-10-28 07:13:09', '2018-10-28 07:13:09'),
	(913, 2, '{"title":"in","description":"Sint qui explicabo ut tenetur omnis enim enim quis cum."}', 410, '2018-10-28 07:13:09', '2018-10-28 07:13:09'),
	(914, 3, '{"title":"quas","description":"Possimus ea ad omnis deserunt ut enim vel nemo."}', 99, '2018-10-28 07:13:09', '2018-10-28 07:13:09'),
	(915, 2, '{"title":"eveniet","description":"Dolorum est nobis magnam dolores eveniet quia tenetur cupiditate."}', 29, '2018-10-28 07:13:09', '2018-10-28 07:13:09'),
	(916, 3, '{"title":"ratione","description":"Quod libero quaerat aspernatur neque et eos suscipit."}', 231, '2018-10-28 07:13:09', '2018-10-28 07:13:09'),
	(917, 1, '{"title":"id","description":"Vero qui provident eos accusamus quasi distinctio ut alias maiores."}', 28, '2018-10-28 07:13:09', '2018-10-28 07:13:09'),
	(918, 2, '{"title":"magni","description":"Ab et modi velit sed maxime dolores officia vel eum nesciunt et rerum velit."}', 499, '2018-10-28 07:13:09', '2018-10-28 07:13:09'),
	(919, 2, '{"title":"eius","description":"Sed cupiditate nostrum voluptas saepe tempore sint quo quas assumenda ut error repudiandae."}', 249, '2018-10-28 07:13:09', '2018-10-28 07:13:09'),
	(920, 3, '{"title":"eaque","description":"Saepe nobis autem officia distinctio quasi a autem et aspernatur laborum laborum."}', 269, '2018-10-28 07:13:09', '2018-10-28 07:13:09'),
	(921, 3, '{"title":"aut","description":"Dolorum ut reprehenderit nulla dolorem nulla et ut est ut voluptatem in necessitatibus."}', 244, '2018-10-28 07:13:09', '2018-10-28 07:13:09'),
	(922, 2, '{"title":"maiores","description":"Recusandae iusto accusantium quis distinctio dolorem autem."}', 183, '2018-10-28 07:13:09', '2018-10-28 07:13:09'),
	(923, 3, '{"title":"aperiam","description":"Amet et laborum harum est architecto consequatur."}', 120, '2018-10-28 07:13:09', '2018-10-28 07:13:09'),
	(924, 2, '{"title":"velit","description":"Sit vel mollitia exercitationem quae rerum quia ullam."}', 354, '2018-10-28 07:13:09', '2018-10-28 07:13:09'),
	(925, 3, '{"title":"recusandae","description":"Dicta aliquam incidunt sint deleniti distinctio modi itaque odit aut."}', 2, '2018-10-28 07:13:09', '2018-10-28 07:13:09'),
	(926, 3, '{"title":"qui","description":"Iure minus ut dolor ea omnis beatae eius quos quia quod accusamus molestias."}', 17, '2018-10-28 07:13:09', '2018-10-28 07:13:09'),
	(927, 1, '{"title":"animi","description":"Hic corporis amet velit a perspiciatis in eius consequatur distinctio et eaque."}', 391, '2018-10-28 07:13:09', '2018-10-28 07:13:09'),
	(928, 3, '{"title":"sit","description":"Non atque vel repudiandae qui consectetur suscipit quibusdam libero tempore non."}', 106, '2018-10-28 07:13:09', '2018-10-28 07:13:09'),
	(929, 1, '{"title":"velit","description":"Totam doloremque aut ad officiis quod sed fuga."}', 230, '2018-10-28 07:13:09', '2018-10-28 07:13:09'),
	(930, 1, '{"title":"et","description":"Error atque optio provident perspiciatis autem enim ea velit."}', 341, '2018-10-28 07:13:09', '2018-10-28 07:13:09'),
	(931, 2, '{"title":"ullam","description":"Rerum omnis mollitia optio et ut excepturi."}', 197, '2018-10-28 07:13:09', '2018-10-28 07:13:09'),
	(932, 2, '{"title":"vitae","description":"Rerum non quia dolorem et esse blanditiis."}', 44, '2018-10-28 07:13:09', '2018-10-28 07:13:09'),
	(933, 3, '{"title":"est","description":"Est fuga at reprehenderit cum fugiat nihil ipsum qui dolores est illum quasi qui."}', 150, '2018-10-28 07:13:09', '2018-10-28 07:13:09'),
	(934, 1, '{"title":"eos","description":"Officiis quia minima quas velit natus corrupti aliquid aliquam ea."}', 480, '2018-10-28 07:13:09', '2018-10-28 07:13:09'),
	(935, 3, '{"title":"sint","description":"Eum ea voluptatum quis totam incidunt aut ut a et."}', 393, '2018-10-28 07:13:09', '2018-10-28 07:13:09'),
	(936, 1, '{"title":"vero","description":"Accusamus quod eos alias rem odit exercitationem pariatur mollitia consequatur repudiandae consequatur tempora."}', 267, '2018-10-28 07:13:09', '2018-10-28 07:13:09'),
	(937, 1, '{"title":"ipsa","description":"Rerum consequatur quas autem aut reprehenderit sit et occaecati aliquam aut quos tempore."}', 368, '2018-10-28 07:13:09', '2018-10-28 07:13:09'),
	(938, 3, '{"title":"ullam","description":"Nulla adipisci consequatur tempora nam voluptatem ut quisquam omnis est."}', 209, '2018-10-28 07:13:09', '2018-10-28 07:13:09'),
	(939, 1, '{"title":"voluptatem","description":"Rerum ullam nisi et asperiores nulla laboriosam hic at incidunt dolorum et sit."}', 331, '2018-10-28 07:13:09', '2018-10-28 07:13:09'),
	(940, 2, '{"title":"libero","description":"Est perspiciatis odit consequatur quisquam quas fugiat molestiae incidunt vel est adipisci sapiente exercitationem."}', 354, '2018-10-28 07:13:09', '2018-10-28 07:13:09'),
	(941, 1, '{"title":"voluptates","description":"Veritatis architecto eum eveniet vel sed ab possimus voluptatem enim aliquid vel ut."}', 159, '2018-10-28 07:13:09', '2018-10-28 07:13:09'),
	(942, 3, '{"title":"aut","description":"Esse dolorum quia consectetur quo deserunt occaecati ut consequatur."}', 72, '2018-10-28 07:13:09', '2018-10-28 07:13:09'),
	(943, 1, '{"title":"sed","description":"Provident eum soluta minima iusto delectus ut nobis debitis dolor sit."}', 443, '2018-10-28 07:13:09', '2018-10-28 07:13:09'),
	(944, 2, '{"title":"et","description":"Odit temporibus omnis error odio qui cum incidunt veniam."}', 310, '2018-10-28 07:13:09', '2018-10-28 07:13:09'),
	(945, 1, '{"title":"quam","description":"Vero ut consectetur est iste facilis odio consequatur qui enim."}', 88, '2018-10-28 07:13:09', '2018-10-28 07:13:09'),
	(946, 3, '{"title":"est","description":"Laudantium cum ut ea maxime tempore sit sed minus aliquam."}', 330, '2018-10-28 07:13:09', '2018-10-28 07:13:09'),
	(947, 3, '{"title":"qui","description":"Cumque aspernatur cumque nihil quod facilis quasi et sit nemo iure temporibus."}', 152, '2018-10-28 07:13:09', '2018-10-28 07:13:09'),
	(948, 3, '{"title":"ipsum","description":"Ex placeat et temporibus voluptatem recusandae exercitationem nostrum minima ut tempore quod corrupti."}', 245, '2018-10-28 07:13:09', '2018-10-28 07:13:09'),
	(949, 1, '{"title":"numquam","description":"Dolorem nisi et rerum nisi nam dolore."}', 316, '2018-10-28 07:13:09', '2018-10-28 07:13:09'),
	(950, 1, '{"title":"vero","description":"Laboriosam ut a amet consequatur earum eum fuga et."}', 111, '2018-10-28 07:13:09', '2018-10-28 07:13:09'),
	(951, 2, '{"title":"tenetur","description":"Sit velit autem est voluptatum blanditiis blanditiis officia sit aperiam."}', 62, '2018-10-28 07:13:09', '2018-10-28 07:13:09'),
	(952, 1, '{"title":"et","description":"Tempora impedit voluptas molestiae voluptas asperiores sint."}', 194, '2018-10-28 07:13:09', '2018-10-28 07:13:09'),
	(953, 3, '{"title":"cumque","description":"Debitis nam natus laudantium voluptatem facere voluptatem dolores totam dicta velit modi ea ratione."}', 231, '2018-10-28 07:13:09', '2018-10-28 07:13:09'),
	(954, 2, '{"title":"odio","description":"Et libero ut praesentium neque fugit itaque facere et ipsum non quos quam ut."}', 404, '2018-10-28 07:13:09', '2018-10-28 07:13:09'),
	(955, 2, '{"title":"aut","description":"Rerum et nisi sunt distinctio perferendis corporis."}', 306, '2018-10-28 07:13:09', '2018-10-28 07:13:09'),
	(956, 1, '{"title":"qui","description":"Inventore non minus et adipisci odio quia."}', 244, '2018-10-28 07:13:09', '2018-10-28 07:13:09'),
	(957, 3, '{"title":"ea","description":"Qui quis inventore qui cumque voluptas ad ex placeat odio velit harum."}', 31, '2018-10-28 07:13:09', '2018-10-28 07:13:09'),
	(958, 3, '{"title":"quo","description":"Qui laborum est ipsum error quasi aliquid labore ipsa qui eveniet accusantium."}', 438, '2018-10-28 07:13:09', '2018-10-28 07:13:09'),
	(959, 2, '{"title":"quaerat","description":"Expedita culpa repellendus aut atque perferendis iusto suscipit optio omnis enim alias quia."}', 182, '2018-10-28 07:13:09', '2018-10-28 07:13:09'),
	(960, 2, '{"title":"eius","description":"Porro quibusdam occaecati qui possimus et iusto."}', 370, '2018-10-28 07:13:09', '2018-10-28 07:13:09'),
	(961, 1, '{"title":"cupiditate","description":"Sint expedita assumenda ea corporis animi itaque."}', 360, '2018-10-28 07:13:09', '2018-10-28 07:13:09'),
	(962, 3, '{"title":"rerum","description":"Aliquid ex aut mollitia aut porro quia error velit."}', 456, '2018-10-28 07:13:09', '2018-10-28 07:13:09'),
	(963, 3, '{"title":"et","description":"Est repudiandae aliquam non et perspiciatis odio sit assumenda dolores est."}', 5, '2018-10-28 07:13:09', '2018-10-28 07:13:09'),
	(964, 3, '{"title":"et","description":"Totam facere nesciunt velit sunt asperiores incidunt expedita aut nihil officia."}', 477, '2018-10-28 07:13:09', '2018-10-28 07:13:09'),
	(965, 1, '{"title":"rerum","description":"Ut esse temporibus aut accusamus quos molestias."}', 207, '2018-10-28 07:13:09', '2018-10-28 07:13:09'),
	(966, 2, '{"title":"voluptatum","description":"Qui velit error sunt minima occaecati ut officia expedita adipisci est."}', 367, '2018-10-28 07:13:09', '2018-10-28 07:13:09'),
	(967, 3, '{"title":"consequatur","description":"Sed quibusdam unde id ipsam veniam dolores velit ipsam accusamus quia amet."}', 82, '2018-10-28 07:13:09', '2018-10-28 07:13:09'),
	(968, 2, '{"title":"molestias","description":"Esse asperiores id beatae quam saepe asperiores ea quod qui aut harum."}', 338, '2018-10-28 07:13:09', '2018-10-28 07:13:09'),
	(969, 1, '{"title":"voluptatem","description":"Et nihil ut perspiciatis perferendis consequatur aut blanditiis magni totam et."}', 456, '2018-10-28 07:13:09', '2018-10-28 07:13:09'),
	(970, 3, '{"title":"ullam","description":"Illo debitis temporibus debitis vero voluptatem qui."}', 327, '2018-10-28 07:13:09', '2018-10-28 07:13:09'),
	(971, 3, '{"title":"iste","description":"Ut eius velit porro facere nobis sequi voluptatem."}', 5, '2018-10-28 07:13:09', '2018-10-28 07:13:09'),
	(972, 1, '{"title":"facilis","description":"Voluptatum mollitia sint impedit sit quasi odio qui tempore."}', 333, '2018-10-28 07:13:09', '2018-10-28 07:13:09'),
	(973, 3, '{"title":"eius","description":"Quibusdam suscipit eius voluptatem harum dolorum doloribus beatae."}', 237, '2018-10-28 07:13:09', '2018-10-28 07:13:09'),
	(974, 1, '{"title":"hic","description":"Omnis quia eaque quia est esse et est veritatis."}', 411, '2018-10-28 07:13:09', '2018-10-28 07:13:09'),
	(975, 1, '{"title":"unde","description":"Eaque aut laborum et beatae enim eligendi ducimus beatae qui aliquam et molestiae maiores."}', 71, '2018-10-28 07:13:09', '2018-10-28 07:13:09'),
	(976, 3, '{"title":"dolorem","description":"Repudiandae nihil quasi quas doloribus vel accusamus perspiciatis dolor similique provident."}', 27, '2018-10-28 07:13:09', '2018-10-28 07:13:09'),
	(977, 2, '{"title":"harum","description":"Dolorem tenetur mollitia ut mollitia atque esse libero a rerum."}', 26, '2018-10-28 07:13:09', '2018-10-28 07:13:09'),
	(978, 3, '{"title":"quia","description":"Illo in voluptatum numquam alias cumque enim amet repellendus aut illo."}', 450, '2018-10-28 07:13:09', '2018-10-28 07:13:09'),
	(979, 1, '{"title":"aut","description":"Quod ducimus fugiat est deserunt quo suscipit quia pariatur cum voluptatem ipsa quidem molestiae."}', 135, '2018-10-28 07:13:09', '2018-10-28 07:13:09'),
	(980, 2, '{"title":"est","description":"Rerum aperiam id ex nulla quisquam corrupti quidem consequatur illum quia ea."}', 205, '2018-10-28 07:13:09', '2018-10-28 07:13:09'),
	(981, 3, '{"title":"voluptatem","description":"Et possimus aut in non ratione quia."}', 483, '2018-10-28 07:13:09', '2018-10-28 07:13:09'),
	(982, 1, '{"title":"et","description":"Et sit accusamus ipsum vel ut rerum est."}', 36, '2018-10-28 07:13:09', '2018-10-28 07:13:09'),
	(983, 3, '{"title":"libero","description":"Dolorem eligendi aliquam quia et vel eveniet fugiat beatae magni."}', 338, '2018-10-28 07:13:09', '2018-10-28 07:13:09'),
	(984, 3, '{"title":"placeat","description":"Culpa expedita aut dolores quisquam in recusandae debitis quasi et."}', 196, '2018-10-28 07:13:09', '2018-10-28 07:13:09'),
	(985, 1, '{"title":"neque","description":"Dignissimos illo laborum adipisci amet sequi occaecati accusantium laborum at sed et sint temporibus."}', 99, '2018-10-28 07:13:09', '2018-10-28 07:13:09'),
	(986, 1, '{"title":"vel","description":"Quia laborum necessitatibus qui recusandae quia voluptatibus eos accusantium ut facilis sequi."}', 177, '2018-10-28 07:13:09', '2018-10-28 07:13:09'),
	(987, 1, '{"title":"iure","description":"Suscipit delectus earum est quia explicabo ullam voluptatem veritatis mollitia omnis consequatur et et."}', 153, '2018-10-28 07:13:09', '2018-10-28 07:13:09'),
	(988, 1, '{"title":"aut","description":"Sit corporis inventore quas omnis et enim qui facere."}', 259, '2018-10-28 07:13:09', '2018-10-28 07:13:09'),
	(989, 3, '{"title":"vel","description":"Eum nam autem dolores necessitatibus quo natus impedit quo culpa tempore eos sed."}', 65, '2018-10-28 07:13:09', '2018-10-28 07:13:09'),
	(990, 3, '{"title":"est","description":"Sequi ab minus libero corrupti quo consequatur occaecati minus odio in totam voluptatem."}', 46, '2018-10-28 07:13:09', '2018-10-28 07:13:09'),
	(991, 2, '{"title":"architecto","description":"Voluptate occaecati et debitis et consequuntur harum dolor."}', 147, '2018-10-28 07:13:09', '2018-10-28 07:13:09'),
	(992, 2, '{"title":"fuga","description":"Ea aut expedita et magni quis molestiae consectetur delectus id similique accusantium pariatur."}', 117, '2018-10-28 07:13:09', '2018-10-28 07:13:09'),
	(993, 2, '{"title":"ut","description":"Cum at voluptates veniam velit qui qui porro quo molestiae dolor eaque sint."}', 237, '2018-10-28 07:13:09', '2018-10-28 07:13:09'),
	(994, 1, '{"title":"veniam","description":"Non occaecati molestiae sed quia tenetur suscipit molestiae tempora quaerat quod tempore."}', 210, '2018-10-28 07:13:09', '2018-10-28 07:13:09'),
	(995, 3, '{"title":"molestiae","description":"Est temporibus asperiores nihil iusto velit maxime."}', 331, '2018-10-28 07:13:09', '2018-10-28 07:13:09'),
	(996, 3, '{"title":"laudantium","description":"Alias soluta deserunt aspernatur eveniet aliquid sint sequi molestiae deleniti quod incidunt et sequi."}', 92, '2018-10-28 07:13:09', '2018-10-28 07:13:09'),
	(997, 3, '{"title":"sed","description":"Et qui deserunt nulla culpa enim laborum quae deserunt non rerum ut."}', 251, '2018-10-28 07:13:09', '2018-10-28 07:13:09'),
	(998, 3, '{"title":"accusamus","description":"Laborum porro autem provident ipsam nihil nobis omnis similique consectetur assumenda."}', 110, '2018-10-28 07:13:09', '2018-10-28 07:13:09'),
	(999, 2, '{"title":"illo","description":"Sunt provident aut dicta officiis quis dolor cupiditate quis sunt."}', 380, '2018-10-28 07:13:09', '2018-10-28 07:13:09'),
	(1000, 2, '{"title":"distinctio","description":"Exercitationem id nobis aut nam ducimus optio fuga voluptas reiciendis velit autem."}', 330, '2018-10-28 07:13:09', '2018-10-28 07:13:09'),
	(1001, 3, '{"title":"voluptatem","description":"Occaecati consequuntur qui quia aut quas est aut molestiae tempore exercitationem."}', 469, '2018-10-28 07:13:09', '2018-10-28 07:13:09'),
	(1002, 1, '{"title":"facere","description":"Voluptatem impedit iusto numquam neque quos nam et cupiditate dolores."}', 292, '2018-10-28 07:13:09', '2018-10-28 07:13:09'),
	(1003, 2, '{"title":"occaecati","description":"Eos sit nisi ut ex non sapiente odio est amet."}', 155, '2018-10-28 07:13:09', '2018-10-28 07:13:09'),
	(1004, 1, '{"title":"provident","description":"Consequatur commodi voluptates et voluptatum quis aut sunt voluptatem iure."}', 345, '2018-10-28 07:13:09', '2018-10-28 07:13:09'),
	(1005, 1, '{"title":"et","description":"Nostrum a inventore et dolor consequatur odit qui commodi provident."}', 222, '2018-10-28 07:13:09', '2018-10-28 07:13:09'),
	(1006, 3, '{"title":"qui","description":"Impedit nesciunt adipisci itaque commodi id quae enim eius et suscipit mollitia."}', 105, '2018-10-28 07:13:09', '2018-10-28 07:13:09'),
	(1007, 2, '{"title":"explicabo","description":"Numquam rem cum autem aut debitis eaque dolorem sunt veritatis voluptatem voluptas."}', 423, '2018-10-28 07:13:09', '2018-10-28 07:13:09'),
	(1008, 2, '{"title":"dolorem","description":"Voluptas quas ea dignissimos laborum sint quos voluptatum ipsum magni."}', 195, '2018-10-28 07:13:09', '2018-10-28 07:13:09'),
	(1009, 1, '{"title":"ex","description":"Eveniet commodi dolorem repellat ea labore soluta eveniet."}', 184, '2018-10-28 07:13:09', '2018-10-28 07:13:09'),
	(1010, 2, '{"title":"qui","description":"Est est aperiam ea aut veniam quia voluptatum repellendus omnis aspernatur."}', 139, '2018-10-28 07:13:09', '2018-10-28 07:13:09'),
	(1011, 1, '{"title":"totam","description":"Ratione repellat delectus non quis et consequatur voluptas reiciendis omnis et nisi quae."}', 211, '2018-10-28 07:13:09', '2018-10-28 07:13:09'),
	(1012, 3, '{"title":"illum","description":"Ut quos praesentium itaque quae vero perspiciatis sed quas mollitia impedit ipsam fugit."}', 96, '2018-10-28 07:13:09', '2018-10-28 07:13:09'),
	(1013, 2, '{"title":"id","description":"Et aperiam eius asperiores aliquid eos aut tenetur consequatur dolore dolorem laudantium et atque qui."}', 488, '2018-10-28 07:13:09', '2018-10-28 07:13:09'),
	(1014, 2, '{"title":"tempore","description":"Facilis quas quod non excepturi omnis est quibusdam."}', 203, '2018-10-28 07:13:09', '2018-10-28 07:13:09'),
	(1015, 1, '{"title":"ipsa","description":"Unde officiis error sint eligendi tempore quibusdam neque et in sed."}', 327, '2018-10-28 07:13:09', '2018-10-28 07:13:09'),
	(1016, 3, '{"title":"sequi","description":"Vitae culpa esse ab consequatur voluptatem quia placeat expedita officiis pariatur vel."}', 242, '2018-10-28 07:13:09', '2018-10-28 07:13:09'),
	(1017, 1, '{"title":"delectus","description":"Ea at et aut iste nostrum amet dolor architecto qui tenetur maiores vero qui."}', 26, '2018-10-28 07:13:09', '2018-10-28 07:13:09'),
	(1018, 2, '{"title":"molestias","description":"Quasi id laborum natus id porro quia."}', 214, '2018-10-28 07:13:09', '2018-10-28 07:13:09'),
	(1019, 1, '{"title":"voluptas","description":"Quaerat voluptatem voluptate rerum voluptas quos architecto aut."}', 349, '2018-10-28 07:13:09', '2018-10-28 07:13:09'),
	(1020, 2, '{"title":"quo","description":"Corrupti ducimus totam atque suscipit magnam delectus."}', 467, '2018-10-28 07:13:09', '2018-10-28 07:13:09'),
	(1021, 2, '{"title":"ut","description":"Nostrum eos eum et enim quibusdam eaque sequi vel qui eligendi."}', 2, '2018-10-28 07:13:09', '2018-10-28 07:13:09'),
	(1022, 2, '{"title":"iste","description":"Est quasi nisi natus quis nobis qui suscipit adipisci."}', 153, '2018-10-28 07:13:09', '2018-10-28 07:13:09'),
	(1023, 3, '{"title":"quas","description":"Omnis accusantium ut rerum expedita saepe vero temporibus enim et consequatur."}', 142, '2018-10-28 07:13:09', '2018-10-28 07:13:09'),
	(1024, 2, '{"title":"est","description":"Optio nobis debitis sit iste alias non consectetur itaque at ratione beatae voluptatem."}', 345, '2018-10-28 07:13:09', '2018-10-28 07:13:09'),
	(1025, 1, '{"title":"vero","description":"Et voluptatibus enim et nemo esse cum cumque ex qui voluptatem."}', 236, '2018-10-28 07:13:09', '2018-10-28 07:13:09'),
	(1026, 1, '{"title":"sequi","description":"Sed perspiciatis voluptas ut iure explicabo mollitia eaque id."}', 5, '2018-10-28 07:13:09', '2018-10-28 07:13:09'),
	(1027, 3, '{"title":"aspernatur","description":"Nisi blanditiis veniam dolores et praesentium error eos adipisci quia."}', 460, '2018-10-28 07:13:09', '2018-10-28 07:13:09'),
	(1028, 1, '{"title":"ipsam","description":"Eius deleniti reiciendis quod labore sit qui."}', 497, '2018-10-28 07:13:09', '2018-10-28 07:13:09'),
	(1029, 1, '{"title":"esse","description":"Vitae voluptas vero officia et sed doloribus quam doloremque illum exercitationem."}', 316, '2018-10-28 07:13:09', '2018-10-28 07:13:09'),
	(1030, 3, '{"title":"tenetur","description":"Rem assumenda ut sequi exercitationem quam recusandae consectetur inventore debitis voluptates esse."}', 416, '2018-10-28 07:13:09', '2018-10-28 07:13:09'),
	(1031, 3, '{"title":"eveniet","description":"Minus et vitae architecto explicabo iusto debitis quidem modi mollitia vel ducimus incidunt dignissimos."}', 73, '2018-10-28 07:13:09', '2018-10-28 07:13:09'),
	(1032, 3, '{"title":"harum","description":"Placeat velit iste quo fugit qui numquam unde ducimus."}', 464, '2018-10-28 07:13:09', '2018-10-28 07:13:09'),
	(1033, 3, '{"title":"a","description":"Commodi dolorem deserunt excepturi qui neque omnis est."}', 95, '2018-10-28 07:13:09', '2018-10-28 07:13:09'),
	(1034, 2, '{"title":"officia","description":"Quam amet perspiciatis ut voluptas similique dolorem."}', 394, '2018-10-28 07:13:09', '2018-10-28 07:13:09'),
	(1035, 2, '{"title":"accusantium","description":"Ea hic optio nobis dolorem omnis voluptatem."}', 338, '2018-10-28 07:13:09', '2018-10-28 07:13:09'),
	(1036, 1, '{"title":"ut","description":"Quisquam tenetur amet ipsum eos sequi repellendus aut voluptas."}', 73, '2018-10-28 07:13:09', '2018-10-28 07:13:09'),
	(1037, 2, '{"title":"autem","description":"Eos earum sit eligendi distinctio provident perferendis incidunt velit perferendis enim neque."}', 119, '2018-10-28 07:13:09', '2018-10-28 07:13:09'),
	(1038, 1, '{"title":"deserunt","description":"Quo aut rerum repellendus velit a non alias pariatur distinctio."}', 392, '2018-10-28 07:13:09', '2018-10-28 07:13:09'),
	(1039, 1, '{"title":"atque","description":"In et sapiente dolor pariatur sint ipsum esse id quos eos soluta sed cum."}', 271, '2018-10-28 07:13:09', '2018-10-28 07:13:09'),
	(1040, 1, '{"title":"cumque","description":"Veniam quaerat rem quos quod inventore in consectetur."}', 403, '2018-10-28 07:13:09', '2018-10-28 07:13:09'),
	(1041, 2, '{"title":"quisquam","description":"Dolor ut corrupti officiis dicta inventore et inventore."}', 91, '2018-10-28 07:13:09', '2018-10-28 07:13:09'),
	(1042, 1, '{"title":"enim","description":"Velit deleniti laborum id pariatur quae similique recusandae."}', 136, '2018-10-28 07:13:09', '2018-10-28 07:13:09'),
	(1043, 1, '{"title":"omnis","description":"Ipsum deserunt esse iste provident cum sunt molestiae esse quasi et."}', 129, '2018-10-28 07:13:09', '2018-10-28 07:13:09'),
	(1044, 3, '{"title":"minima","description":"Officiis et quo quia voluptatem omnis praesentium voluptatem dolorem ab quasi qui quos unde."}', 201, '2018-10-28 07:13:09', '2018-10-28 07:13:09'),
	(1045, 2, '{"title":"nesciunt","description":"Impedit praesentium at officiis iste dolores ipsum voluptas voluptas quo."}', 491, '2018-10-28 07:13:09', '2018-10-28 07:13:09'),
	(1046, 3, '{"title":"itaque","description":"Reiciendis adipisci saepe ipsa est nesciunt rerum similique et at id sint amet aut."}', 19, '2018-10-28 07:13:09', '2018-10-28 07:13:09'),
	(1047, 3, '{"title":"nam","description":"Explicabo velit consequuntur rerum dolorem velit dolorum."}', 199, '2018-10-28 07:13:09', '2018-10-28 07:13:09'),
	(1048, 3, '{"title":"vel","description":"Vero voluptatum placeat et consequatur dolores tempore doloremque doloremque."}', 173, '2018-10-28 07:13:09', '2018-10-28 07:13:09'),
	(1049, 2, '{"title":"nam","description":"Et quos sed doloribus tenetur culpa assumenda cumque nemo quaerat inventore."}', 231, '2018-10-28 07:13:09', '2018-10-28 07:13:09'),
	(1050, 1, '{"title":"velit","description":"Ut recusandae consequatur reiciendis delectus molestiae voluptas."}', 133, '2018-10-28 07:13:09', '2018-10-28 07:13:09'),
	(1051, 1, '{"title":"error","description":"Expedita fugiat aut et ipsa totam quia alias et autem rerum."}', 183, '2018-10-28 07:13:09', '2018-10-28 07:13:09'),
	(1052, 1, '{"title":"ea","description":"In tempora officiis sit laboriosam hic eius autem quia voluptas officia architecto."}', 425, '2018-10-28 07:13:09', '2018-10-28 07:13:09'),
	(1053, 3, '{"title":"eius","description":"Quo eos sit voluptas atque excepturi quas."}', 490, '2018-10-28 07:13:09', '2018-10-28 07:13:09'),
	(1054, 2, '{"title":"molestiae","description":"Sit in beatae corrupti eveniet qui eligendi."}', 228, '2018-10-28 07:13:09', '2018-10-28 07:13:09'),
	(1055, 3, '{"title":"debitis","description":"Exercitationem dolor maiores consequuntur voluptas delectus commodi quo."}', 261, '2018-10-28 07:13:09', '2018-10-28 07:13:09'),
	(1056, 2, '{"title":"qui","description":"Est quibusdam a reprehenderit vel quia non consequuntur."}', 462, '2018-10-28 07:13:09', '2018-10-28 07:13:09'),
	(1057, 3, '{"title":"et","description":"Amet dolor quaerat est aspernatur soluta quis consequatur voluptatem laborum quia harum."}', 309, '2018-10-28 07:13:09', '2018-10-28 07:13:09'),
	(1058, 3, '{"title":"sint","description":"Perferendis neque error magni provident et omnis tempora et voluptas consequuntur voluptate aut numquam."}', 242, '2018-10-28 07:13:09', '2018-10-28 07:13:09'),
	(1059, 3, '{"title":"dolor","description":"Vel sit aliquam quae optio harum sed unde exercitationem debitis autem."}', 183, '2018-10-28 07:13:09', '2018-10-28 07:13:09'),
	(1060, 3, '{"title":"incidunt","description":"Necessitatibus soluta esse est quibusdam consequuntur impedit laboriosam dolor officia est similique."}', 99, '2018-10-28 07:13:09', '2018-10-28 07:13:09'),
	(1061, 2, '{"title":"debitis","description":"Rem magnam reprehenderit deserunt voluptates blanditiis quam quia."}', 153, '2018-10-28 07:13:09', '2018-10-28 07:13:09'),
	(1062, 1, '{"title":"vel","description":"Tempora et blanditiis qui ut dolores aut fugit sit ratione."}', 96, '2018-10-28 07:13:09', '2018-10-28 07:13:09'),
	(1063, 1, '{"title":"nisi","description":"Vitae dignissimos at aut enim consectetur eos consequuntur."}', 16, '2018-10-28 07:13:09', '2018-10-28 07:13:09'),
	(1064, 1, '{"title":"deserunt","description":"Reiciendis quam beatae qui similique quia sint dolorem ea voluptas quae ut."}', 338, '2018-10-28 07:13:09', '2018-10-28 07:13:09'),
	(1065, 2, '{"title":"accusamus","description":"Neque harum possimus qui et nemo exercitationem rem aspernatur."}', 353, '2018-10-28 07:13:09', '2018-10-28 07:13:09'),
	(1066, 2, '{"title":"rerum","description":"Deserunt nam molestiae vel ut est eum saepe."}', 273, '2018-10-28 07:13:09', '2018-10-28 07:13:09'),
	(1067, 1, '{"title":"magnam","description":"Sit aut est vel magnam laborum iure voluptas."}', 203, '2018-10-28 07:13:09', '2018-10-28 07:13:09'),
	(1068, 3, '{"title":"qui","description":"Et quia deleniti explicabo fuga dolore consequatur error eum."}', 442, '2018-10-28 07:13:09', '2018-10-28 07:13:09'),
	(1069, 3, '{"title":"libero","description":"Iure dignissimos nulla ex autem enim qui dicta nulla eos aliquid aut voluptates."}', 300, '2018-10-28 07:13:09', '2018-10-28 07:13:09'),
	(1070, 1, '{"title":"amet","description":"Cum eum et excepturi voluptatem fuga est quidem pariatur ex ea."}', 334, '2018-10-28 07:13:09', '2018-10-28 07:13:09'),
	(1071, 2, '{"title":"ipsam","description":"Accusantium unde at illum quisquam dolore distinctio aut."}', 36, '2018-10-28 07:13:09', '2018-10-28 07:13:09'),
	(1072, 1, '{"title":"beatae","description":"Ut qui voluptatum expedita optio molestias consequatur voluptatibus laboriosam."}', 362, '2018-10-28 07:13:09', '2018-10-28 07:13:09'),
	(1073, 2, '{"title":"sit","description":"Non rerum est ut tempora excepturi provident aliquam molestias numquam occaecati nesciunt."}', 152, '2018-10-28 07:13:09', '2018-10-28 07:13:09'),
	(1074, 1, '{"title":"voluptas","description":"Quidem temporibus excepturi est nemo maiores ut dicta nihil laudantium libero."}', 462, '2018-10-28 07:13:09', '2018-10-28 07:13:09'),
	(1075, 1, '{"title":"consequatur","description":"Quaerat expedita commodi quia qui quas rerum aut ex qui velit sit."}', 247, '2018-10-28 07:13:09', '2018-10-28 07:13:09'),
	(1076, 3, '{"title":"et","description":"Libero non fugiat saepe dolorem reprehenderit voluptatibus quia voluptas eveniet voluptas iusto rerum."}', 379, '2018-10-28 07:13:09', '2018-10-28 07:13:09'),
	(1077, 3, '{"title":"architecto","description":"Qui possimus a quia dolorem sit aut ex molestiae et assumenda non molestias."}', 62, '2018-10-28 07:13:09', '2018-10-28 07:13:09'),
	(1078, 3, '{"title":"totam","description":"Molestiae et sit vel aut ut molestiae dolores animi tempore repellat qui quia."}', 266, '2018-10-28 07:13:09', '2018-10-28 07:13:09'),
	(1079, 2, '{"title":"in","description":"Ipsam corporis nesciunt alias reiciendis molestiae voluptas atque qui."}', 112, '2018-10-28 07:13:09', '2018-10-28 07:13:09'),
	(1080, 3, '{"title":"recusandae","description":"Sint est repellendus id quia ratione et error sint quis voluptatem inventore."}', 492, '2018-10-28 07:13:09', '2018-10-28 07:13:09'),
	(1081, 1, '{"title":"voluptatem","description":"Saepe asperiores aut perspiciatis ducimus quasi ipsum maiores velit quis a."}', 294, '2018-10-28 07:13:09', '2018-10-28 07:13:09'),
	(1082, 1, '{"title":"rerum","description":"Repudiandae est rerum velit quos commodi consequuntur vel quam magnam inventore unde vero."}', 146, '2018-10-28 07:13:09', '2018-10-28 07:13:09'),
	(1083, 2, '{"title":"repellat","description":"Molestiae et possimus ut dolorum rem odio eligendi excepturi a aliquid quas dignissimos omnis."}', 50, '2018-10-28 07:13:09', '2018-10-28 07:13:09'),
	(1084, 2, '{"title":"eaque","description":"Ipsum temporibus voluptas iure ipsam eos cumque laudantium nisi sunt incidunt."}', 246, '2018-10-28 07:13:09', '2018-10-28 07:13:09'),
	(1085, 3, '{"title":"odio","description":"Commodi voluptas officiis sit porro dolore porro."}', 314, '2018-10-28 07:13:09', '2018-10-28 07:13:09'),
	(1086, 2, '{"title":"qui","description":"Debitis enim repudiandae reiciendis rerum voluptatibus et rerum impedit veniam."}', 134, '2018-10-28 07:13:09', '2018-10-28 07:13:09'),
	(1087, 2, '{"title":"ut","description":"Tempora non sed animi minus magni aspernatur consequatur dolores reprehenderit nostrum quod aut dolore est."}', 228, '2018-10-28 07:13:09', '2018-10-28 07:13:09'),
	(1088, 1, '{"title":"maiores","description":"Id similique id eum et hic nam quis est adipisci non et repellat reiciendis."}', 221, '2018-10-28 07:13:09', '2018-10-28 07:13:09'),
	(1089, 1, '{"title":"molestiae","description":"Voluptas est debitis minus ad id aut occaecati velit est."}', 274, '2018-10-28 07:13:09', '2018-10-28 07:13:09'),
	(1090, 2, '{"title":"architecto","description":"Consequuntur qui voluptas ea rem ut illo laboriosam exercitationem rerum autem hic expedita."}', 260, '2018-10-28 07:13:09', '2018-10-28 07:13:09'),
	(1091, 2, '{"title":"dolore","description":"Ducimus error reiciendis velit dolores aut et."}', 314, '2018-10-28 07:13:09', '2018-10-28 07:13:09'),
	(1092, 3, '{"title":"ut","description":"Quis molestiae doloribus voluptas officiis earum nulla explicabo itaque repellat totam sunt."}', 101, '2018-10-28 07:13:09', '2018-10-28 07:13:09'),
	(1093, 1, '{"title":"commodi","description":"Magni dolorem repellendus exercitationem eum quia exercitationem repellat tempora et provident."}', 178, '2018-10-28 07:13:09', '2018-10-28 07:13:09'),
	(1094, 2, '{"title":"laboriosam","description":"Nisi consequuntur sint alias tenetur id non nihil voluptatibus neque et fugit."}', 470, '2018-10-28 07:13:09', '2018-10-28 07:13:09'),
	(1095, 3, '{"title":"neque","description":"Deserunt magnam accusamus et repellat dolor maiores."}', 55, '2018-10-28 07:13:09', '2018-10-28 07:13:09'),
	(1096, 3, '{"title":"magnam","description":"Maiores sit totam qui nihil est velit itaque quaerat."}', 141, '2018-10-28 07:13:09', '2018-10-28 07:13:09'),
	(1097, 3, '{"title":"molestias","description":"Ut asperiores nesciunt minima ipsum non quia aut natus eum sed."}', 444, '2018-10-28 07:13:09', '2018-10-28 07:13:09'),
	(1098, 1, '{"title":"qui","description":"Explicabo cupiditate laborum minima minus et ab non amet."}', 26, '2018-10-28 07:13:09', '2018-10-28 07:13:09'),
	(1099, 3, '{"title":"id","description":"Minima et repellat laborum officiis ut neque mollitia esse est ut voluptatem et."}', 3, '2018-10-28 07:13:09', '2018-10-28 07:13:09'),
	(1100, 3, '{"title":"sit","description":"Sed eligendi ad ad maiores quisquam cumque sit ducimus."}', 338, '2018-10-28 07:13:09', '2018-10-28 07:13:09'),
	(1101, 2, '{"title":"ullam","description":"Qui omnis explicabo maiores nihil sed beatae dolor."}', 39, '2018-10-28 07:13:09', '2018-10-28 07:13:09'),
	(1102, 1, '{"title":"qui","description":"Rerum quisquam fugiat et id debitis et voluptatum voluptatem molestiae."}', 143, '2018-10-28 07:13:09', '2018-10-28 07:13:09'),
	(1103, 2, '{"title":"et","description":"Minus a quo recusandae voluptatem quisquam cumque possimus ad dolorem."}', 392, '2018-10-28 07:13:09', '2018-10-28 07:13:09'),
	(1104, 1, '{"title":"aut","description":"Ipsam esse autem laudantium quos voluptates eius non voluptatem impedit impedit rem quisquam nobis."}', 274, '2018-10-28 07:13:09', '2018-10-28 07:13:09'),
	(1105, 1, '{"title":"facere","description":"Aut id impedit harum illum suscipit ea."}', 271, '2018-10-28 07:13:09', '2018-10-28 07:13:09'),
	(1106, 2, '{"title":"consectetur","description":"Vero nulla in modi est dolor sint tempora est aliquid consequuntur quos."}', 284, '2018-10-28 07:13:09', '2018-10-28 07:13:09'),
	(1107, 2, '{"title":"fugit","description":"Repudiandae et culpa alias est quisquam mollitia neque veritatis eum tempore fugiat fugit."}', 47, '2018-10-28 07:13:09', '2018-10-28 07:13:09'),
	(1108, 1, '{"title":"id","description":"Omnis aut dolorum est magni aut ad saepe molestiae voluptatem ducimus tempora."}', 129, '2018-10-28 07:13:09', '2018-10-28 07:13:09'),
	(1109, 1, '{"title":"impedit","description":"Porro velit est accusamus quo qui ipsa et quaerat."}', 358, '2018-10-28 07:13:09', '2018-10-28 07:13:09'),
	(1110, 2, '{"title":"voluptatem","description":"Quasi sapiente ex dolorem voluptate est minus illo labore dicta."}', 423, '2018-10-28 07:13:09', '2018-10-28 07:13:09'),
	(1111, 3, '{"title":"est","description":"Ut inventore veniam omnis aspernatur qui repellendus."}', 115, '2018-10-28 07:13:09', '2018-10-28 07:13:09'),
	(1112, 1, '{"title":"nulla","description":"Accusantium sint dicta eius dolorem et neque velit qui."}', 458, '2018-10-28 07:13:09', '2018-10-28 07:13:09'),
	(1113, 3, '{"title":"id","description":"Est odit necessitatibus voluptatem doloremque autem corporis ratione ab molestiae est."}', 286, '2018-10-28 07:13:09', '2018-10-28 07:13:09'),
	(1114, 3, '{"title":"fugiat","description":"Quis voluptates rerum nemo ea quisquam nihil saepe exercitationem suscipit porro."}', 361, '2018-10-28 07:13:09', '2018-10-28 07:13:09'),
	(1115, 3, '{"title":"qui","description":"Voluptatibus sed quia quae a aut sed officia est sequi numquam."}', 466, '2018-10-28 07:13:09', '2018-10-28 07:13:09'),
	(1116, 2, '{"title":"mollitia","description":"Et omnis omnis commodi laboriosam sunt magnam quis qui id quas ut est quidem."}', 407, '2018-10-28 07:13:09', '2018-10-28 07:13:09'),
	(1117, 2, '{"title":"commodi","description":"Quae aliquam quod optio error dolore ullam dolores."}', 451, '2018-10-28 07:13:09', '2018-10-28 07:13:09'),
	(1118, 1, '{"title":"molestias","description":"Doloremque doloremque veritatis distinctio ea eligendi reiciendis nisi minima ut dolores quisquam natus eos."}', 146, '2018-10-28 07:13:09', '2018-10-28 07:13:09'),
	(1119, 3, '{"title":"deserunt","description":"Nihil dolorem ut corrupti et quisquam rerum natus."}', 293, '2018-10-28 07:13:09', '2018-10-28 07:13:09'),
	(1120, 1, '{"title":"eveniet","description":"Doloremque ea aut vero aspernatur modi illo cum quasi aut atque magni labore."}', 257, '2018-10-28 07:13:09', '2018-10-28 07:13:09'),
	(1121, 1, '{"title":"sint","description":"Qui dolore sit architecto temporibus ipsa maiores eos eius saepe earum inventore eos."}', 353, '2018-10-28 07:13:09', '2018-10-28 07:13:09'),
	(1122, 1, '{"title":"et","description":"Iste omnis blanditiis voluptatibus suscipit eum aperiam."}', 83, '2018-10-28 07:13:09', '2018-10-28 07:13:09'),
	(1123, 1, '{"title":"dolores","description":"Laudantium sint voluptates quisquam et voluptas blanditiis ut voluptatem autem dolore at."}', 449, '2018-10-28 07:13:09', '2018-10-28 07:13:09'),
	(1124, 1, '{"title":"qui","description":"Corporis rerum aut laudantium quisquam voluptas ut maiores inventore."}', 38, '2018-10-28 07:13:09', '2018-10-28 07:13:09'),
	(1125, 2, '{"title":"omnis","description":"Unde eaque molestiae et corporis non sit dolorem eos qui perferendis suscipit laboriosam."}', 116, '2018-10-28 07:13:09', '2018-10-28 07:13:09'),
	(1126, 1, '{"title":"rerum","description":"Sit eum eaque non cupiditate esse eius distinctio rerum sed aspernatur eum."}', 4, '2018-10-28 07:13:09', '2018-10-28 07:13:09'),
	(1127, 3, '{"title":"porro","description":"Accusantium quia temporibus vitae dolorum facere excepturi aliquam pariatur dignissimos dignissimos."}', 459, '2018-10-28 07:13:09', '2018-10-28 07:13:09'),
	(1128, 3, '{"title":"fugit","description":"In ab iste veritatis et corrupti odio."}', 86, '2018-10-28 07:13:09', '2018-10-28 07:13:09'),
	(1129, 3, '{"title":"quis","description":"Officiis velit at consequatur ipsa iste eveniet dolore voluptatibus nihil non."}', 446, '2018-10-28 07:13:09', '2018-10-28 07:13:09'),
	(1130, 2, '{"title":"pariatur","description":"Ipsam ipsam aut laborum optio ducimus aut non assumenda error blanditiis aut."}', 148, '2018-10-28 07:13:09', '2018-10-28 07:13:09'),
	(1131, 1, '{"title":"animi","description":"Occaecati et sint fugit iure vel totam dicta est voluptate odit natus modi et."}', 384, '2018-10-28 07:13:09', '2018-10-28 07:13:09'),
	(1132, 1, '{"title":"perferendis","description":"Quis voluptas sint est omnis impedit laudantium mollitia quia sint et occaecati."}', 418, '2018-10-28 07:13:09', '2018-10-28 07:13:09'),
	(1133, 2, '{"title":"qui","description":"Ullam id non et cumque eos unde minima rem reiciendis ex velit."}', 384, '2018-10-28 07:13:09', '2018-10-28 07:13:09'),
	(1134, 1, '{"title":"rerum","description":"Nemo blanditiis repellat consectetur distinctio nisi ipsum consequatur ducimus."}', 457, '2018-10-28 07:13:09', '2018-10-28 07:13:09'),
	(1135, 1, '{"title":"cumque","description":"Dolor eaque deserunt fuga et fuga nulla enim esse rem corrupti."}', 65, '2018-10-28 07:13:09', '2018-10-28 07:13:09'),
	(1136, 2, '{"title":"aliquid","description":"Voluptas incidunt cumque voluptas aspernatur quia eius."}', 386, '2018-10-28 07:13:09', '2018-10-28 07:13:09'),
	(1137, 1, '{"title":"magnam","description":"Et deserunt voluptatem voluptas iste vitae dolorem voluptas soluta consequatur voluptatum ut nesciunt."}', 84, '2018-10-28 07:13:09', '2018-10-28 07:13:09'),
	(1138, 3, '{"title":"quisquam","description":"Aut repudiandae accusamus et dignissimos nihil vel autem aliquam error et molestias."}', 384, '2018-10-28 07:13:09', '2018-10-28 07:13:09'),
	(1139, 3, '{"title":"consequuntur","description":"Temporibus dicta accusantium aut rerum omnis non voluptatibus."}', 152, '2018-10-28 07:13:09', '2018-10-28 07:13:09'),
	(1140, 1, '{"title":"dolorem","description":"Ipsam enim autem ex odit et iste eos quae architecto esse atque praesentium."}', 380, '2018-10-28 07:13:09', '2018-10-28 07:13:09'),
	(1141, 3, '{"title":"et","description":"Ipsa accusamus et earum et aspernatur dolore."}', 345, '2018-10-28 07:13:09', '2018-10-28 07:13:09'),
	(1142, 3, '{"title":"nesciunt","description":"Sapiente quas omnis vitae voluptatem iure vel temporibus."}', 372, '2018-10-28 07:13:09', '2018-10-28 07:13:09'),
	(1143, 2, '{"title":"saepe","description":"Corporis exercitationem sequi et quos architecto nesciunt."}', 401, '2018-10-28 07:13:09', '2018-10-28 07:13:09'),
	(1144, 2, '{"title":"qui","description":"Minus ut voluptatibus cum sunt tempore repellendus perspiciatis temporibus in."}', 28, '2018-10-28 07:13:09', '2018-10-28 07:13:09'),
	(1145, 1, '{"title":"illum","description":"Nemo dolores vel quia impedit recusandae quia suscipit."}', 168, '2018-10-28 07:13:09', '2018-10-28 07:13:09'),
	(1146, 3, '{"title":"sed","description":"Aut exercitationem sit asperiores dolore ipsa reiciendis voluptas placeat vel est quisquam beatae."}', 105, '2018-10-28 07:13:09', '2018-10-28 07:13:09'),
	(1147, 3, '{"title":"voluptas","description":"Commodi cupiditate sed ut ipsam eius soluta repellendus beatae amet."}', 84, '2018-10-28 07:13:09', '2018-10-28 07:13:09'),
	(1148, 1, '{"title":"ducimus","description":"Aut quam reprehenderit quis voluptatum autem quisquam quos autem."}', 156, '2018-10-28 07:13:09', '2018-10-28 07:13:09'),
	(1149, 1, '{"title":"qui","description":"Est quo doloremque est iste deserunt et voluptates quos consectetur non explicabo."}', 106, '2018-10-28 07:13:09', '2018-10-28 07:13:09'),
	(1150, 1, '{"title":"est","description":"Dolor est animi possimus dignissimos voluptatem minus dolorum magnam sed suscipit et dolores odio."}', 139, '2018-10-28 07:13:09', '2018-10-28 07:13:09'),
	(1151, 3, '{"title":"sed","description":"Libero dolores dolorem ab cum esse commodi illum nemo eaque necessitatibus."}', 69, '2018-10-28 07:13:09', '2018-10-28 07:13:09'),
	(1152, 3, '{"title":"voluptate","description":"Veritatis accusamus quia delectus odio quisquam nostrum architecto eius voluptatem velit quo molestiae ut."}', 34, '2018-10-28 07:13:09', '2018-10-28 07:13:09'),
	(1153, 2, '{"title":"iste","description":"Doloremque consequatur suscipit nam non sed aut delectus eligendi."}', 6, '2018-10-28 07:13:09', '2018-10-28 07:13:09'),
	(1154, 2, '{"title":"voluptatibus","description":"Perferendis molestiae voluptatem possimus eos velit ullam."}', 71, '2018-10-28 07:13:09', '2018-10-28 07:13:09'),
	(1155, 1, '{"title":"ullam","description":"Vel esse totam exercitationem voluptatem reprehenderit rerum voluptas at nostrum labore atque ullam sapiente."}', 393, '2018-10-28 07:13:09', '2018-10-28 07:13:09'),
	(1156, 1, '{"title":"tenetur","description":"Sint veritatis quaerat aut laboriosam iure ut illo dolores qui provident."}', 218, '2018-10-28 07:13:09', '2018-10-28 07:13:09'),
	(1157, 3, '{"title":"voluptas","description":"Iure eveniet nemo veritatis aspernatur facere sint molestiae ipsam ipsa aliquid voluptas non consequatur."}', 350, '2018-10-28 07:13:09', '2018-10-28 07:13:09'),
	(1158, 2, '{"title":"et","description":"Sit maxime aut et magnam quia quis qui omnis ut cumque repellat consectetur dolorum."}', 41, '2018-10-28 07:13:09', '2018-10-28 07:13:09'),
	(1159, 1, '{"title":"temporibus","description":"Voluptate ex earum ut quibusdam quam non est vel aut alias sit non voluptatem."}', 155, '2018-10-28 07:13:09', '2018-10-28 07:13:09'),
	(1160, 2, '{"title":"eum","description":"Et tempora aut ea mollitia corporis vitae dolores sit autem expedita nemo dicta."}', 17, '2018-10-28 07:13:09', '2018-10-28 07:13:09'),
	(1161, 3, '{"title":"assumenda","description":"Aut expedita sed ut magni sapiente aut."}', 328, '2018-10-28 07:13:09', '2018-10-28 07:13:09'),
	(1162, 3, '{"title":"quas","description":"Vero placeat est sunt ea quod laborum suscipit impedit alias nostrum et eos quidem."}', 92, '2018-10-28 07:13:09', '2018-10-28 07:13:09'),
	(1163, 3, '{"title":"repellat","description":"Consequuntur nam autem odit quas nisi nisi facilis."}', 286, '2018-10-28 07:13:09', '2018-10-28 07:13:09'),
	(1164, 2, '{"title":"quibusdam","description":"Nihil quo atque adipisci non maiores quo est laborum temporibus recusandae non."}', 384, '2018-10-28 07:13:09', '2018-10-28 07:13:09'),
	(1165, 3, '{"title":"et","description":"Quia et culpa sunt in sequi ex."}', 364, '2018-10-28 07:13:09', '2018-10-28 07:13:09'),
	(1166, 1, '{"title":"quo","description":"Aut earum nihil et fugit quis natus mollitia doloribus atque fugiat."}', 83, '2018-10-28 07:13:09', '2018-10-28 07:13:09'),
	(1167, 1, '{"title":"at","description":"Quia consectetur corporis minus voluptatem qui accusamus."}', 272, '2018-10-28 07:13:09', '2018-10-28 07:13:09'),
	(1168, 2, '{"title":"unde","description":"Sit aut quia consequatur nemo qui necessitatibus."}', 465, '2018-10-28 07:13:09', '2018-10-28 07:13:09'),
	(1169, 3, '{"title":"vel","description":"Id odio consequatur sint ut illo beatae facere atque hic rerum atque in."}', 311, '2018-10-28 07:13:09', '2018-10-28 07:13:09'),
	(1170, 3, '{"title":"ut","description":"Consequatur quia aliquid soluta voluptatem perferendis tenetur reprehenderit quos perferendis fugit quo dolores."}', 426, '2018-10-28 07:13:09', '2018-10-28 07:13:09'),
	(1171, 2, '{"title":"rerum","description":"Saepe neque quod ut quae quo in quia temporibus dolorem blanditiis architecto eligendi eum."}', 176, '2018-10-28 07:13:09', '2018-10-28 07:13:09'),
	(1172, 3, '{"title":"ut","description":"Voluptas tempore veniam sed distinctio non atque."}', 59, '2018-10-28 07:13:09', '2018-10-28 07:13:09'),
	(1173, 3, '{"title":"dolor","description":"Quia nostrum minima ipsam odio minima omnis fugiat est doloribus optio explicabo suscipit aut."}', 424, '2018-10-28 07:13:09', '2018-10-28 07:13:09'),
	(1174, 3, '{"title":"est","description":"Occaecati in sed natus possimus et rerum consequatur enim dolorum ullam."}', 140, '2018-10-28 07:13:09', '2018-10-28 07:13:09'),
	(1175, 2, '{"title":"porro","description":"Aut aliquid consequatur velit maiores quisquam vel eos et ipsum dolor."}', 190, '2018-10-28 07:13:09', '2018-10-28 07:13:09'),
	(1176, 3, '{"title":"sunt","description":"Qui ipsa omnis eaque et in numquam."}', 393, '2018-10-28 07:13:09', '2018-10-28 07:13:09'),
	(1177, 1, '{"title":"doloribus","description":"Hic voluptas expedita et a maxime eum aut aut et non doloremque."}', 264, '2018-10-28 07:13:09', '2018-10-28 07:13:09'),
	(1178, 1, '{"title":"libero","description":"Tempora architecto labore ut esse ad natus dolorem et esse rerum mollitia."}', 170, '2018-10-28 07:13:09', '2018-10-28 07:13:09'),
	(1179, 1, '{"title":"doloremque","description":"Mollitia architecto tenetur aut et quasi sit molestiae velit dignissimos non veniam rerum."}', 190, '2018-10-28 07:13:09', '2018-10-28 07:13:09'),
	(1180, 3, '{"title":"accusantium","description":"Sequi laborum aliquam optio error ex placeat incidunt."}', 306, '2018-10-28 07:13:09', '2018-10-28 07:13:09'),
	(1181, 1, '{"title":"officiis","description":"Fugiat itaque aliquam ut impedit inventore recusandae necessitatibus sed in molestiae quia aut."}', 168, '2018-10-28 07:13:09', '2018-10-28 07:13:09'),
	(1182, 3, '{"title":"cum","description":"Porro repellendus numquam voluptatem vel delectus eius voluptas possimus omnis vel et."}', 98, '2018-10-28 07:13:09', '2018-10-28 07:13:09'),
	(1183, 2, '{"title":"nemo","description":"Dolore ipsam eius sit velit modi est est beatae inventore atque voluptas asperiores."}', 234, '2018-10-28 07:13:09', '2018-10-28 07:13:09'),
	(1184, 3, '{"title":"voluptatum","description":"Vero enim alias quasi veniam quo nemo."}', 31, '2018-10-28 07:13:09', '2018-10-28 07:13:09'),
	(1185, 1, '{"title":"non","description":"Error eveniet aperiam quia quas dolorem beatae cum et harum dignissimos odit quos in."}', 301, '2018-10-28 07:13:09', '2018-10-28 07:13:09'),
	(1186, 1, '{"title":"et","description":"Iste nesciunt asperiores est consequatur sed a eos at dolores eveniet beatae."}', 468, '2018-10-28 07:13:09', '2018-10-28 07:13:09'),
	(1187, 1, '{"title":"non","description":"Vel eius dignissimos ut dolore impedit ut rerum et."}', 377, '2018-10-28 07:13:09', '2018-10-28 07:13:09'),
	(1188, 2, '{"title":"deleniti","description":"Officia saepe ex molestias illo hic consequatur possimus."}', 166, '2018-10-28 07:13:09', '2018-10-28 07:13:09'),
	(1189, 2, '{"title":"vel","description":"Voluptatem maiores ipsum earum omnis et ratione ut numquam sint facilis esse voluptates corrupti."}', 90, '2018-10-28 07:13:09', '2018-10-28 07:13:09'),
	(1190, 3, '{"title":"consequatur","description":"Eveniet deserunt magnam quos et dicta et eveniet magni et."}', 357, '2018-10-28 07:13:09', '2018-10-28 07:13:09'),
	(1191, 2, '{"title":"aut","description":"Culpa libero minima asperiores et et autem."}', 108, '2018-10-28 07:13:09', '2018-10-28 07:13:09'),
	(1192, 2, '{"title":"quibusdam","description":"Unde iusto qui fugit provident illo dolorum voluptatem id aliquam sed et itaque pariatur."}', 347, '2018-10-28 07:13:09', '2018-10-28 07:13:09'),
	(1193, 2, '{"title":"totam","description":"Odit iure provident maxime quae exercitationem quidem officia temporibus commodi perferendis dolorem nisi."}', 441, '2018-10-28 07:13:09', '2018-10-28 07:13:09'),
	(1194, 3, '{"title":"quam","description":"Atque nesciunt aperiam ut odit soluta iusto numquam tenetur aliquam."}', 481, '2018-10-28 07:13:09', '2018-10-28 07:13:09'),
	(1195, 3, '{"title":"ipsum","description":"Aspernatur et tempore ipsam sit itaque natus voluptatem est qui tempora."}', 263, '2018-10-28 07:13:09', '2018-10-28 07:13:09'),
	(1196, 3, '{"title":"ut","description":"Ullam quae libero placeat consequuntur debitis aut quia non aut ipsa inventore cumque quaerat."}', 164, '2018-10-28 07:13:09', '2018-10-28 07:13:09'),
	(1197, 3, '{"title":"deserunt","description":"Eos numquam necessitatibus possimus quo accusamus atque qui."}', 140, '2018-10-28 07:13:09', '2018-10-28 07:13:09'),
	(1198, 2, '{"title":"incidunt","description":"Nulla ratione et eaque voluptatem nostrum id modi quia earum sit quia voluptatem est."}', 134, '2018-10-28 07:13:09', '2018-10-28 07:13:09'),
	(1199, 2, '{"title":"eveniet","description":"Animi eaque est nihil qui eos possimus rerum iusto eaque."}', 93, '2018-10-28 07:13:09', '2018-10-28 07:13:09'),
	(1200, 1, '{"title":"non","description":"Quasi id libero necessitatibus vero sint vitae aut magni et."}', 301, '2018-10-28 07:13:09', '2018-10-28 07:13:09'),
	(1201, 2, '{"title":"non","description":"Consequatur quos autem accusantium consequuntur vitae ut rerum placeat tenetur et quia."}', 170, '2018-10-28 07:13:09', '2018-10-28 07:13:09'),
	(1202, 3, '{"title":"quis","description":"Placeat vero consequuntur ipsum quis quis dignissimos."}', 212, '2018-10-28 07:13:09', '2018-10-28 07:13:09'),
	(1203, 3, '{"title":"eos","description":"Aperiam delectus inventore et voluptatem ea cum."}', 485, '2018-10-28 07:13:09', '2018-10-28 07:13:09'),
	(1204, 1, '{"title":"illum","description":"Odit fugiat est aut nobis dolorum doloremque aliquid quam optio consequatur et dolorem harum."}', 195, '2018-10-28 07:13:09', '2018-10-28 07:13:09'),
	(1205, 3, '{"title":"voluptas","description":"Animi natus ullam error nobis eos sapiente dolores esse sunt in qui velit ducimus."}', 78, '2018-10-28 07:13:09', '2018-10-28 07:13:09'),
	(1206, 2, '{"title":"non","description":"Ea nisi voluptatem vel ut qui fuga reprehenderit eveniet."}', 39, '2018-10-28 07:13:09', '2018-10-28 07:13:09'),
	(1207, 3, '{"title":"eos","description":"Porro nemo aliquid quaerat eos hic ut aperiam tempora."}', 212, '2018-10-28 07:13:09', '2018-10-28 07:13:09'),
	(1208, 2, '{"title":"a","description":"Sit at ut numquam odio labore exercitationem voluptatem quia magnam dolores atque omnis."}', 89, '2018-10-28 07:13:09', '2018-10-28 07:13:09'),
	(1209, 2, '{"title":"facilis","description":"Perspiciatis voluptatem quae autem aut eum similique possimus explicabo eligendi quaerat dicta rerum asperiores."}', 397, '2018-10-28 07:13:09', '2018-10-28 07:13:09'),
	(1210, 1, '{"title":"consequatur","description":"Praesentium dolores voluptate exercitationem saepe laudantium labore et qui."}', 499, '2018-10-28 07:13:09', '2018-10-28 07:13:09'),
	(1211, 2, '{"title":"aliquam","description":"Non distinctio aperiam et quo alias corporis."}', 431, '2018-10-28 07:13:09', '2018-10-28 07:13:09'),
	(1212, 2, '{"title":"aut","description":"Expedita quo delectus nemo consequuntur velit illum numquam."}', 239, '2018-10-28 07:13:09', '2018-10-28 07:13:09'),
	(1213, 2, '{"title":"temporibus","description":"Voluptatem eum et at optio voluptatem aut quis veniam ea eum tempore."}', 309, '2018-10-28 07:13:09', '2018-10-28 07:13:09'),
	(1214, 3, '{"title":"asperiores","description":"Accusantium ratione fugit assumenda perspiciatis labore repellendus."}', 172, '2018-10-28 07:13:09', '2018-10-28 07:13:09'),
	(1215, 3, '{"title":"fuga","description":"Nemo culpa eum tenetur voluptatem nihil quibusdam eius delectus."}', 180, '2018-10-28 07:13:09', '2018-10-28 07:13:09'),
	(1216, 2, '{"title":"sint","description":"Veritatis blanditiis quo ut id omnis quis eum commodi dolore blanditiis."}', 2, '2018-10-28 07:13:09', '2018-10-28 07:13:09'),
	(1217, 2, '{"title":"qui","description":"Doloribus suscipit illum aut quo aperiam velit reprehenderit provident cupiditate eos sed."}', 371, '2018-10-28 07:13:09', '2018-10-28 07:13:09'),
	(1218, 2, '{"title":"non","description":"Suscipit necessitatibus ratione nostrum voluptas dolorem qui neque vero eligendi quas."}', 214, '2018-10-28 07:13:09', '2018-10-28 07:13:09'),
	(1219, 1, '{"title":"laborum","description":"Laborum voluptas eos enim quam consequatur illo qui dolorem exercitationem."}', 249, '2018-10-28 07:13:09', '2018-10-28 07:13:09'),
	(1220, 1, '{"title":"eum","description":"Minima deleniti voluptas eum sit rerum incidunt recusandae aut quo voluptate omnis temporibus quos."}', 477, '2018-10-28 07:13:09', '2018-10-28 07:13:09'),
	(1221, 2, '{"title":"impedit","description":"Provident autem excepturi nihil quia distinctio maxime expedita nulla omnis at."}', 350, '2018-10-28 07:13:09', '2018-10-28 07:13:09'),
	(1222, 1, '{"title":"blanditiis","description":"Ut est voluptatem sequi optio quod ex atque et quisquam qui aperiam."}', 451, '2018-10-28 07:13:09', '2018-10-28 07:13:09'),
	(1223, 2, '{"title":"amet","description":"Minima explicabo suscipit laborum necessitatibus repudiandae animi asperiores illum nihil sed quia."}', 260, '2018-10-28 07:13:09', '2018-10-28 07:13:09'),
	(1224, 1, '{"title":"veniam","description":"Ducimus minus ipsum qui occaecati soluta quod qui laborum dolorum accusamus perspiciatis at."}', 121, '2018-10-28 07:13:09', '2018-10-28 07:13:09'),
	(1225, 1, '{"title":"dolorem","description":"Et officia quia libero et distinctio voluptates officia."}', 6, '2018-10-28 07:13:09', '2018-10-28 07:13:09'),
	(1226, 2, '{"title":"id","description":"Quae exercitationem at neque et et ea dolorem ab eligendi minima aut."}', 119, '2018-10-28 07:13:09', '2018-10-28 07:13:09'),
	(1227, 3, '{"title":"cupiditate","description":"Dolore cumque labore sint qui autem a quam asperiores."}', 53, '2018-10-28 07:13:09', '2018-10-28 07:13:09'),
	(1228, 1, '{"title":"voluptas","description":"Distinctio amet eos et accusantium sint atque culpa qui repellat et voluptas quos perferendis."}', 439, '2018-10-28 07:13:09', '2018-10-28 07:13:09'),
	(1229, 2, '{"title":"doloremque","description":"Sit facilis magni accusantium vero molestiae odit quidem minima ut."}', 118, '2018-10-28 07:13:09', '2018-10-28 07:13:09'),
	(1230, 3, '{"title":"ex","description":"Autem suscipit natus explicabo odio autem quam a totam."}', 304, '2018-10-28 07:13:09', '2018-10-28 07:13:09'),
	(1231, 1, '{"title":"blanditiis","description":"Ducimus cupiditate laborum molestiae nesciunt ipsam tempora saepe atque rerum ipsum voluptatem cumque non."}', 187, '2018-10-28 07:13:09', '2018-10-28 07:13:09'),
	(1232, 1, '{"title":"deleniti","description":"Qui veniam numquam quos rerum sit ut libero."}', 250, '2018-10-28 07:13:09', '2018-10-28 07:13:09'),
	(1233, 2, '{"title":"mollitia","description":"In enim reiciendis ducimus sequi voluptatem qui commodi."}', 58, '2018-10-28 07:13:09', '2018-10-28 07:13:09'),
	(1234, 2, '{"title":"dolorem","description":"Consequatur eum numquam dolore vel harum et aut distinctio."}', 447, '2018-10-28 07:13:09', '2018-10-28 07:13:09'),
	(1235, 2, '{"title":"dolor","description":"Natus incidunt hic aut sapiente molestiae est iusto."}', 345, '2018-10-28 07:13:09', '2018-10-28 07:13:09'),
	(1236, 1, '{"title":"repellat","description":"Eveniet laudantium labore expedita et vero sint."}', 441, '2018-10-28 07:13:09', '2018-10-28 07:13:09'),
	(1237, 3, '{"title":"neque","description":"Maxime consequatur sint saepe corrupti dolorem libero."}', 392, '2018-10-28 07:13:09', '2018-10-28 07:13:09'),
	(1238, 3, '{"title":"alias","description":"Non rerum accusamus animi vitae nostrum ducimus aut quaerat neque rerum veniam ratione."}', 42, '2018-10-28 07:13:09', '2018-10-28 07:13:09'),
	(1239, 2, '{"title":"dolor","description":"Minima maiores nihil fugiat et deserunt alias molestias quia eum ipsam voluptatem id quis."}', 320, '2018-10-28 07:13:09', '2018-10-28 07:13:09'),
	(1240, 1, '{"title":"et","description":"Placeat officia numquam a aspernatur amet dolorem recusandae ut non sunt."}', 199, '2018-10-28 07:13:09', '2018-10-28 07:13:09'),
	(1241, 2, '{"title":"nam","description":"Minus amet distinctio exercitationem est rerum sed consequatur velit perspiciatis quo."}', 311, '2018-10-28 07:13:09', '2018-10-28 07:13:09'),
	(1242, 3, '{"title":"error","description":"Reiciendis eius vitae similique nesciunt in repudiandae facilis tempore est."}', 425, '2018-10-28 07:13:09', '2018-10-28 07:13:09'),
	(1243, 2, '{"title":"perferendis","description":"Molestiae quos et illum excepturi expedita odio voluptatem consequuntur dolores quisquam."}', 188, '2018-10-28 07:13:09', '2018-10-28 07:13:09'),
	(1244, 1, '{"title":"minima","description":"Sequi aspernatur provident quae est earum sequi."}', 156, '2018-10-28 07:13:09', '2018-10-28 07:13:09'),
	(1245, 1, '{"title":"quia","description":"Sapiente consequatur exercitationem modi perferendis recusandae tenetur eveniet sed similique."}', 216, '2018-10-28 07:13:09', '2018-10-28 07:13:09'),
	(1246, 3, '{"title":"reiciendis","description":"Quisquam sint qui distinctio est ut vel laboriosam."}', 200, '2018-10-28 07:13:09', '2018-10-28 07:13:09'),
	(1247, 3, '{"title":"ut","description":"Incidunt voluptate tenetur sed est neque voluptatem voluptate et non numquam qui."}', 208, '2018-10-28 07:13:09', '2018-10-28 07:13:09'),
	(1248, 3, '{"title":"eos","description":"Tempore vero similique ut omnis consequatur ipsam consectetur illo commodi."}', 342, '2018-10-28 07:13:09', '2018-10-28 07:13:09'),
	(1249, 2, '{"title":"numquam","description":"Dicta debitis aliquam blanditiis quia numquam harum."}', 89, '2018-10-28 07:13:09', '2018-10-28 07:13:09'),
	(1250, 2, '{"title":"voluptatem","description":"Temporibus ratione rerum qui eum vel soluta voluptatum sint qui maiores aspernatur."}', 215, '2018-10-28 07:13:09', '2018-10-28 07:13:09'),
	(1251, 3, '{"title":"necessitatibus","description":"Assumenda magnam qui aut pariatur laboriosam aut."}', 52, '2018-10-28 07:13:09', '2018-10-28 07:13:09'),
	(1252, 1, '{"title":"molestiae","description":"Eos assumenda aut excepturi ut sint cum sapiente."}', 63, '2018-10-28 07:13:09', '2018-10-28 07:13:09'),
	(1253, 1, '{"title":"accusamus","description":"Enim ea consequatur cumque qui voluptas dolorum architecto dolor repellat doloremque."}', 410, '2018-10-28 07:13:09', '2018-10-28 07:13:09'),
	(1254, 2, '{"title":"asperiores","description":"Harum qui laborum et et est quo doloremque deleniti quis eveniet qui eius iure."}', 385, '2018-10-28 07:13:09', '2018-10-28 07:13:09'),
	(1255, 1, '{"title":"perspiciatis","description":"Aut totam eaque deleniti voluptatem ducimus recusandae itaque autem natus."}', 21, '2018-10-28 07:13:09', '2018-10-28 07:13:09'),
	(1256, 1, '{"title":"vel","description":"At omnis eos et unde eaque vero doloremque ea accusantium facilis est placeat nihil."}', 316, '2018-10-28 07:13:09', '2018-10-28 07:13:09'),
	(1257, 1, '{"title":"consequatur","description":"Enim nesciunt recusandae distinctio excepturi quia nulla est."}', 476, '2018-10-28 07:13:09', '2018-10-28 07:13:09'),
	(1258, 2, '{"title":"hic","description":"Sed rem rem repellat similique ut expedita dolor velit."}', 183, '2018-10-28 07:13:09', '2018-10-28 07:13:09'),
	(1259, 2, '{"title":"cupiditate","description":"Ut quo iste quo est alias voluptatem in labore velit aut consequatur nemo possimus."}', 35, '2018-10-28 07:13:09', '2018-10-28 07:13:09'),
	(1260, 3, '{"title":"omnis","description":"Eligendi numquam libero dolor aut nulla eveniet nulla saepe."}', 28, '2018-10-28 07:13:09', '2018-10-28 07:13:09'),
	(1261, 1, '{"title":"sed","description":"Numquam et itaque architecto adipisci dolor exercitationem dignissimos non hic commodi."}', 86, '2018-10-28 07:13:09', '2018-10-28 07:13:09'),
	(1262, 1, '{"title":"adipisci","description":"Ut error sed quam non est adipisci dolor aut."}', 142, '2018-10-28 07:13:09', '2018-10-28 07:13:09'),
	(1263, 1, '{"title":"corporis","description":"Accusamus tempore nobis explicabo provident beatae ad."}', 188, '2018-10-28 07:13:09', '2018-10-28 07:13:09'),
	(1264, 3, '{"title":"eaque","description":"Optio tempora ut enim sit possimus eaque officia consectetur."}', 145, '2018-10-28 07:13:09', '2018-10-28 07:13:09'),
	(1265, 1, '{"title":"exercitationem","description":"Molestias officiis possimus rerum voluptas eaque sed corporis nulla ipsa id sint."}', 43, '2018-10-28 07:13:09', '2018-10-28 07:13:09'),
	(1266, 2, '{"title":"officiis","description":"Ea nihil eveniet rerum corporis quo autem omnis aspernatur voluptas nostrum eveniet dolor."}', 345, '2018-10-28 07:13:09', '2018-10-28 07:13:09'),
	(1267, 3, '{"title":"eum","description":"Velit ex natus quis nam dolor est similique voluptas qui."}', 34, '2018-10-28 07:13:09', '2018-10-28 07:13:09'),
	(1268, 2, '{"title":"autem","description":"Voluptas non rerum rerum autem eaque quis qui a voluptatem eveniet."}', 429, '2018-10-28 07:13:09', '2018-10-28 07:13:09'),
	(1269, 3, '{"title":"facere","description":"Aut omnis ducimus enim eveniet doloremque vel et."}', 224, '2018-10-28 07:13:09', '2018-10-28 07:13:09'),
	(1270, 1, '{"title":"cupiditate","description":"Placeat numquam aliquid eaque modi non itaque fugit earum eos laudantium illo omnis."}', 119, '2018-10-28 07:13:09', '2018-10-28 07:13:09'),
	(1271, 1, '{"title":"consequuntur","description":"Perspiciatis harum dolore voluptates maxime sit sit voluptatem recusandae unde nihil in et."}', 118, '2018-10-28 07:13:09', '2018-10-28 07:13:09'),
	(1272, 3, '{"title":"maiores","description":"Eos et in ut ut soluta sequi veniam quibusdam assumenda."}', 20, '2018-10-28 07:13:09', '2018-10-28 07:13:09'),
	(1273, 1, '{"title":"similique","description":"Tenetur saepe quia saepe sapiente possimus est earum repellat saepe."}', 311, '2018-10-28 07:13:09', '2018-10-28 07:13:09'),
	(1274, 3, '{"title":"quam","description":"Dolores et qui sint voluptas quibusdam similique."}', 288, '2018-10-28 07:13:09', '2018-10-28 07:13:09'),
	(1275, 1, '{"title":"aliquid","description":"Ratione rerum molestias quia autem voluptatem repudiandae."}', 290, '2018-10-28 07:13:09', '2018-10-28 07:13:09'),
	(1276, 1, '{"title":"voluptatibus","description":"Porro aliquid natus fuga ut voluptatem harum velit adipisci corrupti."}', 450, '2018-10-28 07:13:09', '2018-10-28 07:13:09'),
	(1277, 1, '{"title":"quam","description":"Nemo rem est mollitia eveniet ex aliquam nihil perferendis et fuga nostrum exercitationem quos."}', 329, '2018-10-28 07:13:09', '2018-10-28 07:13:09'),
	(1278, 2, '{"title":"quia","description":"Dolorem eaque asperiores eum sit fugiat velit aut illum illo quam."}', 233, '2018-10-28 07:13:09', '2018-10-28 07:13:09'),
	(1279, 3, '{"title":"commodi","description":"Omnis sint autem pariatur eligendi nisi et sit."}', 279, '2018-10-28 07:13:09', '2018-10-28 07:13:09'),
	(1280, 3, '{"title":"qui","description":"Earum quas laudantium consequatur saepe sint soluta est reiciendis dolores animi sit."}', 177, '2018-10-28 07:13:09', '2018-10-28 07:13:09'),
	(1281, 3, '{"title":"explicabo","description":"Ut et eos voluptatum maiores saepe aut veritatis atque ut vero."}', 338, '2018-10-28 07:13:09', '2018-10-28 07:13:09'),
	(1282, 2, '{"title":"maiores","description":"Quo nam minima molestiae numquam esse repellat magnam incidunt eveniet porro."}', 135, '2018-10-28 07:13:09', '2018-10-28 07:13:09'),
	(1283, 3, '{"title":"quos","description":"Labore animi autem nostrum voluptas cumque suscipit et quo velit eum."}', 125, '2018-10-28 07:13:09', '2018-10-28 07:13:09'),
	(1284, 3, '{"title":"fugiat","description":"Architecto qui quidem nisi ex et eligendi eveniet inventore ducimus doloremque."}', 429, '2018-10-28 07:13:09', '2018-10-28 07:13:09'),
	(1285, 1, '{"title":"quae","description":"Nulla occaecati et voluptatem ducimus hic voluptas ducimus."}', 150, '2018-10-28 07:13:09', '2018-10-28 07:13:09'),
	(1286, 3, '{"title":"vero","description":"Quod laborum ratione laboriosam quo consequatur quibusdam nesciunt dolor qui vel quisquam asperiores ducimus."}', 208, '2018-10-28 07:13:09', '2018-10-28 07:13:09'),
	(1287, 3, '{"title":"debitis","description":"Quidem dolorem ab iusto quia sit fuga occaecati eum non dolores."}', 256, '2018-10-28 07:13:09', '2018-10-28 07:13:09'),
	(1288, 2, '{"title":"laborum","description":"Excepturi atque voluptatem in ab in et laboriosam tempora quis reprehenderit animi ipsum dolor."}', 26, '2018-10-28 07:13:09', '2018-10-28 07:13:09'),
	(1289, 2, '{"title":"rem","description":"Pariatur ut accusamus fuga consequuntur inventore suscipit ex dolore."}', 40, '2018-10-28 07:13:09', '2018-10-28 07:13:09'),
	(1290, 3, '{"title":"id","description":"Reprehenderit vel dignissimos et laudantium nesciunt illum."}', 414, '2018-10-28 07:13:09', '2018-10-28 07:13:09'),
	(1291, 3, '{"title":"saepe","description":"Alias occaecati est sint et deserunt sed velit quis fugiat."}', 457, '2018-10-28 07:13:09', '2018-10-28 07:13:09'),
	(1292, 1, '{"title":"consequatur","description":"Qui delectus a et quae sit esse laborum error."}', 66, '2018-10-28 07:13:09', '2018-10-28 07:13:09'),
	(1293, 1, '{"title":"nisi","description":"Cum aliquam eaque repudiandae eos ut fugit perspiciatis fugiat et veniam libero."}', 369, '2018-10-28 07:13:09', '2018-10-28 07:13:09'),
	(1294, 2, '{"title":"quasi","description":"Odio itaque natus itaque dolorum numquam ut dolorem dolor et."}', 494, '2018-10-28 07:13:09', '2018-10-28 07:13:09'),
	(1295, 3, '{"title":"repellendus","description":"Tempora aut provident omnis molestiae praesentium magnam."}', 93, '2018-10-28 07:13:09', '2018-10-28 07:13:09'),
	(1296, 2, '{"title":"non","description":"Provident velit sunt esse commodi consequuntur voluptatem corporis repellat sed dolorem at est."}', 119, '2018-10-28 07:13:09', '2018-10-28 07:13:09'),
	(1297, 1, '{"title":"aut","description":"Et numquam rerum autem error facere distinctio quia iusto."}', 470, '2018-10-28 07:13:09', '2018-10-28 07:13:09'),
	(1298, 1, '{"title":"consequuntur","description":"Corporis minima quia sed nihil minima aspernatur aut consectetur et repellat."}', 249, '2018-10-28 07:13:09', '2018-10-28 07:13:09'),
	(1299, 1, '{"title":"unde","description":"Dolores quis a praesentium dolor in doloremque soluta qui eligendi odit id architecto."}', 16, '2018-10-28 07:13:09', '2018-10-28 07:13:09'),
	(1300, 3, '{"title":"veritatis","description":"Dolores quasi atque consequatur quis dolor illum."}', 481, '2018-10-28 07:13:09', '2018-10-28 07:13:09'),
	(1301, 1, '{"title":"vel","description":"Dolorem ipsam ea quos sequi quo consequatur."}', 245, '2018-10-28 07:13:09', '2018-10-28 07:13:09'),
	(1302, 2, '{"title":"quae","description":"Voluptate quis sed qui mollitia tempore rerum id nam."}', 319, '2018-10-28 07:13:09', '2018-10-28 07:13:09'),
	(1303, 2, '{"title":"fuga","description":"Quo nihil suscipit molestias et est quidem."}', 285, '2018-10-28 07:13:09', '2018-10-28 07:13:09'),
	(1304, 3, '{"title":"delectus","description":"Temporibus tempore nihil cum optio natus accusamus."}', 428, '2018-10-28 07:13:09', '2018-10-28 07:13:09'),
	(1305, 3, '{"title":"reprehenderit","description":"Nulla occaecati ut est adipisci ipsam sed autem vel itaque."}', 426, '2018-10-28 07:13:09', '2018-10-28 07:13:09'),
	(1306, 1, '{"title":"omnis","description":"Sit impedit sit voluptas et voluptatibus similique."}', 212, '2018-10-28 07:13:09', '2018-10-28 07:13:09'),
	(1307, 3, '{"title":"debitis","description":"Voluptatum officiis labore eos in qui quia dolore."}', 260, '2018-10-28 07:13:09', '2018-10-28 07:13:09'),
	(1308, 3, '{"title":"corporis","description":"Labore error architecto eligendi dolores vel corporis consequatur blanditiis eos animi quibusdam perspiciatis ut."}', 343, '2018-10-28 07:13:09', '2018-10-28 07:13:09'),
	(1309, 2, '{"title":"minima","description":"Sunt quo fugit nesciunt assumenda officia quo fugit unde tenetur maiores nisi pariatur impedit."}', 232, '2018-10-28 07:13:09', '2018-10-28 07:13:09'),
	(1310, 1, '{"title":"temporibus","description":"Et accusantium nihil ducimus autem vel atque ad."}', 68, '2018-10-28 07:13:09', '2018-10-28 07:13:09'),
	(1311, 1, '{"title":"temporibus","description":"Harum tenetur molestiae omnis vel non consequuntur doloribus labore."}', 210, '2018-10-28 07:13:09', '2018-10-28 07:13:09'),
	(1312, 1, '{"title":"facere","description":"Omnis et officiis culpa rem ut et aliquam fugiat rem sed."}', 306, '2018-10-28 07:13:09', '2018-10-28 07:13:09'),
	(1313, 1, '{"title":"saepe","description":"Est aut sed mollitia necessitatibus excepturi doloribus voluptate optio saepe sapiente."}', 228, '2018-10-28 07:13:09', '2018-10-28 07:13:09'),
	(1314, 3, '{"title":"magni","description":"Sint pariatur dolores nulla corrupti ipsa et voluptas accusantium sed eum."}', 479, '2018-10-28 07:13:09', '2018-10-28 07:13:09'),
	(1315, 1, '{"title":"molestiae","description":"Sed illo blanditiis molestias non inventore est blanditiis aspernatur laudantium."}', 198, '2018-10-28 07:13:09', '2018-10-28 07:13:09'),
	(1316, 3, '{"title":"quibusdam","description":"Saepe consequatur neque nisi architecto illo sed."}', 300, '2018-10-28 07:13:09', '2018-10-28 07:13:09'),
	(1317, 1, '{"title":"aut","description":"Minus quas qui fuga enim expedita consequatur amet earum expedita repellendus."}', 73, '2018-10-28 07:13:09', '2018-10-28 07:13:09'),
	(1318, 1, '{"title":"voluptas","description":"Sit quia dolorum cumque quam sequi vitae excepturi aliquam eligendi et consectetur et."}', 216, '2018-10-28 07:13:09', '2018-10-28 07:13:09'),
	(1319, 2, '{"title":"voluptas","description":"Est et quam eum nobis ut animi."}', 453, '2018-10-28 07:13:09', '2018-10-28 07:13:09'),
	(1320, 2, '{"title":"illo","description":"Fugiat eligendi et est eos fugit animi fugiat."}', 488, '2018-10-28 07:13:09', '2018-10-28 07:13:09'),
	(1321, 2, '{"title":"autem","description":"Molestiae numquam quaerat aliquam fugit in et porro eum."}', 36, '2018-10-28 07:13:09', '2018-10-28 07:13:09'),
	(1322, 3, '{"title":"et","description":"Blanditiis et dolores laboriosam amet dolores consequatur asperiores exercitationem error perferendis sit."}', 458, '2018-10-28 07:13:09', '2018-10-28 07:13:09'),
	(1323, 3, '{"title":"quo","description":"Eos labore itaque dolorem eum est et voluptatibus quam eius aut vel aut."}', 155, '2018-10-28 07:13:09', '2018-10-28 07:13:09'),
	(1324, 1, '{"title":"et","description":"Mollitia omnis omnis voluptatibus nulla iure deserunt error qui sunt sunt voluptate deserunt."}', 202, '2018-10-28 07:13:09', '2018-10-28 07:13:09'),
	(1325, 3, '{"title":"ea","description":"Est enim officia voluptas numquam ipsa non."}', 415, '2018-10-28 07:13:09', '2018-10-28 07:13:09'),
	(1326, 1, '{"title":"perspiciatis","description":"Voluptas et ab recusandae earum mollitia sed repudiandae asperiores quia qui."}', 319, '2018-10-28 07:13:09', '2018-10-28 07:13:09'),
	(1327, 1, '{"title":"et","description":"Id sint labore sunt maxime voluptatem quia voluptatem similique perferendis laboriosam dolores a exercitationem."}', 424, '2018-10-28 07:13:09', '2018-10-28 07:13:09'),
	(1328, 1, '{"title":"ut","description":"Cumque unde velit architecto ullam molestiae excepturi qui et dolores consequatur quae."}', 307, '2018-10-28 07:13:09', '2018-10-28 07:13:09'),
	(1329, 3, '{"title":"consequatur","description":"Alias qui officiis molestiae eos corporis quo tenetur totam."}', 394, '2018-10-28 07:13:09', '2018-10-28 07:13:09'),
	(1330, 2, '{"title":"commodi","description":"Magnam id aut possimus qui provident molestiae quia modi consequuntur debitis mollitia voluptatem."}', 139, '2018-10-28 07:13:09', '2018-10-28 07:13:09'),
	(1331, 1, '{"title":"dolore","description":"Eos sed non illum non nulla provident fuga provident qui nihil dolorem fugit qui."}', 205, '2018-10-28 07:13:09', '2018-10-28 07:13:09'),
	(1332, 3, '{"title":"perferendis","description":"Laboriosam aperiam inventore voluptatem sed ut omnis nisi."}', 254, '2018-10-28 07:13:09', '2018-10-28 07:13:09'),
	(1333, 3, '{"title":"error","description":"Vero commodi culpa voluptate ex et alias ea."}', 367, '2018-10-28 07:13:09', '2018-10-28 07:13:09'),
	(1334, 3, '{"title":"vitae","description":"Sed labore est dicta excepturi blanditiis omnis odio perferendis."}', 427, '2018-10-28 07:13:09', '2018-10-28 07:13:09'),
	(1335, 1, '{"title":"placeat","description":"Dolor magni et quo aperiam aut et repellat quae assumenda eum quod."}', 103, '2018-10-28 07:13:09', '2018-10-28 07:13:09'),
	(1336, 1, '{"title":"accusantium","description":"Et delectus doloribus non quas temporibus eveniet."}', 374, '2018-10-28 07:13:09', '2018-10-28 07:13:09'),
	(1337, 3, '{"title":"et","description":"Maxime aut dolor quasi ullam delectus inventore officia sunt."}', 19, '2018-10-28 07:13:09', '2018-10-28 07:13:09'),
	(1338, 2, '{"title":"tempora","description":"Voluptatem modi consequatur explicabo explicabo dolor saepe illum blanditiis omnis repellendus aliquam odio quis."}', 339, '2018-10-28 07:13:09', '2018-10-28 07:13:09'),
	(1339, 2, '{"title":"et","description":"Ipsum architecto et cum voluptas assumenda sed voluptatem."}', 319, '2018-10-28 07:13:09', '2018-10-28 07:13:09'),
	(1340, 2, '{"title":"veritatis","description":"Repudiandae non occaecati ut itaque commodi et quos nihil."}', 50, '2018-10-28 07:13:09', '2018-10-28 07:13:09'),
	(1341, 3, '{"title":"sint","description":"Est sit quia alias et illum aut sit voluptatum est sapiente similique repellat sit."}', 398, '2018-10-28 07:13:09', '2018-10-28 07:13:09'),
	(1342, 1, '{"title":"quo","description":"Delectus quaerat dolor eligendi est quibusdam omnis possimus sed sequi qui sequi quia iure."}', 136, '2018-10-28 07:13:09', '2018-10-28 07:13:09'),
	(1343, 2, '{"title":"aut","description":"Ad dolor qui beatae enim veritatis quaerat perferendis quibusdam."}', 312, '2018-10-28 07:13:09', '2018-10-28 07:13:09'),
	(1344, 1, '{"title":"omnis","description":"Deleniti temporibus corrupti consequatur exercitationem pariatur qui velit sequi earum voluptatem sed sit."}', 22, '2018-10-28 07:13:09', '2018-10-28 07:13:09'),
	(1345, 2, '{"title":"ipsa","description":"Odio velit cum neque commodi neque qui velit corrupti voluptate et enim voluptatem."}', 271, '2018-10-28 07:13:09', '2018-10-28 07:13:09'),
	(1346, 2, '{"title":"laudantium","description":"Suscipit provident aut totam inventore dolorem quas iusto aliquam laborum et dolores."}', 240, '2018-10-28 07:13:09', '2018-10-28 07:13:09'),
	(1347, 1, '{"title":"quia","description":"Debitis quo quasi hic nisi occaecati commodi corrupti rem nostrum."}', 44, '2018-10-28 07:13:09', '2018-10-28 07:13:09'),
	(1348, 2, '{"title":"unde","description":"Veritatis et temporibus repellat praesentium ipsa exercitationem consectetur vel."}', 415, '2018-10-28 07:13:09', '2018-10-28 07:13:09'),
	(1349, 1, '{"title":"debitis","description":"Perferendis consequatur ut officia nisi culpa in soluta."}', 105, '2018-10-28 07:13:09', '2018-10-28 07:13:09'),
	(1350, 1, '{"title":"cupiditate","description":"Provident vitae iusto non occaecati voluptate ut voluptatem."}', 121, '2018-10-28 07:13:09', '2018-10-28 07:13:09'),
	(1351, 1, '{"title":"et","description":"Et beatae omnis eos magnam recusandae ut incidunt."}', 376, '2018-10-28 07:13:09', '2018-10-28 07:13:09'),
	(1352, 2, '{"title":"quam","description":"Voluptatibus autem inventore modi aut aut necessitatibus necessitatibus at fuga."}', 437, '2018-10-28 07:13:09', '2018-10-28 07:13:09'),
	(1353, 1, '{"title":"eum","description":"Ut nostrum tempora repudiandae nostrum quia repudiandae omnis."}', 258, '2018-10-28 07:13:09', '2018-10-28 07:13:09'),
	(1354, 3, '{"title":"sapiente","description":"Porro itaque dolorem enim odio fuga sit."}', 478, '2018-10-28 07:13:09', '2018-10-28 07:13:09'),
	(1355, 1, '{"title":"tenetur","description":"Culpa a voluptas eos molestias accusantium occaecati voluptatum aut quia tempora dicta mollitia."}', 496, '2018-10-28 07:13:09', '2018-10-28 07:13:09'),
	(1356, 2, '{"title":"eum","description":"Minima magni placeat architecto quibusdam quos iusto laborum autem quos non."}', 204, '2018-10-28 07:13:09', '2018-10-28 07:13:09'),
	(1357, 1, '{"title":"cumque","description":"Non omnis eum tenetur consequuntur labore aspernatur nihil qui voluptas voluptatem distinctio id quam."}', 457, '2018-10-28 07:13:09', '2018-10-28 07:13:09'),
	(1358, 1, '{"title":"et","description":"Hic autem ut molestiae et dolores provident ut sequi sint laborum."}', 432, '2018-10-28 07:13:09', '2018-10-28 07:13:09'),
	(1359, 2, '{"title":"omnis","description":"Reiciendis delectus debitis nostrum neque ullam et sit consequatur quisquam voluptatem et fugiat perferendis."}', 47, '2018-10-28 07:13:09', '2018-10-28 07:13:09'),
	(1360, 2, '{"title":"tempore","description":"Molestiae aliquid et maiores laboriosam voluptates totam saepe qui doloremque consequatur omnis."}', 235, '2018-10-28 07:13:09', '2018-10-28 07:13:09'),
	(1361, 2, '{"title":"non","description":"Explicabo minus aut ut placeat officia et quam eius pariatur."}', 61, '2018-10-28 07:13:09', '2018-10-28 07:13:09'),
	(1362, 1, '{"title":"fuga","description":"Quo et dolor et ex veritatis et distinctio est quisquam ullam laudantium quaerat aliquam."}', 397, '2018-10-28 07:13:09', '2018-10-28 07:13:09'),
	(1363, 3, '{"title":"sequi","description":"Nam qui sint et aliquam debitis dolorum eos dicta."}', 408, '2018-10-28 07:13:09', '2018-10-28 07:13:09'),
	(1364, 3, '{"title":"mollitia","description":"Id minus unde atque accusamus magni dolores."}', 27, '2018-10-28 07:13:09', '2018-10-28 07:13:09'),
	(1365, 2, '{"title":"vero","description":"Et amet dolorem sit ut architecto est praesentium minima necessitatibus aperiam."}', 48, '2018-10-28 07:13:09', '2018-10-28 07:13:09'),
	(1366, 2, '{"title":"debitis","description":"Facilis rerum corrupti quo fuga magnam numquam et voluptatem ut ex debitis."}', 82, '2018-10-28 07:13:09', '2018-10-28 07:13:09'),
	(1367, 3, '{"title":"enim","description":"Voluptate minima quam nemo aut necessitatibus ea quia doloribus praesentium eligendi."}', 459, '2018-10-28 07:13:09', '2018-10-28 07:13:09'),
	(1368, 3, '{"title":"illo","description":"Id ipsum harum reiciendis nam at minima eligendi dolorem voluptates dolore."}', 145, '2018-10-28 07:13:09', '2018-10-28 07:13:09'),
	(1369, 2, '{"title":"quaerat","description":"Est nulla eius itaque sed earum sunt."}', 10, '2018-10-28 07:13:09', '2018-10-28 07:13:09'),
	(1370, 1, '{"title":"saepe","description":"Atque ut sit et laborum impedit quia perferendis mollitia et omnis vitae asperiores."}', 63, '2018-10-28 07:13:09', '2018-10-28 07:13:09'),
	(1371, 1, '{"title":"rem","description":"Quis et alias dolor suscipit laboriosam soluta."}', 36, '2018-10-28 07:13:09', '2018-10-28 07:13:09'),
	(1372, 1, '{"title":"ratione","description":"Dicta id sequi unde dignissimos autem non voluptatem et modi."}', 152, '2018-10-28 07:13:09', '2018-10-28 07:13:09'),
	(1373, 1, '{"title":"rem","description":"Repudiandae perferendis et omnis ad doloribus corrupti odit minima in rerum et accusantium aut."}', 496, '2018-10-28 07:13:09', '2018-10-28 07:13:09'),
	(1374, 1, '{"title":"atque","description":"Quo sequi inventore vel quisquam a quasi iste laudantium eaque quasi aut."}', 169, '2018-10-28 07:13:09', '2018-10-28 07:13:09'),
	(1375, 2, '{"title":"quisquam","description":"Consequuntur expedita fugiat fuga voluptas maxime cumque quia repudiandae exercitationem maiores et sit tempore."}', 155, '2018-10-28 07:13:09', '2018-10-28 07:13:09'),
	(1376, 1, '{"title":"occaecati","description":"Dolorum eos est eum quos ipsum quia dolorem."}', 34, '2018-10-28 07:13:09', '2018-10-28 07:13:09'),
	(1377, 1, '{"title":"non","description":"Et tenetur non voluptatum voluptas laudantium aut aut."}', 401, '2018-10-28 07:13:09', '2018-10-28 07:13:09'),
	(1378, 1, '{"title":"nesciunt","description":"Harum dolor doloribus ipsa enim doloribus iste et iusto quia aut eligendi."}', 166, '2018-10-28 07:13:09', '2018-10-28 07:13:09'),
	(1379, 2, '{"title":"autem","description":"Quis voluptatem exercitationem consequuntur rerum et sit possimus autem a repellat placeat nostrum aut."}', 485, '2018-10-28 07:13:09', '2018-10-28 07:13:09'),
	(1380, 2, '{"title":"laudantium","description":"Laboriosam quam sapiente id nihil et iure laboriosam numquam totam rerum."}', 366, '2018-10-28 07:13:09', '2018-10-28 07:13:09'),
	(1381, 1, '{"title":"totam","description":"Et tenetur officiis voluptas praesentium modi odit."}', 367, '2018-10-28 07:13:09', '2018-10-28 07:13:09'),
	(1382, 2, '{"title":"et","description":"Voluptatem repellat voluptates a ut amet aut aperiam quod omnis."}', 56, '2018-10-28 07:13:09', '2018-10-28 07:13:09'),
	(1383, 2, '{"title":"similique","description":"Numquam velit omnis sit reprehenderit voluptas eaque placeat hic et nemo."}', 375, '2018-10-28 07:13:09', '2018-10-28 07:13:09'),
	(1384, 3, '{"title":"quo","description":"Ut dolorum aliquam est minima recusandae voluptatem autem."}', 355, '2018-10-28 07:13:09', '2018-10-28 07:13:09'),
	(1385, 1, '{"title":"assumenda","description":"Numquam aliquam voluptas est quia quasi alias optio eum labore dicta et."}', 20, '2018-10-28 07:13:09', '2018-10-28 07:13:09'),
	(1386, 3, '{"title":"dolor","description":"Vitae vero ab suscipit sint in consequuntur molestiae."}', 392, '2018-10-28 07:13:09', '2018-10-28 07:13:09'),
	(1387, 1, '{"title":"voluptatibus","description":"Quaerat quo dolores veniam exercitationem pariatur neque sit quod."}', 10, '2018-10-28 07:13:09', '2018-10-28 07:13:09'),
	(1388, 1, '{"title":"ipsa","description":"Quas rerum maxime et quia facere molestias mollitia aliquid quaerat."}', 134, '2018-10-28 07:13:09', '2018-10-28 07:13:09'),
	(1389, 1, '{"title":"et","description":"Quam quia facilis dolor eligendi molestias in magnam asperiores assumenda eum est debitis."}', 112, '2018-10-28 07:13:09', '2018-10-28 07:13:09'),
	(1390, 3, '{"title":"architecto","description":"Fuga ut adipisci necessitatibus ut accusantium recusandae."}', 80, '2018-10-28 07:13:09', '2018-10-28 07:13:09'),
	(1391, 1, '{"title":"possimus","description":"Odit sint in quis earum cum magni blanditiis veritatis dolorem."}', 373, '2018-10-28 07:13:09', '2018-10-28 07:13:09'),
	(1392, 1, '{"title":"vitae","description":"Sint harum enim et explicabo tempore iste debitis a."}', 351, '2018-10-28 07:13:09', '2018-10-28 07:13:09'),
	(1393, 1, '{"title":"omnis","description":"Aut nihil dignissimos maiores eos expedita a cupiditate laborum in ex."}', 426, '2018-10-28 07:13:09', '2018-10-28 07:13:09'),
	(1394, 1, '{"title":"doloribus","description":"Tempore pariatur labore nostrum est et in modi."}', 427, '2018-10-28 07:13:09', '2018-10-28 07:13:09'),
	(1395, 2, '{"title":"aut","description":"Libero est iusto aliquam deleniti dicta quae in dolores et voluptates."}', 116, '2018-10-28 07:13:09', '2018-10-28 07:13:09'),
	(1396, 2, '{"title":"odio","description":"Et non eligendi quisquam provident quibusdam maxime omnis quaerat ab dicta accusamus perspiciatis adipisci."}', 211, '2018-10-28 07:13:09', '2018-10-28 07:13:09'),
	(1397, 2, '{"title":"iure","description":"Et mollitia aliquam voluptas dolorem debitis dolorem molestias id quis tenetur beatae."}', 64, '2018-10-28 07:13:09', '2018-10-28 07:13:09'),
	(1398, 1, '{"title":"quam","description":"Commodi pariatur in fuga doloribus eum quidem asperiores."}', 278, '2018-10-28 07:13:09', '2018-10-28 07:13:09'),
	(1399, 3, '{"title":"possimus","description":"Molestiae amet vero ut iusto et reprehenderit corporis ipsa cum ad."}', 108, '2018-10-28 07:13:09', '2018-10-28 07:13:09'),
	(1400, 2, '{"title":"qui","description":"Veritatis excepturi aut cumque quo eaque modi fugiat nisi libero et facilis eveniet."}', 102, '2018-10-28 07:13:09', '2018-10-28 07:13:09'),
	(1401, 1, '{"title":"maxime","description":"Inventore tenetur magni aut id doloribus veniam iste in qui tempora soluta ipsam."}', 316, '2018-10-28 07:13:09', '2018-10-28 07:13:09'),
	(1402, 1, '{"title":"nulla","description":"Quia occaecati et aut praesentium sed repellendus sint."}', 347, '2018-10-28 07:13:09', '2018-10-28 07:13:09'),
	(1403, 2, '{"title":"eveniet","description":"Voluptates quia similique numquam qui repellendus in ad itaque sit aut velit cumque velit."}', 420, '2018-10-28 07:13:09', '2018-10-28 07:13:09'),
	(1404, 3, '{"title":"asperiores","description":"Quis maxime rerum distinctio quo est dignissimos commodi earum asperiores voluptas tenetur facere quaerat."}', 147, '2018-10-28 07:13:09', '2018-10-28 07:13:09'),
	(1405, 2, '{"title":"et","description":"Praesentium similique iste enim omnis mollitia consequatur perspiciatis libero atque ipsam sapiente deleniti."}', 477, '2018-10-28 07:13:09', '2018-10-28 07:13:09'),
	(1406, 2, '{"title":"est","description":"Consequuntur soluta saepe at quis ullam nihil."}', 381, '2018-10-28 07:13:09', '2018-10-28 07:13:09'),
	(1407, 2, '{"title":"sed","description":"Est et eos inventore quaerat maxime libero at aliquam."}', 362, '2018-10-28 07:13:09', '2018-10-28 07:13:09'),
	(1408, 2, '{"title":"doloribus","description":"Et repudiandae aut vero voluptas itaque suscipit voluptas et ducimus et."}', 193, '2018-10-28 07:13:09', '2018-10-28 07:13:09'),
	(1409, 2, '{"title":"inventore","description":"Quisquam tenetur debitis qui nam natus dolorem velit beatae."}', 24, '2018-10-28 07:13:09', '2018-10-28 07:13:09'),
	(1410, 3, '{"title":"perferendis","description":"Consequatur molestias laboriosam commodi ut fugiat quia velit et enim cumque."}', 276, '2018-10-28 07:13:09', '2018-10-28 07:13:09'),
	(1411, 2, '{"title":"officia","description":"Quidem itaque quae sint sit alias nesciunt harum distinctio."}', 276, '2018-10-28 07:13:09', '2018-10-28 07:13:09'),
	(1412, 2, '{"title":"qui","description":"Provident error at porro et voluptatem dolores maiores praesentium repellendus sequi recusandae totam maiores."}', 315, '2018-10-28 07:13:09', '2018-10-28 07:13:09'),
	(1413, 1, '{"title":"dolores","description":"Aut molestias et placeat eos accusantium pariatur quas totam et itaque sed."}', 363, '2018-10-28 07:13:09', '2018-10-28 07:13:09'),
	(1414, 1, '{"title":"consectetur","description":"Eum sit repudiandae possimus deserunt eaque qui amet asperiores doloremque."}', 225, '2018-10-28 07:13:09', '2018-10-28 07:13:09'),
	(1415, 1, '{"title":"blanditiis","description":"Dolor rerum quaerat laborum ipsa sint esse aut voluptatibus."}', 398, '2018-10-28 07:13:09', '2018-10-28 07:13:09'),
	(1416, 3, '{"title":"magnam","description":"Aut veritatis pariatur sint nesciunt reiciendis occaecati."}', 236, '2018-10-28 07:13:09', '2018-10-28 07:13:09'),
	(1417, 1, '{"title":"suscipit","description":"Tempore praesentium cupiditate sapiente inventore soluta molestiae quis rerum sequi."}', 153, '2018-10-28 07:13:09', '2018-10-28 07:13:09'),
	(1418, 1, '{"title":"inventore","description":"Nisi numquam accusamus blanditiis provident dolor doloribus."}', 141, '2018-10-28 07:13:09', '2018-10-28 07:13:09'),
	(1419, 1, '{"title":"vero","description":"Possimus quod mollitia eum quo laboriosam corporis."}', 445, '2018-10-28 07:13:09', '2018-10-28 07:13:09'),
	(1420, 2, '{"title":"praesentium","description":"Corporis accusantium architecto commodi est veniam earum corporis aut cupiditate commodi."}', 455, '2018-10-28 07:13:09', '2018-10-28 07:13:09'),
	(1421, 3, '{"title":"dolore","description":"Recusandae numquam sunt consequatur debitis aut iure dignissimos et ea dignissimos."}', 294, '2018-10-28 07:13:09', '2018-10-28 07:13:09'),
	(1422, 3, '{"title":"quam","description":"Aut pariatur officiis facilis provident neque inventore provident molestias sit et non."}', 401, '2018-10-28 07:13:09', '2018-10-28 07:13:09'),
	(1423, 3, '{"title":"in","description":"Aliquid similique occaecati animi omnis sunt harum voluptatum quo."}', 190, '2018-10-28 07:13:09', '2018-10-28 07:13:09'),
	(1424, 1, '{"title":"culpa","description":"Nulla vel laboriosam iste culpa molestiae dolores."}', 36, '2018-10-28 07:13:09', '2018-10-28 07:13:09'),
	(1425, 2, '{"title":"et","description":"Sit quibusdam doloribus nostrum dolor ut eligendi ab quisquam voluptatem dolorem eos."}', 248, '2018-10-28 07:13:09', '2018-10-28 07:13:09'),
	(1426, 1, '{"title":"ut","description":"Magni voluptas est cum suscipit et earum."}', 240, '2018-10-28 07:13:09', '2018-10-28 07:13:09'),
	(1427, 3, '{"title":"itaque","description":"Facilis modi exercitationem qui inventore unde id nesciunt facilis id et culpa tempora nesciunt."}', 389, '2018-10-28 07:13:09', '2018-10-28 07:13:09'),
	(1428, 1, '{"title":"repellat","description":"Et et animi id et porro et repellendus."}', 465, '2018-10-28 07:13:09', '2018-10-28 07:13:09'),
	(1429, 1, '{"title":"veniam","description":"Nemo quas id rerum molestiae magnam quo cum ut iste."}', 168, '2018-10-28 07:13:09', '2018-10-28 07:13:09'),
	(1430, 1, '{"title":"blanditiis","description":"Quo officia nam exercitationem minus occaecati dicta aperiam dicta suscipit possimus nemo."}', 345, '2018-10-28 07:13:09', '2018-10-28 07:13:09'),
	(1431, 2, '{"title":"a","description":"Numquam qui et mollitia voluptatem dolorem nihil sunt optio eum optio aut unde."}', 255, '2018-10-28 07:13:09', '2018-10-28 07:13:09'),
	(1432, 1, '{"title":"cupiditate","description":"Quia quibusdam quos nemo qui sed consequatur enim ab eveniet praesentium voluptatem."}', 35, '2018-10-28 07:13:09', '2018-10-28 07:13:09'),
	(1433, 1, '{"title":"voluptas","description":"Distinctio quisquam deleniti accusantium nobis saepe recusandae deleniti totam."}', 380, '2018-10-28 07:13:09', '2018-10-28 07:13:09'),
	(1434, 3, '{"title":"sapiente","description":"Quaerat ullam deleniti enim molestiae aperiam voluptas inventore unde iste mollitia quis fuga."}', 76, '2018-10-28 07:13:09', '2018-10-28 07:13:09'),
	(1435, 1, '{"title":"ut","description":"Eaque provident eum corrupti ullam consectetur fugit placeat id hic et natus adipisci nobis."}', 255, '2018-10-28 07:13:09', '2018-10-28 07:13:09'),
	(1436, 3, '{"title":"nemo","description":"Corporis dolore pariatur sunt atque at voluptate aut dolor sequi ut quod."}', 129, '2018-10-28 07:13:09', '2018-10-28 07:13:09'),
	(1437, 3, '{"title":"enim","description":"Ratione qui laudantium ut ut vel tenetur culpa ullam ipsam officiis aut."}', 469, '2018-10-28 07:13:09', '2018-10-28 07:13:09'),
	(1438, 3, '{"title":"reiciendis","description":"Amet qui eum reprehenderit ut dicta saepe perferendis quis corporis doloremque sit."}', 188, '2018-10-28 07:13:09', '2018-10-28 07:13:09'),
	(1439, 2, '{"title":"facilis","description":"Non ipsa molestiae est neque atque ipsam delectus non iure hic veritatis."}', 108, '2018-10-28 07:13:09', '2018-10-28 07:13:09'),
	(1440, 3, '{"title":"ipsa","description":"Ad odit culpa optio alias vel labore corporis non totam inventore delectus hic rerum."}', 289, '2018-10-28 07:13:09', '2018-10-28 07:13:09'),
	(1441, 2, '{"title":"eum","description":"Qui dolor voluptatem repellat quasi laborum nihil et."}', 127, '2018-10-28 07:13:09', '2018-10-28 07:13:09'),
	(1442, 3, '{"title":"alias","description":"Magni ut sit quaerat neque quis non totam dolores dolor delectus eum."}', 456, '2018-10-28 07:13:09', '2018-10-28 07:13:09'),
	(1443, 1, '{"title":"mollitia","description":"Dolore iure deserunt modi ea dignissimos enim distinctio est quod dolor et."}', 442, '2018-10-28 07:13:09', '2018-10-28 07:13:09'),
	(1444, 1, '{"title":"ducimus","description":"Numquam asperiores excepturi velit doloribus sequi qui rem rem temporibus."}', 88, '2018-10-28 07:13:09', '2018-10-28 07:13:09'),
	(1445, 3, '{"title":"temporibus","description":"Consequatur quod sit vitae iure eum molestiae dolorum veritatis adipisci."}', 318, '2018-10-28 07:13:09', '2018-10-28 07:13:09'),
	(1446, 3, '{"title":"eligendi","description":"Placeat dolores unde tempora officia dolor temporibus ipsam maiores possimus architecto temporibus."}', 215, '2018-10-28 07:13:09', '2018-10-28 07:13:09'),
	(1447, 2, '{"title":"iste","description":"Mollitia enim deserunt distinctio dolorem aut provident autem dignissimos."}', 128, '2018-10-28 07:13:09', '2018-10-28 07:13:09'),
	(1448, 2, '{"title":"nihil","description":"Consectetur eos rerum perferendis sed nulla qui rerum quasi dolorum veritatis qui veritatis ea."}', 71, '2018-10-28 07:13:09', '2018-10-28 07:13:09'),
	(1449, 1, '{"title":"quasi","description":"Dolores nulla neque eos deserunt impedit ad aliquid debitis eveniet dolorem quo incidunt facere."}', 444, '2018-10-28 07:13:09', '2018-10-28 07:13:09'),
	(1450, 1, '{"title":"asperiores","description":"Qui et autem officia et repellendus qui."}', 264, '2018-10-28 07:13:09', '2018-10-28 07:13:09'),
	(1451, 1, '{"title":"commodi","description":"Nulla deserunt quia sunt vel illo possimus perferendis sequi sit placeat beatae voluptas et."}', 465, '2018-10-28 07:13:09', '2018-10-28 07:13:09'),
	(1452, 2, '{"title":"rerum","description":"Modi quam ipsam iste vel velit alias corrupti quaerat qui dolor tempore rem."}', 162, '2018-10-28 07:13:09', '2018-10-28 07:13:09'),
	(1453, 2, '{"title":"saepe","description":"Assumenda velit ut ut magni enim incidunt illum similique omnis ea."}', 215, '2018-10-28 07:13:09', '2018-10-28 07:13:09'),
	(1454, 1, '{"title":"ex","description":"Id dolor autem nemo corporis optio animi soluta minus."}', 433, '2018-10-28 07:13:09', '2018-10-28 07:13:09'),
	(1455, 1, '{"title":"harum","description":"Sunt quam est optio dolores veniam magnam consectetur labore."}', 356, '2018-10-28 07:13:09', '2018-10-28 07:13:09'),
	(1456, 1, '{"title":"aut","description":"Reiciendis iste animi asperiores consequatur rerum rerum non."}', 422, '2018-10-28 07:13:09', '2018-10-28 07:13:09'),
	(1457, 2, '{"title":"iure","description":"Architecto vel pariatur asperiores consectetur illo voluptates repellendus et earum voluptates ducimus."}', 268, '2018-10-28 07:13:09', '2018-10-28 07:13:09'),
	(1458, 3, '{"title":"eum","description":"Quibusdam qui aspernatur commodi suscipit ea voluptate architecto praesentium."}', 312, '2018-10-28 07:13:09', '2018-10-28 07:13:09'),
	(1459, 3, '{"title":"eum","description":"Dolor autem non et voluptatem impedit non et sunt ipsam odio placeat."}', 413, '2018-10-28 07:13:09', '2018-10-28 07:13:09'),
	(1460, 3, '{"title":"dolorem","description":"Exercitationem quidem est cumque qui et et numquam enim et mollitia vero ut voluptas."}', 16, '2018-10-28 07:13:09', '2018-10-28 07:13:09'),
	(1461, 2, '{"title":"quibusdam","description":"Rerum sequi incidunt corrupti tempore corrupti dolores aut."}', 229, '2018-10-28 07:13:09', '2018-10-28 07:13:09'),
	(1462, 2, '{"title":"odio","description":"Omnis expedita in et et esse est consequuntur."}', 177, '2018-10-28 07:13:09', '2018-10-28 07:13:09'),
	(1463, 3, '{"title":"quia","description":"Maiores nesciunt minus omnis nostrum voluptatibus laudantium cum molestias."}', 32, '2018-10-28 07:13:09', '2018-10-28 07:13:09'),
	(1464, 3, '{"title":"repellendus","description":"Voluptatum sed rerum consequuntur nisi sint blanditiis."}', 243, '2018-10-28 07:13:09', '2018-10-28 07:13:09'),
	(1465, 1, '{"title":"necessitatibus","description":"Est iure alias eos veritatis doloremque aut tempora eveniet iure cupiditate."}', 466, '2018-10-28 07:13:09', '2018-10-28 07:13:09'),
	(1466, 2, '{"title":"consectetur","description":"Quia quaerat dolorem maiores eum sapiente sed dolorem et reiciendis maiores fuga dolor."}', 379, '2018-10-28 07:13:09', '2018-10-28 07:13:09'),
	(1467, 2, '{"title":"laudantium","description":"Consectetur assumenda corporis provident sapiente est fugiat modi reiciendis quia accusamus ipsum."}', 279, '2018-10-28 07:13:09', '2018-10-28 07:13:09'),
	(1468, 2, '{"title":"et","description":"Placeat quo quasi magni natus sed libero dolores eos est tempore dolorem neque."}', 360, '2018-10-28 07:13:09', '2018-10-28 07:13:09'),
	(1469, 2, '{"title":"est","description":"Autem dolor et cum voluptas qui quo dolores dolor minus provident."}', 328, '2018-10-28 07:13:09', '2018-10-28 07:13:09'),
	(1470, 2, '{"title":"consequuntur","description":"Reprehenderit laborum molestias praesentium deserunt harum quaerat eaque."}', 399, '2018-10-28 07:13:09', '2018-10-28 07:13:09'),
	(1471, 1, '{"title":"dolores","description":"Nisi autem labore aut voluptatem impedit repudiandae ad cupiditate doloremque architecto."}', 206, '2018-10-28 07:13:09', '2018-10-28 07:13:09'),
	(1472, 2, '{"title":"omnis","description":"Sed rem consectetur debitis laboriosam qui suscipit quia quia recusandae maxime."}', 413, '2018-10-28 07:13:09', '2018-10-28 07:13:09'),
	(1473, 2, '{"title":"voluptas","description":"Quae voluptatem aut quos aut voluptatem magni et."}', 398, '2018-10-28 07:13:09', '2018-10-28 07:13:09'),
	(1474, 1, '{"title":"qui","description":"Non et qui hic mollitia vel explicabo sit praesentium explicabo nobis dolores quasi placeat."}', 58, '2018-10-28 07:13:09', '2018-10-28 07:13:09'),
	(1475, 2, '{"title":"repellendus","description":"Velit non et consectetur repellendus est necessitatibus blanditiis quam quis molestias ut nihil accusamus."}', 480, '2018-10-28 07:13:09', '2018-10-28 07:13:09'),
	(1476, 2, '{"title":"ab","description":"Expedita quisquam vel enim debitis tempore voluptatibus delectus."}', 464, '2018-10-28 07:13:09', '2018-10-28 07:13:09'),
	(1477, 2, '{"title":"qui","description":"Cupiditate voluptate sed perferendis aliquam numquam praesentium dolor dolor veniam culpa voluptas illo dicta."}', 135, '2018-10-28 07:13:09', '2018-10-28 07:13:09'),
	(1478, 1, '{"title":"similique","description":"Maiores cum non necessitatibus voluptas blanditiis et alias alias quasi."}', 180, '2018-10-28 07:13:09', '2018-10-28 07:13:09'),
	(1479, 3, '{"title":"voluptatem","description":"Eligendi alias aut facere est quam harum in."}', 1, '2018-10-28 07:13:09', '2018-10-28 07:13:09'),
	(1480, 3, '{"title":"asperiores","description":"Possimus aut quis sint qui officiis et perferendis alias explicabo cum id distinctio dignissimos."}', 224, '2018-10-28 07:13:09', '2018-10-28 07:13:09'),
	(1481, 2, '{"title":"eius","description":"Consequatur pariatur quia quaerat sunt maxime velit nihil quas."}', 410, '2018-10-28 07:13:09', '2018-10-28 07:13:09'),
	(1482, 2, '{"title":"distinctio","description":"Qui optio dolor occaecati qui quis dolores."}', 469, '2018-10-28 07:13:09', '2018-10-28 07:13:09'),
	(1483, 3, '{"title":"sit","description":"Officia modi optio aut ut et occaecati ut totam."}', 32, '2018-10-28 07:13:09', '2018-10-28 07:13:09'),
	(1484, 2, '{"title":"doloribus","description":"Soluta reiciendis aut ea sit dolorum provident qui quas quia aut id."}', 278, '2018-10-28 07:13:09', '2018-10-28 07:13:09'),
	(1485, 3, '{"title":"numquam","description":"Quo explicabo quo iste ea fugiat labore harum."}', 129, '2018-10-28 07:13:09', '2018-10-28 07:13:09'),
	(1486, 1, '{"title":"aut","description":"Quisquam minus autem recusandae unde omnis dolor."}', 240, '2018-10-28 07:13:09', '2018-10-28 07:13:09'),
	(1487, 3, '{"title":"minus","description":"Laudantium cum dolores placeat eius qui labore quisquam temporibus."}', 154, '2018-10-28 07:13:09', '2018-10-28 07:13:09'),
	(1488, 1, '{"title":"est","description":"Autem iste cumque pariatur nobis libero itaque asperiores est vitae."}', 238, '2018-10-28 07:13:09', '2018-10-28 07:13:09'),
	(1489, 2, '{"title":"repellat","description":"Tempora dolorem quaerat sit minus cum possimus."}', 485, '2018-10-28 07:13:09', '2018-10-28 07:13:09'),
	(1490, 1, '{"title":"voluptatibus","description":"Vel aut nemo ut a fuga totam enim omnis inventore et officiis in."}', 375, '2018-10-28 07:13:09', '2018-10-28 07:13:09'),
	(1491, 1, '{"title":"ex","description":"Quasi iusto et rem et natus eos fugiat."}', 239, '2018-10-28 07:13:09', '2018-10-28 07:13:09'),
	(1492, 3, '{"title":"molestiae","description":"Animi et qui aut vel nisi dolore itaque sint."}', 34, '2018-10-28 07:13:09', '2018-10-28 07:13:09'),
	(1493, 2, '{"title":"sed","description":"Consequuntur odit unde et beatae dolores non facilis."}', 127, '2018-10-28 07:13:09', '2018-10-28 07:13:09'),
	(1494, 3, '{"title":"sed","description":"Assumenda ab sequi numquam omnis quos deserunt."}', 311, '2018-10-28 07:13:09', '2018-10-28 07:13:09'),
	(1495, 3, '{"title":"doloremque","description":"Iusto assumenda iusto temporibus rerum consectetur corrupti odit."}', 304, '2018-10-28 07:13:09', '2018-10-28 07:13:09'),
	(1496, 3, '{"title":"id","description":"Assumenda enim optio repellendus deserunt expedita labore consequatur odit et."}', 101, '2018-10-28 07:13:09', '2018-10-28 07:13:09'),
	(1497, 3, '{"title":"consequuntur","description":"Qui vero ut sequi tempore sit distinctio molestias debitis dignissimos."}', 370, '2018-10-28 07:13:09', '2018-10-28 07:13:09'),
	(1498, 1, '{"title":"sit","description":"Placeat alias quibusdam velit numquam neque consectetur illum omnis et qui sint enim quia."}', 355, '2018-10-28 07:13:09', '2018-10-28 07:13:09');
/*!40000 ALTER TABLE `forecasts` ENABLE KEYS */;

-- Volcando estructura para tabla smartsaleapi.sales_products
CREATE TABLE IF NOT EXISTS `sales_products` (
  `sale_id` int(10) unsigned NOT NULL,
  `product_id` int(10) unsigned NOT NULL,
  `units_sales_product` int(11) NOT NULL,
  `created_at` timestamp NULL DEFAULT NULL,
  `updated_at` timestamp NULL DEFAULT NULL,
  PRIMARY KEY (`sale_id`,`product_id`),
  KEY `sales_products_product_id_foreign` (`product_id`),
  CONSTRAINT `sales_products_product_id_foreign` FOREIGN KEY (`product_id`) REFERENCES `products` (`id_product`),
  CONSTRAINT `sales_products_sale_id_foreign` FOREIGN KEY (`sale_id`) REFERENCES `sales` (`id_sale`) ON DELETE CASCADE
) ENGINE=InnoDB DEFAULT CHARSET=utf8;

-- Volcando datos para la tabla smartsaleapi.sales_products: ~139 rows (aproximadamente)
/*!40000 ALTER TABLE `sales_products` DISABLE KEYS */;
INSERT INTO `sales_products` (`sale_id`, `product_id`, `units_sales_product`, `created_at`, `updated_at`) VALUES
	(12, 80, 106, '2018-10-28 07:13:09', '2018-10-28 07:13:09'),
	(14, 78, 140, '2018-10-28 07:13:09', '2018-10-28 07:13:09'),
	(18, 39, 146, '2018-10-28 07:13:09', '2018-10-28 07:13:09'),
	(18, 61, 70, '2018-10-28 07:13:09', '2018-10-28 07:13:09'),
	(20, 18, 108, '2018-10-28 07:13:09', '2018-10-28 07:13:09'),
	(21, 35, 191, '2018-10-28 07:13:09', '2018-10-28 07:13:09'),
	(21, 88, 118, '2018-10-28 07:13:09', '2018-10-28 07:13:09'),
	(29, 91, 157, '2018-10-28 07:13:09', '2018-10-28 07:13:09'),
	(33, 79, 99, '2018-10-28 07:13:09', '2018-10-28 07:13:09'),
	(36, 79, 185, '2018-10-28 07:13:09', '2018-10-28 07:13:09'),
	(39, 6, 131, '2018-10-28 07:13:09', '2018-10-28 07:13:09'),
	(43, 59, 139, '2018-10-28 07:13:09', '2018-10-28 07:13:09'),
	(46, 22, 183, '2018-10-28 07:13:09', '2018-10-28 07:13:09'),
	(48, 47, 198, '2018-10-28 07:13:09', '2018-10-28 07:13:09'),
	(54, 76, 175, '2018-10-28 07:13:09', '2018-10-28 07:13:09'),
	(55, 14, 87, '2018-10-28 07:13:09', '2018-10-28 07:13:09'),
	(79, 54, 139, '2018-10-28 07:13:09', '2018-10-28 07:13:09'),
	(81, 53, 128, '2018-10-28 07:13:09', '2018-10-28 07:13:09'),
	(85, 20, 3, '2018-10-28 07:13:09', '2018-10-28 07:13:09'),
	(91, 31, 195, '2018-10-28 07:13:09', '2018-10-28 07:13:09'),
	(92, 68, 196, '2018-10-28 07:13:09', '2018-10-28 07:13:09'),
	(105, 12, 45, '2018-10-28 07:13:09', '2018-10-28 07:13:09'),
	(115, 46, 126, '2018-10-28 07:13:09', '2018-10-28 07:13:09'),
	(115, 75, 4, '2018-10-28 07:13:09', '2018-10-28 07:13:09'),
	(116, 13, 26, '2018-10-28 07:13:09', '2018-10-28 07:13:09'),
	(142, 21, 89, '2018-10-28 07:13:09', '2018-10-28 07:13:09'),
	(142, 100, 180, '2018-10-28 07:13:09', '2018-10-28 07:13:09'),
	(143, 61, 37, '2018-10-28 07:13:09', '2018-10-28 07:13:09'),
	(143, 95, 164, '2018-10-28 07:13:09', '2018-10-28 07:13:09'),
	(144, 35, 147, '2018-10-28 07:13:09', '2018-10-28 07:13:09'),
	(145, 53, 53, '2018-10-28 07:13:09', '2018-10-28 07:13:09'),
	(147, 17, 20, '2018-10-28 07:13:09', '2018-10-28 07:13:09'),
	(147, 68, 49, '2018-10-28 07:13:09', '2018-10-28 07:13:09'),
	(149, 90, 131, '2018-10-28 07:13:09', '2018-10-28 07:13:09'),
	(153, 19, 120, '2018-10-28 07:13:09', '2018-10-28 07:13:09'),
	(158, 97, 134, '2018-10-28 07:13:09', '2018-10-28 07:13:09'),
	(161, 44, 109, '2018-10-28 07:13:09', '2018-10-28 07:13:09'),
	(165, 3, 112, '2018-10-28 07:13:09', '2018-10-28 07:13:09'),
	(166, 62, 50, '2018-10-28 07:13:09', '2018-10-28 07:13:09'),
	(168, 66, 93, '2018-10-28 07:13:09', '2018-10-28 07:13:09'),
	(170, 37, 178, '2018-10-28 07:13:09', '2018-10-28 07:13:09'),
	(170, 38, 90, '2018-10-28 07:13:09', '2018-10-28 07:13:09'),
	(175, 32, 1, '2018-10-28 07:13:09', '2018-10-28 07:13:09'),
	(183, 9, 55, '2018-10-28 07:13:09', '2018-10-28 07:13:09'),
	(183, 79, 127, '2018-10-28 07:13:09', '2018-10-28 07:13:09'),
	(196, 1, 183, '2018-10-28 07:13:09', '2018-10-28 07:13:09'),
	(202, 97, 69, '2018-10-28 07:13:09', '2018-10-28 07:13:09'),
	(204, 31, 171, '2018-10-28 07:13:09', '2018-10-28 07:13:09'),
	(204, 77, 58, '2018-10-28 07:13:09', '2018-10-28 07:13:09'),
	(210, 55, 196, '2018-10-28 07:13:09', '2018-10-28 07:13:09'),
	(211, 10, 86, '2018-10-28 07:13:09', '2018-10-28 07:13:09'),
	(215, 69, 187, '2018-10-28 07:13:09', '2018-10-28 07:13:09'),
	(217, 70, 147, '2018-10-28 07:13:09', '2018-10-28 07:13:09'),
	(219, 42, 99, '2018-10-28 07:13:09', '2018-10-28 07:13:09'),
	(219, 87, 91, '2018-10-28 07:13:09', '2018-10-28 07:13:09'),
	(220, 25, 193, '2018-10-28 07:13:09', '2018-10-28 07:13:09'),
	(226, 85, 41, '2018-10-28 07:13:09', '2018-10-28 07:13:09'),
	(231, 24, 45, '2018-10-28 07:13:09', '2018-10-28 07:13:09'),
	(236, 29, 62, '2018-10-28 07:13:09', '2018-10-28 07:13:09'),
	(237, 59, 33, '2018-10-28 07:13:09', '2018-10-28 07:13:09'),
	(239, 89, 167, '2018-10-28 07:13:09', '2018-10-28 07:13:09'),
	(247, 51, 66, '2018-10-28 07:13:09', '2018-10-28 07:13:09'),
	(248, 99, 196, '2018-10-28 07:13:09', '2018-10-28 07:13:09'),
	(250, 66, 76, '2018-10-28 07:13:09', '2018-10-28 07:13:09'),
	(252, 55, 38, '2018-10-28 07:13:09', '2018-10-28 07:13:09'),
	(253, 32, 93, '2018-10-28 07:13:09', '2018-10-28 07:13:09'),
	(264, 7, 85, '2018-10-28 07:13:09', '2018-10-28 07:13:09'),
	(267, 20, 6, '2018-10-28 07:13:09', '2018-10-28 07:13:09'),
	(269, 28, 25, '2018-10-28 07:13:09', '2018-10-28 07:13:09'),
	(279, 82, 85, '2018-10-28 07:13:09', '2018-10-28 07:13:09'),
	(280, 84, 53, '2018-10-28 07:13:09', '2018-10-28 07:13:09'),
	(283, 28, 34, '2018-10-28 07:13:09', '2018-10-28 07:13:09'),
	(291, 9, 81, '2018-10-28 07:13:09', '2018-10-28 07:13:09'),
	(293, 38, 175, '2018-10-28 07:13:09', '2018-10-28 07:13:09'),
	(296, 53, 180, '2018-10-28 07:13:09', '2018-10-28 07:13:09'),
	(298, 31, 24, '2018-10-28 07:13:09', '2018-10-28 07:13:09'),
	(302, 97, 62, '2018-10-28 07:13:09', '2018-10-28 07:13:09'),
	(304, 87, 54, '2018-10-28 07:13:09', '2018-10-28 07:13:09'),
	(305, 21, 156, '2018-10-28 07:13:09', '2018-10-28 07:13:09'),
	(306, 21, 21, '2018-10-28 07:13:09', '2018-10-28 07:13:09'),
	(307, 74, 90, '2018-10-28 07:13:09', '2018-10-28 07:13:09'),
	(307, 97, 79, '2018-10-28 07:13:09', '2018-10-28 07:13:09'),
	(312, 68, 103, '2018-10-28 07:13:09', '2018-10-28 07:13:09'),
	(312, 82, 44, '2018-10-28 07:13:09', '2018-10-28 07:13:09'),
	(320, 30, 102, '2018-10-28 07:13:09', '2018-10-28 07:13:09'),
	(322, 3, 146, '2018-10-28 07:13:09', '2018-10-28 07:13:09'),
	(324, 98, 145, '2018-10-28 07:13:09', '2018-10-28 07:13:09'),
	(325, 61, 23, '2018-10-28 07:13:09', '2018-10-28 07:13:09'),
	(326, 90, 125, '2018-10-28 07:13:09', '2018-10-28 07:13:09'),
	(336, 99, 186, '2018-10-28 07:13:09', '2018-10-28 07:13:09'),
	(341, 83, 84, '2018-10-28 07:13:09', '2018-10-28 07:13:09'),
	(344, 98, 111, '2018-10-28 07:13:09', '2018-10-28 07:13:09'),
	(349, 82, 128, '2018-10-28 07:13:09', '2018-10-28 07:13:09'),
	(352, 21, 42, '2018-10-28 07:13:09', '2018-10-28 07:13:09'),
	(353, 22, 150, '2018-10-28 07:13:09', '2018-10-28 07:13:09'),
	(353, 88, 52, '2018-10-28 07:13:09', '2018-10-28 07:13:09'),
	(354, 67, 67, '2018-10-28 07:13:09', '2018-10-28 07:13:09'),
	(355, 3, 101, '2018-10-28 07:13:09', '2018-10-28 07:13:09'),
	(366, 42, 188, '2018-10-28 07:13:09', '2018-10-28 07:13:09'),
	(373, 72, 195, '2018-10-28 07:13:09', '2018-10-28 07:13:09'),
	(373, 89, 171, '2018-10-28 07:13:09', '2018-10-28 07:13:09'),
	(377, 45, 11, '2018-10-28 07:13:09', '2018-10-28 07:13:09'),
	(380, 52, 57, '2018-10-28 07:13:09', '2018-10-28 07:13:09'),
	(385, 13, 153, '2018-10-28 07:13:09', '2018-10-28 07:13:09'),
	(390, 19, 19, '2018-10-28 07:13:09', '2018-10-28 07:13:09'),
	(391, 71, 57, '2018-10-28 07:13:09', '2018-10-28 07:13:09'),
	(394, 88, 85, '2018-10-28 07:13:09', '2018-10-28 07:13:09'),
	(399, 14, 174, '2018-10-28 07:13:09', '2018-10-28 07:13:09'),
	(402, 10, 127, '2018-10-28 07:13:09', '2018-10-28 07:13:09'),
	(402, 55, 186, '2018-10-28 07:13:09', '2018-10-28 07:13:09'),
	(410, 57, 119, '2018-10-28 07:13:09', '2018-10-28 07:13:09'),
	(411, 82, 50, '2018-10-28 07:13:09', '2018-10-28 07:13:09'),
	(412, 90, 63, '2018-10-28 07:13:09', '2018-10-28 07:13:09'),
	(414, 20, 79, '2018-10-28 07:13:09', '2018-10-28 07:13:09'),
	(414, 38, 122, '2018-10-28 07:13:09', '2018-10-28 07:13:09'),
	(415, 61, 196, '2018-10-28 07:13:09', '2018-10-28 07:13:09'),
	(423, 23, 173, '2018-10-28 07:13:09', '2018-10-28 07:13:09'),
	(423, 31, 18, '2018-10-28 07:13:09', '2018-10-28 07:13:09'),
	(426, 48, 189, '2018-10-28 07:13:09', '2018-10-28 07:13:09'),
	(430, 38, 96, '2018-10-28 07:13:09', '2018-10-28 07:13:09'),
	(431, 10, 24, '2018-10-28 07:13:09', '2018-10-28 07:13:09'),
	(435, 11, 66, '2018-10-28 07:13:09', '2018-10-28 07:13:09'),
	(441, 29, 80, '2018-10-28 07:13:09', '2018-10-28 07:13:09'),
	(441, 67, 195, '2018-10-28 07:13:09', '2018-10-28 07:13:09'),
	(443, 83, 191, '2018-10-28 07:13:09', '2018-10-28 07:13:09'),
	(443, 98, 14, '2018-10-28 07:13:09', '2018-10-28 07:13:09'),
	(460, 41, 195, '2018-10-28 07:13:09', '2018-10-28 07:13:09'),
	(462, 71, 128, '2018-10-28 07:13:09', '2018-10-28 07:13:09'),
	(464, 92, 43, '2018-10-28 07:13:09', '2018-10-28 07:13:09'),
	(465, 32, 133, '2018-10-28 07:13:09', '2018-10-28 07:13:09'),
	(467, 62, 142, '2018-10-28 07:13:09', '2018-10-28 07:13:09'),
	(469, 86, 139, '2018-10-28 07:13:09', '2018-10-28 07:13:09'),
	(481, 39, 74, '2018-10-28 07:13:09', '2018-10-28 07:13:09'),
	(481, 92, 63, '2018-10-28 07:13:09', '2018-10-28 07:13:09'),
	(482, 42, 80, '2018-10-28 07:13:09', '2018-10-28 07:13:09'),
	(483, 7, 183, '2018-10-28 07:13:09', '2018-10-28 07:13:09'),
	(485, 54, 184, '2018-10-28 07:13:09', '2018-10-28 07:13:09'),
	(485, 65, 54, '2018-10-28 07:13:09', '2018-10-28 07:13:09'),
	(486, 84, 73, '2018-10-28 07:13:09', '2018-10-28 07:13:09');
/*!40000 ALTER TABLE `sales_products` ENABLE KEYS */;

/*!40101 SET SQL_MODE=IFNULL(@OLD_SQL_MODE, '') */;
/*!40014 SET FOREIGN_KEY_CHECKS=IF(@OLD_FOREIGN_KEY_CHECKS IS NULL, 1, @OLD_FOREIGN_KEY_CHECKS) */;
/*!40101 SET CHARACTER_SET_CLIENT=@OLD_CHARACTER_SET_CLIENT */;
